{
"type": "FeatureCollection",
"name": "malta_localities_v2",
"crs": { "type": "name", "properties": { "name": "urn:ogc:def:crs:OGC:1.3:CRS84" } },
"features": [
{ "type": "Feature", "properties": { "LocalityId": 1, "LAU_Name": "Valletta", "LAU_Latin": "Citta' Umilissima", "Region": "Port (Port)", "Area_Km2": 0.851258, "Population": 5157.0, "NUTS3": "MT001", "LAU": "MT01101", "GREAT_CID": "MT001C", "GREAT_CIN": "Valletta (greater city)", "FUA_ID": "MT001L", "FUA_Name": "Malta", "Shape__Are": 1300010.3374000001, "Shape__Len": 6893.85257473 }, "geometry": { "type": "Polygon", "coordinates": [ [ [ 14.511252547856671, 35.892965874657804 ], [ 14.51072163184568, 35.893425013799046 ], [ 14.510378989243492, 35.893805727977643 ], [ 14.51075018479699, 35.893929458672687 ], [ 14.511102345947922, 35.894138852109812 ], [ 14.510921506996397, 35.894462459125826 ], [ 14.510236221792024, 35.894424386796238 ], [ 14.50963659723817, 35.894167405915866 ], [ 14.508913241432039, 35.893938977362083 ], [ 14.508561080281106, 35.894129334172135 ], [ 14.508375482953523, 35.894424386796238 ], [ 14.508299507040045, 35.895204468195395 ], [ 14.507824615360031, 35.895628560803758 ], [ 14.506947806642158, 35.895966277847627 ], [ 14.506105477959773, 35.896366028244906 ], [ 14.505658920940476, 35.897600970224978 ], [ 14.505320880407485, 35.898773039980455 ], [ 14.505633554313469, 35.899140711688581 ], [ 14.505738802728803, 35.89918906969384 ], [ 14.506716761747686, 35.899460328775731 ], [ 14.507352078164413, 35.899724449161091 ], [ 14.507800879175294, 35.899974205856296 ], [ 14.508144438059087, 35.900288380971396 ], [ 14.50822295979804, 35.900402595265739 ], [ 14.508351451223039, 35.90050967097153 ], [ 14.508458526811634, 35.900559639196544 ], [ 14.508672678887152, 35.900595331286311 ], [ 14.508844000188263, 35.900566778343453 ], [ 14.509429346918983, 35.900316934742364 ], [ 14.509707743808688, 35.900216997226615 ], [ 14.50997842596672, 35.900301585272558 ], [ 14.510011856770001, 35.900467557896619 ], [ 14.510080973147979, 35.900692784798906 ], [ 14.510193153862346, 35.900859452250273 ], [ 14.510699978854078, 35.901202094349628 ], [ 14.510749947641756, 35.90116640180581 ], [ 14.511117567900405, 35.901124810814402 ], [ 14.511255283226733, 35.901232269748341 ], [ 14.51133142532851, 35.901312220782948 ], [ 14.511842121160798, 35.901887379191912 ], [ 14.512006304448638, 35.9019730387433 ], [ 14.512213316714297, 35.90218719085442 ], [ 14.512482998149128, 35.902363099966145 ], [ 14.512969984746093, 35.90252269478475 ], [ 14.513262658560635, 35.902565524955833 ], [ 14.51356247128671, 35.902629771260536 ], [ 14.513869422026019, 35.902636908765452 ], [ 14.514112126154517, 35.902608355103787 ], [ 14.514147818017396, 35.902536971996128 ], [ 14.514269171429122, 35.902365651110749 ], [ 14.514337639223461, 35.902155682759485 ], [ 14.514495120180959, 35.901981990350251 ], [ 14.515247160092441, 35.901578969839335 ], [ 14.515554080289018, 35.901616119695902 ], [ 14.515819533353815, 35.901695216800839 ], [ 14.516338048122341, 35.901996680966896 ], [ 14.516605080425364, 35.902235969764291 ], [ 14.51704046869075, 35.903285515283187 ], [ 14.517127871174644, 35.903356530256545 ], [ 14.517403180554691, 35.903426338009297 ], [ 14.517474304667314, 35.903543483076 ], [ 14.51775270155702, 35.903607729314473 ], [ 14.518131036022083, 35.903607729314473 ], [ 14.518901981877011, 35.903572037127937 ], [ 14.519237484669336, 35.903572037127937 ], [ 14.519706119583397, 35.903459970310017 ], [ 14.519786202594339, 35.903412298169471 ], [ 14.520086953161549, 35.903350747685913 ], [ 14.520272551387464, 35.903286501966527 ], [ 14.520358212038021, 35.903236533280122 ], [ 14.520500978591159, 35.903115179793041 ], [ 14.520650789732805, 35.902901730916163 ], [ 14.524087277784197, 35.903202841945365 ], [ 14.52521454398982, 35.902916552338354 ], [ 14.52554028838321, 35.902709696143418 ], [ 14.525577032173286, 35.902661469810567 ], [ 14.525564418928372, 35.902591023962664 ], [ 14.525487319222492, 35.902564808221378 ], [ 14.525380834725354, 35.902574315685364 ], [ 14.525307201618137, 35.902630415957226 ], [ 14.525305111238456, 35.902686877102795 ], [ 14.525283696300416, 35.902722569688535 ], [ 14.525126651025813, 35.902786815138107 ], [ 14.524098724117549, 35.903043797142509 ], [ 14.521371862021446, 35.902822506951168 ], [ 14.521357585096643, 35.902865336960005 ], [ 14.520636608927724, 35.902793954084125 ], [ 14.520593778153282, 35.90271543073608 ], [ 14.520522395325861, 35.902658324186824 ], [ 14.520493350996103, 35.902550947230445 ], [ 14.520393903900894, 35.902401341658425 ], [ 14.520207444190632, 35.902279732212598 ], [ 14.519870999065587, 35.902266029799826 ], [ 14.519763123078043, 35.902208439765054 ], [ 14.519751448572601, 35.902144361206155 ], [ 14.519901505852618, 35.902141481155283 ], [ 14.519972738661389, 35.90213008392395 ], [ 14.520015569435833, 35.902108669087319 ], [ 14.520015569435833, 35.902072976952333 ], [ 14.519942501368922, 35.902043750007309 ], [ 14.519929686901394, 35.901851521051626 ], [ 14.519833919305595, 35.901802979120689 ], [ 14.519682139056878, 35.901630130020443 ], [ 14.519465691785776, 35.901506498680774 ], [ 14.519509294213059, 35.901458307270076 ], [ 14.519644373882336, 35.901444799000217 ], [ 14.51964415110012, 35.901411320834704 ], [ 14.519442690422929, 35.901357441245636 ], [ 14.519363527286846, 35.901267287720614 ], [ 14.519364565739323, 35.901131733794578 ], [ 14.519394308958352, 35.901030606850476 ], [ 14.519323610647188, 35.900952265124275 ], [ 14.519203950559787, 35.900971118897083 ], [ 14.519233693778819, 35.900905685152921 ], [ 14.519346652434237, 35.900798879946777 ], [ 14.51949543500484, 35.900745071252011 ], [ 14.519485867048752, 35.900673853827129 ], [ 14.519408806868745, 35.900673853827129 ], [ 14.519351700067826, 35.900652439324112 ], [ 14.519308869293384, 35.900609608117691 ], [ 14.519263436997882, 35.900519022961404 ], [ 14.519394308958352, 35.900358409003537 ], [ 14.519311142031043, 35.9001143941232 ], [ 14.519253336340819, 35.900058577315399 ], [ 14.519173239855151, 35.900067091080253 ], [ 14.519087580102926, 35.899974291721762 ], [ 14.518962602887338, 35.899588643727348 ], [ 14.518866261268061, 35.899558085671643 ], [ 14.518697040228098, 35.899325009706075 ], [ 14.518470353061081, 35.898617551207245 ], [ 14.518509692084006, 35.898583456223669 ], [ 14.518687829801493, 35.898568030738382 ], [ 14.518684145810496, 35.898481396767764 ], [ 14.518475999870969, 35.898116041145528 ], [ 14.518483870011174, 35.897962154913806 ], [ 14.518409432911787, 35.897882746264465 ], [ 14.518409432911787, 35.897782807858434 ], [ 14.518437986761393, 35.897675732829974 ], [ 14.518528409381263, 35.897667753663164 ], [ 14.51856816073092, 35.897578020181783 ], [ 14.518518329385465, 35.8973601043215 ], [ 14.5184522627879, 35.897318814052127 ], [ 14.518445124774663, 35.89716470796089 ], [ 14.518116520145419, 35.897062250079351 ], [ 14.517959714721007, 35.897068969658967 ], [ 14.517802671243031, 35.897054692916669 ], [ 14.517777609144908, 35.896996215661744 ], [ 14.517593924330546, 35.896947618358681 ], [ 14.517253014578559, 35.896947618358681 ], [ 14.517167354826332, 35.896890511286394 ], [ 14.517159083139195, 35.896832608067015 ], [ 14.515391084574009, 35.896418524224607 ], [ 14.515133181849185, 35.896322264710037 ], [ 14.514734622713801, 35.896143804654116 ], [ 14.51437770318681, 35.895944525141218 ], [ 14.51391788972885, 35.895221196949059 ], [ 14.513913214896119, 35.89498026777013 ], [ 14.513720953865736, 35.894593842979916 ], [ 14.513561054643485, 35.894561483337583 ], [ 14.513536307854046, 35.894473919317697 ], [ 14.513130210955119, 35.893978591253273 ], [ 14.513023610575322, 35.894016663069507 ], [ 14.512889222608809, 35.893915136244956 ], [ 14.512910033879001, 35.89388952310069 ], [ 14.512847215589471, 35.893824801771544 ], [ 14.512776784077943, 35.893862872933987 ], [ 14.512493151806789, 35.893613505213636 ], [ 14.512441755596122, 35.89364396295408 ], [ 14.511252547856671, 35.892965874657804 ] ] ] } },
{ "type": "Feature", "properties": { "LocalityId": 3, "LAU_Name": "Il-Birgu", "LAU_Latin": "Citta' Vittoriosa", "Region": "Port (Port)", "Area_Km2": 0.528782, "Population": 2261.0, "NUTS3": "MT001", "LAU": "MT01103", "GREAT_CID": "MT001C", "GREAT_CIN": "Valletta (greater city)", "FUA_ID": "MT001L", "FUA_Name": "Malta", "Shape__Are": 807282.26806599996, "Shape__Len": 6168.6792582600001 }, "geometry": { "type": "Polygon", "coordinates": [ [ [ 14.525742202709635, 35.88806926117033 ], [ 14.525537569182859, 35.887936012096219 ], [ 14.52514733832847, 35.887764690176986 ], [ 14.525071195328362, 35.887717101740442 ], [ 14.525290104881641, 35.887541021802122 ], [ 14.52548046238191, 35.887312593780649 ], [ 14.525756479634438, 35.887098442184985 ], [ 14.525991045924799, 35.886943166286684 ], [ 14.525870694134602, 35.886265631226443 ], [ 14.526370381113095, 35.886175210878676 ], [ 14.526484594714926, 35.88617996996183 ], [ 14.526536943139817, 35.886203764645543 ], [ 14.526622603790338, 35.886160935083055 ], [ 14.527155602994499, 35.886095895937686 ], [ 14.527174638295394, 35.886248180787099 ], [ 14.527374513446109, 35.886505163353796 ], [ 14.527612459198549, 35.886590824266648 ], [ 14.528440511854427, 35.886733592248781 ], [ 14.528678457606867, 35.886857323806581 ], [ 14.528764118257422, 35.886533717001683 ], [ 14.528897368058447, 35.885781807146955 ], [ 14.52848065486952, 35.885533783705675 ], [ 14.529606447838072, 35.884454067769788 ], [ 14.52999905922797, 35.884711050335959 ], [ 14.531156481877687, 35.884332216046964 ], [ 14.531088852211505, 35.88427679787295 ], [ 14.530489227657688, 35.88345588410774 ], [ 14.530039510365201, 35.883463021885767 ], [ 14.530096618064448, 35.882042483666254 ], [ 14.530624857095923, 35.882021069218318 ], [ 14.531217343636504, 35.881250124130361 ], [ 14.530831870259872, 35.881043110877535 ], [ 14.530232245706021, 35.880786128783278 ], [ 14.529746835652363, 35.881014556705736 ], [ 14.52949699171397, 35.880621946171033 ], [ 14.529232871749098, 35.880165088858583 ], [ 14.529147211996843, 35.880186505263943 ], [ 14.528975889797435, 35.880293579925592 ], [ 14.528761738620243, 35.880457763218473 ], [ 14.528647625629688, 35.880637795122738 ], [ 14.528469064805702, 35.880771852016281 ], [ 14.52783350494556, 35.881064136191803 ], [ 14.527588069938586, 35.881218165172413 ], [ 14.526178164998463, 35.881911798090265 ], [ 14.525896868347029, 35.882013931310397 ], [ 14.525432873231443, 35.882220944209337 ], [ 14.525311520718013, 35.882342296246442 ], [ 14.525368628417258, 35.882863398252724 ], [ 14.525465343735696, 35.883315336636798 ], [ 14.525554225744841, 35.883512990680863 ], [ 14.525525671895235, 35.88361292817644 ], [ 14.524640513336772, 35.883855632893855 ], [ 14.524433499274489, 35.883998400712258 ], [ 14.5243205828399, 35.884349658174706 ], [ 14.523733938043609, 35.885204787890892 ], [ 14.523634001366547, 35.885304724707254 ], [ 14.523381381633952, 35.885175308718551 ], [ 14.523112898551718, 35.885211926239123 ], [ 14.522791670887569, 35.88511912693442 ], [ 14.522341952696786, 35.885083435145127 ], [ 14.521613837616298, 35.885104850220642 ], [ 14.521230419585031, 35.885185196003881 ], [ 14.521250510406347, 35.885256850219356 ], [ 14.521146727143281, 35.885438470206296 ], [ 14.521346873585189, 35.885503578305389 ], [ 14.521343900161629, 35.885569013135594 ], [ 14.520915299566514, 35.886842470993535 ], [ 14.520846890162684, 35.88683949722828 ], [ 14.520778480758855, 35.886964417833752 ], [ 14.520296255232875, 35.888225636720989 ], [ 14.519545452301562, 35.889732030121792 ], [ 14.519251773272233, 35.890465332935136 ], [ 14.5188979205936, 35.89084601986368 ], [ 14.518766424304012, 35.890828049359669 ], [ 14.518734029258251, 35.890775126845732 ], [ 14.517596160237288, 35.891472960330724 ], [ 14.517191880630222, 35.8918910100655 ], [ 14.516666589869489, 35.892361174197802 ], [ 14.516732307022417, 35.892568646179875 ], [ 14.516827486221716, 35.892702490026664 ], [ 14.516904797930014, 35.892744030863028 ], [ 14.516989919591412, 35.892861030181827 ], [ 14.517698990387865, 35.893101345778987 ], [ 14.517900935256993, 35.893059319729772 ], [ 14.51812729274231, 35.892958579089509 ], [ 14.518394759829931, 35.892989603261519 ], [ 14.518952999896936, 35.892771029993433 ], [ 14.519155221447168, 35.892482686809963 ], [ 14.519202809699374, 35.892349437157691 ], [ 14.519079079345394, 35.892149562258851 ], [ 14.519269435049035, 35.891921133704919 ], [ 14.519511108809928, 35.891820701637087 ], [ 14.519944079708891, 35.89115903987409 ], [ 14.520108959191081, 35.890980029639849 ], [ 14.520286699853182, 35.890900178788435 ], [ 14.520531092814457, 35.890719542157335 ], [ 14.521264920281819, 35.890023960285291 ], [ 14.521929479555995, 35.889827186350232 ], [ 14.52248646557485, 35.889389387134422 ], [ 14.522729281094458, 35.889331735331801 ], [ 14.522876868007453, 35.889235400245475 ], [ 14.523459258382561, 35.889111675314552 ], [ 14.524450013902664, 35.8890074166872 ], [ 14.524696484667155, 35.888952073106751 ], [ 14.525152826136573, 35.888873630638223 ], [ 14.525476431641236, 35.888492916760022 ], [ 14.525914360342243, 35.888207127064227 ], [ 14.52602846704459, 35.888254970657314 ], [ 14.52606653944297, 35.888197863136938 ], [ 14.525742202709635, 35.88806926117033 ] ] ] } },
{ "type": "Feature", "properties": { "LocalityId": 4, "LAU_Name": "L-Isla", "LAU_Latin": "Citta' Invicta", "Region": "Port (Port)", "Area_Km2": 0.16216, "Population": 2304.0, "NUTS3": "MT001", "LAU": "MT01104", "GREAT_CID": "MT001C", "GREAT_CIN": "Valletta (greater city)", "FUA_ID": "MT001L", "FUA_Name": "Malta", "Shape__Are": 247576.91308599999, "Shape__Len": 2626.3814034000002 }, "geometry": { "type": "Polygon", "coordinates": [ [ [ 14.51990254071184, 35.884312490025764 ], [ 14.519436632184668, 35.884312490025764 ], [ 14.519413510447578, 35.883910461100044 ], [ 14.519185408433998, 35.883972360768738 ], [ 14.519127301808147, 35.884241105704035 ], [ 14.518841766905204, 35.884288694773787 ], [ 14.518270696200991, 35.884455257748442 ], [ 14.517711521886074, 35.88512150687167 ], [ 14.517354603257415, 35.885918626076844 ], [ 14.516236256424206, 35.887465275845969 ], [ 14.515760364020997, 35.887917372826152 ], [ 14.515094115015781, 35.888405163355735 ], [ 14.514927552989059, 35.888631211304912 ], [ 14.514677709050662, 35.889011925245988 ], [ 14.514320790422003, 35.889404537127753 ], [ 14.514170195949456, 35.889393496853323 ], [ 14.51401694785355, 35.889644575747845 ], [ 14.513950323402186, 35.889920593644042 ], [ 14.513883698052526, 35.890110949926985 ], [ 14.513703302868736, 35.890352843652856 ], [ 14.513632919866216, 35.89074098991329 ], [ 14.514000714398067, 35.891062709194259 ], [ 14.514232394401386, 35.891032069249718 ], [ 14.515195145840838, 35.890466885975869 ], [ 14.515259622420375, 35.890418941832742 ], [ 14.516301229772104, 35.890158539835923 ], [ 14.516670296318377, 35.889916537079351 ], [ 14.516942319661112, 35.889773646021105 ], [ 14.517176871578449, 35.889473255341919 ], [ 14.517633728680801, 35.888949773339803 ], [ 14.517528200889437, 35.888851280662934 ], [ 14.51772579970921, 35.888286188806362 ], [ 14.518453913891399, 35.887672289051572 ], [ 14.51899044976283, 35.887167136200034 ], [ 14.519430000821231, 35.88659100112104 ], [ 14.519655591145291, 35.886445142654225 ], [ 14.519908493847206, 35.886170563148568 ], [ 14.52007029659957, 35.886037313062971 ], [ 14.520213064949337, 35.885418652756968 ], [ 14.520083494647723, 35.885051838727755 ], [ 14.519904702058389, 35.884405432199834 ], [ 14.51990254071184, 35.884312490025764 ] ] ] } },
{ "type": "Feature", "properties": { "LocalityId": 5, "LAU_Name": "Bormla", "LAU_Latin": "Citta' Cospicua", "Region": "Port (Port)", "Area_Km2": 0.961773, "Population": 4654.0, "NUTS3": "MT001", "LAU": "MT01105", "GREAT_CID": "MT001C", "GREAT_CIN": "Valletta (greater city)", "FUA_ID": "MT001L", "FUA_Name": "Malta", "Shape__Are": 1468129.39062, "Shape__Len": 11583.225053 }, "geometry": { "type": "Polygon", "coordinates": [ [ [ 14.51990254071184, 35.884312490025764 ], [ 14.519939245874342, 35.882901912839266 ], [ 14.520053460374502, 35.882866220778581 ], [ 14.519974937737217, 35.881406422165909 ], [ 14.520162676648447, 35.881421158815691 ], [ 14.520237630279098, 35.881593902832464 ], [ 14.520291168073411, 35.882839550889386 ], [ 14.520446264003848, 35.882914785966477 ], [ 14.520580271982986, 35.883587198159042 ], [ 14.520656414983096, 35.884072607735611 ], [ 14.520784906408094, 35.884653195706264 ], [ 14.520933226346324, 35.88459714019146 ], [ 14.52118068974921, 35.885201522940619 ], [ 14.521230419585031, 35.885185196003881 ], [ 14.521613837616298, 35.885104850220642 ], [ 14.522341952696786, 35.885083435145127 ], [ 14.522791670887569, 35.88511912693442 ], [ 14.523112898551718, 35.885211926239123 ], [ 14.523381381633952, 35.885175308718551 ], [ 14.523634001366547, 35.885304724707254 ], [ 14.523733938043609, 35.885204787890892 ], [ 14.5243205828399, 35.884349658174706 ], [ 14.524433499274489, 35.883998400712258 ], [ 14.524640513336772, 35.883855632893855 ], [ 14.525525671895235, 35.88361292817644 ], [ 14.525554225744841, 35.883512990680863 ], [ 14.525465343735696, 35.883315336636798 ], [ 14.525368628417258, 35.882863398252724 ], [ 14.525311520718013, 35.882342296246442 ], [ 14.525432873231443, 35.882220944209337 ], [ 14.525896868347029, 35.882013931310397 ], [ 14.526178164998463, 35.881911798090265 ], [ 14.527588069938586, 35.881218165172413 ], [ 14.52783350494556, 35.881064136191803 ], [ 14.528469064805702, 35.880771852016281 ], [ 14.528647625629688, 35.880637795122738 ], [ 14.528761738620243, 35.880457763218473 ], [ 14.528975889797435, 35.880293579925592 ], [ 14.529147211996843, 35.880186505263943 ], [ 14.529232871749098, 35.880165088858583 ], [ 14.528995324848603, 35.87976865285502 ], [ 14.529461698703104, 35.879549743214369 ], [ 14.529601315762854, 35.878598614932621 ], [ 14.528919181848497, 35.878569404796743 ], [ 14.528462325644446, 35.878512298298659 ], [ 14.528167272192761, 35.878807350885943 ], [ 14.527386808687382, 35.878255316000093 ], [ 14.526891880983278, 35.877941226685898 ], [ 14.527253558886359, 35.877636656047571 ], [ 14.526968374326351, 35.876789824772949 ], [ 14.525873471725459, 35.87696088874214 ], [ 14.525740221924437, 35.877351119783206 ], [ 14.524179295812012, 35.876894264714522 ], [ 14.524322063263485, 35.876494514277198 ], [ 14.523722438709664, 35.875742603739198 ], [ 14.523046672054035, 35.876085248267174 ], [ 14.522770094252785, 35.876283263917912 ], [ 14.522742100951898, 35.876637282990039 ], [ 14.52158092424258, 35.876570657962425 ], [ 14.521162137741953, 35.876570657962425 ], [ 14.521143104237721, 35.876170908075792 ], [ 14.520105657882414, 35.87565694419537 ], [ 14.519525070426083, 35.87658017582693 ], [ 14.519810604430694, 35.876922818188035 ], [ 14.518593461780904, 35.877697540862691 ], [ 14.518259196867049, 35.877417746338061 ], [ 14.517792822114252, 35.877474852897386 ], [ 14.516926699754947, 35.877531960143372 ], [ 14.517088501608983, 35.87795074511363 ], [ 14.515582296372118, 35.87766434380648 ], [ 14.514528992955379, 35.877504752738758 ], [ 14.515409394036116, 35.878361358966657 ], [ 14.515575268851657, 35.878589437953543 ], [ 14.514976246169059, 35.878923749926614 ], [ 14.514445711942036, 35.878908635049406 ], [ 14.513981716826418, 35.878861045658411 ], [ 14.513684283737518, 35.878896738068249 ], [ 14.513624798197723, 35.879158477790995 ], [ 14.513612900011802, 35.879515396913895 ], [ 14.513636694587051, 35.880300619728352 ], [ 14.513743771073978, 35.880895485166874 ], [ 14.513946024963539, 35.880943074063389 ], [ 14.514207766189562, 35.880907381847834 ], [ 14.514386224605612, 35.881835372042474 ], [ 14.514457609229661, 35.882775258682351 ], [ 14.513946024963539, 35.883667557127175 ], [ 14.512446964926456, 35.885892353140122 ], [ 14.512494960115443, 35.886068010253084 ], [ 14.512394608416725, 35.886156141064376 ], [ 14.512475057042021, 35.886161044980874 ], [ 14.51258804624014, 35.886120021795811 ], [ 14.513740930601022, 35.884533494255216 ], [ 14.514502357907208, 35.88328665591451 ], [ 14.514749822208426, 35.883381835172514 ], [ 14.514730786009233, 35.883448460293906 ], [ 14.51502584035925, 35.883572191889648 ], [ 14.513054383263693, 35.886380587727885 ], [ 14.513206918995566, 35.886465817919522 ], [ 14.51321744904731, 35.886513206236152 ], [ 14.513293592047416, 35.886551277275323 ], [ 14.513401073674535, 35.886515449305733 ], [ 14.513512501600699, 35.886351402295887 ], [ 14.514321518955681, 35.886751151750289 ], [ 14.514768858407619, 35.885989724316104 ], [ 14.51398839490224, 35.885580455691802 ], [ 14.515073428611421, 35.884029047745337 ], [ 14.515676014012438, 35.88303745067126 ], [ 14.515760879653962, 35.882723969863157 ], [ 14.51579796031225, 35.882200979659778 ], [ 14.51559922692028, 35.881194152092718 ], [ 14.515596910165163, 35.880992855935865 ], [ 14.515730159966187, 35.880945266341392 ], [ 14.515720642315742, 35.880850087794549 ], [ 14.515872927417657, 35.880831053090446 ], [ 14.515958588068212, 35.880888158644723 ], [ 14.51606328401963, 35.881030926717422 ], [ 14.516140458285705, 35.881078516260409 ], [ 14.516262656113772, 35.881078516260409 ], [ 14.516339302170454, 35.88104044477388 ], [ 14.516463034321063, 35.880945266341392 ], [ 14.516653390923036, 35.880954783680281 ], [ 14.516872301374615, 35.881049962829188 ], [ 14.517186390127195, 35.881325980112891 ], [ 14.517091211826195, 35.881468748124227 ], [ 14.517415695883251, 35.881739733842124 ], [ 14.51748471973473, 35.881752283269201 ], [ 14.517557585680692, 35.881668623053343 ], [ 14.517633728680801, 35.881697176261547 ], [ 14.517671800180853, 35.882839317255794 ], [ 14.517719389331353, 35.882858352932935 ], [ 14.517862156782826, 35.883001121093415 ], [ 14.51754162082144, 35.883161388884375 ], [ 14.517576621879883, 35.883229549178239 ], [ 14.517493975975421, 35.883251587774708 ], [ 14.517466921414004, 35.883455039830928 ], [ 14.517214943976803, 35.884143262207246 ], [ 14.516943606048622, 35.884544907848444 ], [ 14.516976998224363, 35.884581083149271 ], [ 14.517015068826085, 35.884600119135605 ], [ 14.517414818229222, 35.884390725945806 ], [ 14.517538550379831, 35.884581083149271 ], [ 14.516604286314665, 35.885035358192177 ], [ 14.516457840262079, 35.885247029901343 ], [ 14.515917049071163, 35.886169197795986 ], [ 14.515948917704193, 35.886230945044765 ], [ 14.516040555744636, 35.886252345981774 ], [ 14.516158463218931, 35.886180081315182 ], [ 14.51632978362171, 35.886341884149871 ], [ 14.516128080399401, 35.88665003991396 ], [ 14.515376039589619, 35.8875160201207 ], [ 14.514028504679676, 35.889215369053666 ], [ 14.513997646651346, 35.88932508496147 ], [ 14.514119907361511, 35.889389809968975 ], [ 14.514170195949456, 35.889393496853323 ], [ 14.514320790422003, 35.889404537127753 ], [ 14.514677709050662, 35.889011925245988 ], [ 14.514927552989059, 35.888631211304912 ], [ 14.515094115015781, 35.888405163355735 ], [ 14.515760364020997, 35.887917372826152 ], [ 14.516236256424206, 35.887465275845969 ], [ 14.517354603257415, 35.885918626076844 ], [ 14.517711521886074, 35.88512150687167 ], [ 14.518270696200991, 35.884455257748442 ], [ 14.518841766905204, 35.884288694773787 ], [ 14.519127301808147, 35.884241105704035 ], [ 14.519185408433998, 35.883972360768738 ], [ 14.519413510447578, 35.883910461100044 ], [ 14.519436632184668, 35.884312490025764 ], [ 14.51990254071184, 35.884312490025764 ] ] ] } },
{ "type": "Feature", "properties": { "LocalityId": 8, "LAU_Name": "Ħaż-Żabbar", "LAU_Latin": "Citta' Hompesch", "Region": "Port (Port)", "Area_Km2": 5.351543, "Population": 17148.0, "NUTS3": "MT001", "LAU": "MT01108", "GREAT_CID": "MT100C", "GREAT_CIN": "Valletta (greater city)", "FUA_ID": "MT001L", "FUA_Name": "Malta", "Shape__Are": 8167861.0185500011, "Shape__Len": 14011.7652521 }, "geometry": { "type": "Polygon", "coordinates": [ [ [ 14.540634913664254, 35.886036326892388 ], [ 14.541256161565306, 35.885575962221587 ], [ 14.541616537809494, 35.885214424078576 ], [ 14.542698651994009, 35.884444480981074 ], [ 14.543074875418158, 35.88404397532365 ], [ 14.543653358121791, 35.883996140103733 ], [ 14.544072141029128, 35.883862889998525 ], [ 14.544433819830505, 35.883463139793371 ], [ 14.544985855233858, 35.883101461723861 ], [ 14.544905882715691, 35.882422416292357 ], [ 14.545320282742788, 35.882174021323266 ], [ 14.545945773386899, 35.882027282043602 ], [ 14.546213656394508, 35.881683302882692 ], [ 14.546627682722447, 35.881454874705412 ], [ 14.546727621196137, 35.881226447324948 ], [ 14.547141646625747, 35.881012295284194 ], [ 14.547983976206392, 35.8809551883637 ], [ 14.548255235082863, 35.881055126175362 ], [ 14.548540769985802, 35.881055126175362 ], [ 14.54999700014681, 35.880512609061775 ], [ 14.550368195700305, 35.880412671293463 ], [ 14.550767945103411, 35.880212796834243 ], [ 14.551667382383338, 35.879912984927572 ], [ 14.552338389764579, 35.87971310993526 ], [ 14.552852352769547, 35.879670279046266 ], [ 14.55318071934526, 35.879670279046266 ], [ 14.553551914898755, 35.879427573877045 ], [ 14.553694683248525, 35.879270530243922 ], [ 14.554108708678164, 35.879284807281586 ], [ 14.554793992984209, 35.879399021306369 ], [ 14.554836823758652, 35.879584618654491 ], [ 14.554951038258814, 35.879841601007641 ], [ 14.555165190334334, 35.880084306363997 ], [ 14.555436449210804, 35.880312734126868 ], [ 14.555664877312829, 35.880526885147695 ], [ 14.556007519016685, 35.880683929929141 ], [ 14.556193117242596, 35.880883804655163 ], [ 14.556550035871291, 35.881126509729448 ], [ 14.556778463973318, 35.881312108124732 ], [ 14.557035445924949, 35.881554813342255 ], [ 14.557209221423395, 35.881755658265547 ], [ 14.557397772411637, 35.881685009670193 ], [ 14.557547677876377, 35.881520828193345 ], [ 14.55741918734971, 35.881420890241429 ], [ 14.557290695924744, 35.881342368256291 ], [ 14.557240726238735, 35.881228154122248 ], [ 14.557354941637225, 35.881063970970594 ], [ 14.557519123128442, 35.881063970970594 ], [ 14.557697584239413, 35.881192462035145 ], [ 14.557818935854515, 35.88126384619332 ], [ 14.558083056717713, 35.88122101614286 ], [ 14.55845425316954, 35.881513688784572 ], [ 14.558568466771369, 35.881535104097537 ], [ 14.55861541362645, 35.881461950069237 ], [ 14.558811171798199, 35.881349506224794 ], [ 14.558932079645569, 35.881305029836099 ], [ 14.559068153749866, 35.881349506224794 ], [ 14.559149648912447, 35.88124872302852 ], [ 14.559061014838299, 35.881156769931913 ], [ 14.559096706701176, 35.881113939823557 ], [ 14.559332273714734, 35.880942619158425 ], [ 14.55960298192395, 35.880910438810481 ], [ 14.559811920177548, 35.880796980289063 ], [ 14.560106040279683, 35.880738030297579 ], [ 14.560171150171472, 35.880695606103203 ], [ 14.560574351800222, 35.880607114751953 ], [ 14.560881303437863, 35.880621390820778 ], [ 14.561052623840643, 35.88056428434632 ], [ 14.561232509679648, 35.880375719652882 ], [ 14.561166838340805, 35.880078873647854 ], [ 14.561195392190445, 35.879986074879355 ], [ 14.561309605792275, 35.879928967946846 ], [ 14.561695078270574, 35.879936106770543 ], [ 14.562054336112277, 35.879924624822394 ], [ 14.562218022631754, 35.879898727655295 ], [ 14.5626206888646, 35.879617258820801 ], [ 14.563096581267844, 35.879236544842783 ], [ 14.563512987232963, 35.878879625919147 ], [ 14.563922039589173, 35.878677029729545 ], [ 14.564190952964418, 35.878656024889821 ], [ 14.564266483313506, 35.878554433242329 ], [ 14.564528222742899, 35.878494945869214 ], [ 14.564593658723135, 35.87835812721633 ], [ 14.564629349687682, 35.878197514156646 ], [ 14.564617453298387, 35.878054746072102 ], [ 14.56455796686026, 35.877894130941556 ], [ 14.564450891271665, 35.877668083643947 ], [ 14.564230790552301, 35.877507469913041 ], [ 14.564249330881461, 35.877378419681435 ], [ 14.564004742087485, 35.877186242930009 ], [ 14.563658965263258, 35.876859896153995 ], [ 14.563284754963668, 35.876594090861296 ], [ 14.561548377096482, 35.875413805276246 ], [ 14.56112043855976, 35.875194633931024 ], [ 14.560692136205315, 35.874928133726513 ], [ 14.559949744200026, 35.874499830678012 ], [ 14.559569030097784, 35.874223814357279 ], [ 14.559207352194701, 35.873909725800786 ], [ 14.559036030893624, 35.873785992941563 ], [ 14.558969406442261, 35.873548047055998 ], [ 14.558902781092568, 35.873414796844138 ], [ 14.558712423592299, 35.873138779654937 ], [ 14.558436407238103, 35.872853243920972 ], [ 14.557979550135721, 35.872491566176727 ], [ 14.557674979033585, 35.872177477304326 ], [ 14.557608353683925, 35.871872906344798 ], [ 14.557417997081954, 35.871692066897367 ], [ 14.557313301130536, 35.871463639025905 ], [ 14.557322818780987, 35.87114003192935 ], [ 14.557066857315489, 35.871235733882706 ], [ 14.555866609281246, 35.871169608773435 ], [ 14.555672651333277, 35.871173688864367 ], [ 14.555315880028308, 35.870815980195054 ], [ 14.55504091560131, 35.870459506688206 ], [ 14.554933840012716, 35.870185869053039 ], [ 14.554933840012716, 35.869995512196489 ], [ 14.555017121026061, 35.86976946274433 ], [ 14.554993327349139, 35.869448235688317 ], [ 14.55480296984884, 35.869162699757766 ], [ 14.554576922282321, 35.868936650841697 ], [ 14.554374666596095, 35.868793884267177 ], [ 14.553946364241684, 35.868567835026916 ], [ 14.553648931152788, 35.868389375028038 ], [ 14.553446677263222, 35.868210916083207 ], [ 14.553220627900078, 35.867913482887353 ], [ 14.553101655023823, 35.867651743139341 ], [ 14.552768530072084, 35.867437590800684 ], [ 14.552280741279546, 35.867080671862105 ], [ 14.55222125394312, 35.866773721206435 ], [ 14.55197854891626, 35.86663095364711 ], [ 14.551471723924562, 35.866459632964329 ], [ 14.550929207069956, 35.866466770817837 ], [ 14.550101155312408, 35.866231203840584 ], [ 14.550008355750318, 35.865931392164399 ], [ 14.549158888156402, 35.865860008022089 ], [ 14.548280866712844, 35.865810039739443 ], [ 14.548110178724022, 35.865869733921457 ], [ 14.547683621796201, 35.866147923256712 ], [ 14.547279114017043, 35.86636207471264 ], [ 14.547183935716037, 35.866231203840584 ], [ 14.546815118901423, 35.866040846947769 ], [ 14.547100653804362, 35.865779106110594 ], [ 14.547064961941519, 35.865683928270343 ], [ 14.546398712936304, 35.86512475496761 ], [ 14.54594661510831, 35.864696451342091 ], [ 14.545458826315775, 35.864101585844992 ], [ 14.54472039767751, 35.864182257964366 ], [ 14.544321816084269, 35.864225801932037 ], [ 14.543476962237644, 35.864603360828148 ], [ 14.542773702642746, 35.864736563978227 ], [ 14.542258452351971, 35.864803528011493 ], [ 14.541520817824409, 35.864672656021682 ], [ 14.540937849832572, 35.864351430145121 ], [ 14.54053359807325, 35.86401958503734 ], [ 14.540307292690231, 35.863863639997618 ], [ 14.540093958081636, 35.864201619173393 ], [ 14.539498276233576, 35.864268149041933 ], [ 14.538974794679831, 35.864470402789877 ], [ 14.538272853811772, 35.86483922020242 ], [ 14.538130086360303, 35.864803528011493 ], [ 14.536868972075656, 35.865362700668719 ], [ 14.535845804441781, 35.865886182045188 ], [ 14.534806523726637, 35.866577603655855 ], [ 14.533335472261751, 35.867361447801592 ], [ 14.531931588729005, 35.868218053778975 ], [ 14.531515186357144, 35.867742162065397 ], [ 14.531122574068981, 35.867385243042612 ], [ 14.53046822235139, 35.867682676037191 ], [ 14.530087508249149, 35.866623815080409 ], [ 14.529861459784302, 35.8662431019957 ], [ 14.52936177280584, 35.865838592839694 ], [ 14.527755636281796, 35.868896201102693 ], [ 14.527446305905274, 35.869324503869265 ], [ 14.526826602208233, 35.869457578243804 ], [ 14.52710801384403, 35.869859725656596 ], [ 14.527155602994499, 35.870299925856813 ], [ 14.527079144685743, 35.871610537637579 ], [ 14.526608326865535, 35.874559160911708 ], [ 14.526596429577909, 35.875213514218842 ], [ 14.526513148564568, 35.875998733819124 ], [ 14.526596429577909, 35.876367550711876 ], [ 14.526968374326351, 35.876789824772949 ], [ 14.527253558886359, 35.877636656047571 ], [ 14.526891880983278, 35.877941226685898 ], [ 14.527386808687382, 35.878255316000093 ], [ 14.528167272192761, 35.878807350885943 ], [ 14.528462325644446, 35.878512298298659 ], [ 14.528919181848497, 35.878569404796743 ], [ 14.529601315762854, 35.878598614932621 ], [ 14.529461698703104, 35.879549743214369 ], [ 14.528995324848603, 35.87976865285502 ], [ 14.529232871749098, 35.880165088858583 ], [ 14.52949699171397, 35.880621946171033 ], [ 14.529746835652363, 35.881014556705736 ], [ 14.530232245706021, 35.880786128783278 ], [ 14.530831870259872, 35.881043110877535 ], [ 14.531217343636504, 35.881250124130361 ], [ 14.530624857095923, 35.882021069218318 ], [ 14.530096618064448, 35.882042483666254 ], [ 14.530039510365201, 35.883463021885767 ], [ 14.530489227657688, 35.88345588410774 ], [ 14.531088852211505, 35.88427679787295 ], [ 14.531156481877687, 35.884332216046964 ], [ 14.531983888644854, 35.885755079287449 ], [ 14.532602547601238, 35.885545686968001 ], [ 14.533154583004588, 35.885336294094841 ], [ 14.533373494354498, 35.885317258285454 ], [ 14.533573368606886, 35.885393400767654 ], [ 14.533716136058356, 35.885726526086628 ], [ 14.534257511154218, 35.886751460335205 ], [ 14.534725027665759, 35.886973363132192 ], [ 14.534982008719059, 35.887030470080099 ], [ 14.535705366321817, 35.886630721307881 ], [ 14.535953498969608, 35.886417049670293 ], [ 14.536021992815067, 35.886385159754653 ], [ 14.536122246597404, 35.886488862886466 ], [ 14.536350357594152, 35.886513650919959 ], [ 14.53736400937421, 35.886461302665637 ], [ 14.53743539220163, 35.886485097992633 ], [ 14.537540089051378, 35.886627864709759 ], [ 14.537554365077883, 35.886737320741098 ], [ 14.537544848325732, 35.88701809688726 ], [ 14.537563882728296, 35.887098998945383 ], [ 14.538182542583012, 35.886899123892839 ], [ 14.539023444740705, 35.886692586827415 ], [ 14.539673038082203, 35.886556956998291 ], [ 14.540072786587009, 35.886442743106208 ], [ 14.540634913664254, 35.886036326892388 ] ] ] } },
{ "type": "Feature", "properties": { "LocalityId": 17, "LAU_Name": "Il-Fgura", "LAU_Latin": "Fgura", "Region": "Port (Port)", "Area_Km2": 1.143324, "Population": 13066.0, "NUTS3": "MT001", "LAU": "MT01117", "GREAT_CID": "MT001C", "GREAT_CIN": "Valletta (greater city)", "FUA_ID": "MT001L", "FUA_Name": "Malta", "Shape__Are": 1744908.5376, "Shape__Len": 6568.83440608 }, "geometry": { "type": "Polygon", "coordinates": [ [ [ 14.526968374326351, 35.876789824772949 ], [ 14.526596429577909, 35.876367550711876 ], [ 14.526513148564568, 35.875998733819124 ], [ 14.526596429577909, 35.875213514218842 ], [ 14.526608326865535, 35.874559160911708 ], [ 14.527079144685743, 35.871610537637579 ], [ 14.527155602994499, 35.870299925856813 ], [ 14.52710801384403, 35.869859725656596 ], [ 14.526826602208233, 35.869457578243804 ], [ 14.526239510949218, 35.868681891975775 ], [ 14.525751721258382, 35.868372561986149 ], [ 14.525442390881858, 35.86822979512332 ], [ 14.523729178769221, 35.867825285916602 ], [ 14.523039135188787, 35.867599238281095 ], [ 14.522170632294007, 35.867194728767544 ], [ 14.521373513124946, 35.866992474692402 ], [ 14.520853868275804, 35.866923225205767 ], [ 14.520652336631706, 35.867008276140446 ], [ 14.520038436051383, 35.866965445662466 ], [ 14.519085121414003, 35.866771019679547 ], [ 14.518039689934096, 35.866608526781299 ], [ 14.517397234605836, 35.8664514817605 ], [ 14.517311573955281, 35.866579973230465 ], [ 14.517468620128215, 35.866922615889266 ], [ 14.517697047331911, 35.867165320785844 ], [ 14.517682770407108, 35.867522240071104 ], [ 14.517654216557469, 35.867807775361101 ], [ 14.518195662620268, 35.870036219067948 ], [ 14.516626289649237, 35.87069168198893 ], [ 14.515741130192442, 35.871077154802279 ], [ 14.515700040353041, 35.87134401009039 ], [ 14.514500305256806, 35.871476904185116 ], [ 14.514213516305716, 35.871476904185116 ], [ 14.513670998552813, 35.871519733680564 ], [ 14.513318231039039, 35.871172393863169 ], [ 14.512839576316322, 35.87190112168431 ], [ 14.513053726595214, 35.873102749807636 ], [ 14.513413938447732, 35.874828067352666 ], [ 14.51269680796652, 35.874851654354714 ], [ 14.512292300187358, 35.874899243242702 ], [ 14.511733125872441, 35.875470314219918 ], [ 14.511756921345988, 35.875601183663008 ], [ 14.512399374877623, 35.875851026645719 ], [ 14.513386852445283, 35.876291227770331 ], [ 14.513791360224445, 35.876648146710394 ], [ 14.513981716826418, 35.876969373691701 ], [ 14.513981716826418, 35.877302498776466 ], [ 14.514528992955379, 35.877504752738758 ], [ 14.515582296372118, 35.87766434380648 ], [ 14.517088501608983, 35.87795074511363 ], [ 14.516926699754947, 35.877531960143372 ], [ 14.517792822114252, 35.877474852897386 ], [ 14.518259196867049, 35.877417746338061 ], [ 14.518593461780904, 35.877697540862691 ], [ 14.519810604430694, 35.876922818188035 ], [ 14.519525070426083, 35.87658017582693 ], [ 14.520105657882414, 35.87565694419537 ], [ 14.521143104237721, 35.876170908075792 ], [ 14.521162137741953, 35.876570657962425 ], [ 14.52158092424258, 35.876570657962425 ], [ 14.522742100951898, 35.876637282990039 ], [ 14.522770094252785, 35.876283263917912 ], [ 14.523046672054035, 35.876085248267174 ], [ 14.523722438709664, 35.875742603739198 ], [ 14.524322063263485, 35.876494514277198 ], [ 14.524179295812012, 35.876894264714522 ], [ 14.525740221924437, 35.877351119783206 ], [ 14.525873471725459, 35.87696088874214 ], [ 14.526968374326351, 35.876789824772949 ] ] ] } },
{ "type": "Feature", "properties": { "LocalityId": 18, "LAU_Name": "Il-Furjana", "LAU_Latin": "Furjana", "Region": "Port (Port)", "Area_Km2": 0.963397, "Population": 1985.0, "NUTS3": "MT001", "LAU": "MT01118", "GREAT_CID": "MT001C", "GREAT_CIN": "Valletta (greater city)", "FUA_ID": "MT001L", "FUA_Name": "Malta", "Shape__Are": 1471024.2729499999, "Shape__Len": 6439.4812623600001 }, "geometry": { "type": "Polygon", "coordinates": [ [ [ 14.511252547856671, 35.892965874657804 ], [ 14.51099088029251, 35.892800999745177 ], [ 14.510202119947175, 35.892397979791824 ], [ 14.509834920100069, 35.891114039916964 ], [ 14.509779839898437, 35.890859970235084 ], [ 14.507754598870163, 35.888623843287263 ], [ 14.507704717219069, 35.888609987132938 ], [ 14.507639419579384, 35.888638441044179 ], [ 14.507616198129284, 35.888738476871559 ], [ 14.507523398567193, 35.888717062050922 ], [ 14.507523041037683, 35.888689154728262 ], [ 14.507456533367307, 35.888571254077853 ], [ 14.507270936039724, 35.888642638135337 ], [ 14.506892600676366, 35.887982337697267 ], [ 14.506096670876726, 35.887910955227923 ], [ 14.506118085814801, 35.88772535628533 ], [ 14.505874975647782, 35.887718958321692 ], [ 14.505694735872556, 35.887901494764286 ], [ 14.505743159557927, 35.887933980124139 ], [ 14.505491260274171, 35.888141185694373 ], [ 14.504337220679787, 35.887927034156199 ], [ 14.503575794271933, 35.887689087808596 ], [ 14.503302155758288, 35.887201298690307 ], [ 14.501386689756053, 35.886118644069683 ], [ 14.500970283790934, 35.886570742187864 ], [ 14.500387315799095, 35.886975250298192 ], [ 14.499780554130336, 35.887344067027435 ], [ 14.499280867151878, 35.887379759253413 ], [ 14.498843546610303, 35.887236279201943 ], [ 14.498554368140569, 35.887400831647327 ], [ 14.498068957188579, 35.887572152170378 ], [ 14.497653816051375, 35.887826425264919 ], [ 14.497783422285639, 35.887914794287923 ], [ 14.498311663113739, 35.88821460574335 ], [ 14.498982671393309, 35.88881423107091 ], [ 14.499625124924943, 35.88929964135847 ], [ 14.500431328756452, 35.889540298900158 ], [ 14.500895756860039, 35.88981360404668 ], [ 14.500524561306541, 35.890013479020411 ], [ 14.498361089318969, 35.890578335127991 ], [ 14.497104448644439, 35.89094083925783 ], [ 14.497047341843521, 35.891569016877341 ], [ 14.497218663144597, 35.891835517128946 ], [ 14.497466127445817, 35.892501766016778 ], [ 14.497515102696806, 35.892957291721835 ], [ 14.497593908303411, 35.892978677013971 ], [ 14.497629829236677, 35.893147722938188 ], [ 14.497563203886985, 35.89316675904832 ], [ 14.49764696100746, 35.893412319947323 ], [ 14.497697354698264, 35.893400981133261 ], [ 14.497827743365134, 35.893672458720197 ], [ 14.49799150713973, 35.893874887014498 ], [ 14.498025770681286, 35.893949126263131 ], [ 14.49810381721151, 35.894356490113999 ], [ 14.498486205773441, 35.894527706077433 ], [ 14.498557442175468, 35.894407822339886 ], [ 14.49877265516136, 35.894429419007842 ], [ 14.499916110805039, 35.894619864876255 ], [ 14.500530012283663, 35.8948126018783 ], [ 14.501541434445221, 35.895862582761943 ], [ 14.501812408555745, 35.8965400211492 ], [ 14.502578728086956, 35.896939839963963 ], [ 14.50304049538064, 35.897233153102171 ], [ 14.503490212673123, 35.897347366711216 ], [ 14.503503443958937, 35.89731097966115 ], [ 14.503906467721295, 35.897418111943317 ], [ 14.503968484713544, 35.897490134946132 ], [ 14.503912893370499, 35.897503552928981 ], [ 14.503801485207269, 35.897559335153673 ], [ 14.503849360022048, 35.89759657130957 ], [ 14.504054145364101, 35.897497272914478 ], [ 14.504496724643316, 35.897954129931335 ], [ 14.504118390178286, 35.898111174353929 ], [ 14.503540180562505, 35.897847053679207 ], [ 14.503661059663767, 35.897660432331207 ], [ 14.503651486317766, 35.897647330194367 ], [ 14.503602298166065, 35.897636087314844 ], [ 14.50344212765259, 35.897861192017082 ], [ 14.504463260602376, 35.898396071084548 ], [ 14.504763074226748, 35.898453177070678 ], [ 14.504834457054168, 35.898588806169521 ], [ 14.505157432839869, 35.898635364218471 ], [ 14.505320880407485, 35.898773039980455 ], [ 14.505658920940476, 35.897600970224978 ], [ 14.506105477959773, 35.896366028244906 ], [ 14.506947806642158, 35.895966277847627 ], [ 14.507824615360031, 35.895628560803758 ], [ 14.508299507040045, 35.895204468195395 ], [ 14.508375482953523, 35.894424386796238 ], [ 14.508561080281106, 35.894129334172135 ], [ 14.508913241432039, 35.893938977362083 ], [ 14.50963659723817, 35.894167405915866 ], [ 14.510236221792024, 35.894424386796238 ], [ 14.510921506996397, 35.894462459125826 ], [ 14.511102345947922, 35.894138852109812 ], [ 14.51075018479699, 35.893929458672687 ], [ 14.510378989243492, 35.893805727977643 ], [ 14.51072163184568, 35.893425013799046 ], [ 14.511252547856671, 35.892965874657804 ] ] ] } },
{ "type": "Feature", "properties": { "LocalityId": 29, "LAU_Name": "Il-Kalkara", "LAU_Latin": "Kalkara", "Region": "Port (Port)", "Area_Km2": 1.761322, "Population": 3105.0, "NUTS3": "MT001", "LAU": "MT01129", "GREAT_CID": "MT001C", "GREAT_CIN": "Valletta (greater city)", "FUA_ID": "MT001L", "FUA_Name": "Malta", "Shape__Are": 2689337.97168, "Shape__Len": 11219.088011899999 }, "geometry": { "type": "Polygon", "coordinates": [ [ [ 14.527631879876665, 35.893160010028105 ], [ 14.527779749758983, 35.893289910009905 ], [ 14.527893965157443, 35.893461232345793 ], [ 14.527941554307942, 35.893565928297349 ], [ 14.527922518108753, 35.893727731322343 ], [ 14.527798785958144, 35.893851462866969 ], [ 14.52751806782177, 35.893938446120288 ], [ 14.527388008836605, 35.89414429113873 ], [ 14.527118428911411, 35.894289118063455 ], [ 14.527095841671926, 35.894353866666542 ], [ 14.527105775242328, 35.894435315755153 ], [ 14.527164340008968, 35.894429825805553 ], [ 14.527200030973514, 35.894444103021293 ], [ 14.527012054008752, 35.894781985944306 ], [ 14.526900219145768, 35.89490571802444 ], [ 14.526766970243044, 35.894948547950946 ], [ 14.526683688331367, 35.895046105930021 ], [ 14.526549000327558, 35.895085019930299 ], [ 14.526145080046566, 35.895547979649805 ], [ 14.526165902994853, 35.895681579770077 ], [ 14.526085573845503, 35.895735995907884 ], [ 14.525771485991253, 35.895507568241548 ], [ 14.525757742665727, 35.895489077024472 ], [ 14.525852714354194, 35.895378599735444 ], [ 14.525744175409995, 35.895295258100191 ], [ 14.525610439620374, 35.895438684251687 ], [ 14.525542603341696, 35.895481323956446 ], [ 14.525208157866489, 35.895844841170167 ], [ 14.524819701184798, 35.896221405966969 ], [ 14.524981504835461, 35.896316584959841 ], [ 14.52517186233573, 35.896135745284973 ], [ 14.525504986389171, 35.896249959749611 ], [ 14.525685100400272, 35.896330644978725 ], [ 14.525876181942669, 35.896449835212088 ], [ 14.525914253442723, 35.896516458798658 ], [ 14.525866664292256, 35.896602119796412 ], [ 14.525771485991253, 35.896630672714011 ], [ 14.525704860641593, 35.896678263070285 ], [ 14.52558112938928, 35.896706815960414 ], [ 14.525457379272396, 35.896832100858816 ], [ 14.525375039693444, 35.896877010241674 ], [ 14.525025840288009, 35.896877010241674 ], [ 14.524898039667478, 35.897159969913503 ], [ 14.524794125250338, 35.897526986183586 ], [ 14.524581755432358, 35.897572940142453 ], [ 14.524564683848686, 35.897662210816058 ], [ 14.524494121183112, 35.897697990080246 ], [ 14.524362844980748, 35.897696672226466 ], [ 14.524267665781446, 35.897725224749315 ], [ 14.524010683829813, 35.89783943983138 ], [ 14.523791774276534, 35.897982207178863 ], [ 14.523734666577289, 35.898039314191266 ], [ 14.523649006825064, 35.898077386237667 ], [ 14.523646752053715, 35.898182372981687 ], [ 14.523447960271232, 35.898354990201952 ], [ 14.523503039574564, 35.898713009660653 ], [ 14.523612042049434, 35.898757162640266 ], [ 14.523051808620803, 35.8992440750242 ], [ 14.522870969669281, 35.899258352099302 ], [ 14.522875728943669, 35.899382083004177 ], [ 14.522923318094136, 35.899434432175774 ], [ 14.523032773319942, 35.899424914147154 ], [ 14.523733507750599, 35.898806364265297 ], [ 14.523833880110551, 35.898847019946494 ], [ 14.524401960323161, 35.898906959931985 ], [ 14.525517023813979, 35.898906959931985 ], [ 14.525559057782761, 35.898872806858471 ], [ 14.525562093190121, 35.898781705969562 ], [ 14.525695342991144, 35.898743634989565 ], [ 14.525784742429918, 35.898757388222336 ], [ 14.52585203971941, 35.898713009660653 ], [ 14.526493920125894, 35.898384960022845 ], [ 14.526721952070901, 35.898338403282018 ], [ 14.526827965850824, 35.898229671329418 ], [ 14.526999287151936, 35.898096421890124 ], [ 14.52703735865199, 35.89802979672254 ], [ 14.526999287151936, 35.897963172226575 ], [ 14.526989770399787, 35.897867993030438 ], [ 14.527075430152042, 35.89782992233868 ], [ 14.527161090802567, 35.897848957322992 ], [ 14.527180126103463, 35.897915581915086 ], [ 14.527303858254072, 35.897867993030438 ], [ 14.527380001254178, 35.89781088589443 ], [ 14.527503733404787, 35.897753778717167 ], [ 14.527533700304328, 35.897700919776007 ], [ 14.527613659347772, 35.89767432110331 ], [ 14.527608429356203, 35.897582457666047 ], [ 14.527541804006511, 35.897468243668555 ], [ 14.527532287254393, 35.897382582880361 ], [ 14.527608429356203, 35.89734451195514 ], [ 14.527665536157119, 35.89734451195514 ], [ 14.527808303608589, 35.89726836932212 ], [ 14.527874928958282, 35.897325476121871 ], [ 14.527874928958282, 35.897420653787215 ], [ 14.52790348190956, 35.897487278739845 ], [ 14.52807318534483, 35.897593945058702 ], [ 14.52839131921114, 35.897859227975118 ], [ 14.528729203437267, 35.898054343915838 ], [ 14.52883567086643, 35.898011303911574 ], [ 14.528899248232339, 35.898051740966267 ], [ 14.528938563000739, 35.897968196208588 ], [ 14.529064569685666, 35.898029309897332 ], [ 14.529246120102892, 35.897937029904703 ], [ 14.529250496694953, 35.897875251033916 ], [ 14.529216944619096, 35.897858474813411 ], [ 14.529188390769489, 35.89781088589443 ], [ 14.529188390769489, 35.897725224749315 ], [ 14.529264119646236, 35.897682960287952 ], [ 14.529226463167838, 35.897572940142453 ], [ 14.529169356366925, 35.897534869308785 ], [ 14.529245499367031, 35.897487278739845 ], [ 14.529340676769705, 35.897534869308785 ], [ 14.529444813969025, 35.897615203207089 ], [ 14.529832921206046, 35.897697990080246 ], [ 14.529835605372105, 35.897639564966859 ], [ 14.529873675973866, 35.897601494165301 ], [ 14.529968855173164, 35.897601494165301 ], [ 14.530023064008976, 35.897634019207018 ], [ 14.530365001433674, 35.897518980077074 ], [ 14.530566959777527, 35.897562989638999 ], [ 14.530699866422127, 35.897386612137709 ], [ 14.530692210979293, 35.89734451195514 ], [ 14.530730281581018, 35.897277886882399 ], [ 14.530730281581018, 35.897154154871444 ], [ 14.530834979329063, 35.897144637296343 ], [ 14.53087087600781, 35.897236945137514 ], [ 14.531136119765149, 35.897085989826152 ], [ 14.531127034204337, 35.897027425270387 ], [ 14.531015817382288, 35.896916209328509 ], [ 14.530977745882236, 35.896830547942876 ], [ 14.530968228231789, 35.896659227076739 ], [ 14.530939675280479, 35.896554530849784 ], [ 14.530930156731733, 35.89643079916361 ], [ 14.530968228231789, 35.896392727052977 ], [ 14.531120514232002, 35.89643079916361 ], [ 14.531209043203258, 35.89636958963893 ], [ 14.531472673586343, 35.896373691718495 ], [ 14.531596405736952, 35.896411763110564 ], [ 14.531843870038134, 35.896421280773829 ], [ 14.532022838697237, 35.89645902685875 ], [ 14.532072120273737, 35.896489019956327 ], [ 14.532120178344821, 35.896484065740061 ], [ 14.532138922591523, 35.896411763110564 ], [ 14.532129404941077, 35.896326101906837 ], [ 14.532072298140161, 35.896211889007439 ], [ 14.532091334339352, 35.89609767376011 ], [ 14.532176994091577, 35.896088156057985 ], [ 14.532284330191629, 35.89612971331055 ], [ 14.532414940742349, 35.896145263709094 ], [ 14.532532764673347, 35.896134014794576 ], [ 14.532662405043567, 35.896145263709094 ], [ 14.53271951184448, 35.896373691718495 ], [ 14.532769079983556, 35.896383990214844 ], [ 14.533331133398939, 35.896397529912072 ], [ 14.533319136398335, 35.896297548879382 ], [ 14.533328654048747, 35.89626899511385 ], [ 14.533557082150775, 35.896192852901748 ], [ 14.533538045951582, 35.896135745284973 ], [ 14.533417236020597, 35.896102721147209 ], [ 14.533351297882115, 35.896016534930595 ], [ 14.533242993398225, 35.89599297824585 ], [ 14.533214440446915, 35.895926352763318 ], [ 14.533214440446915, 35.895859727952377 ], [ 14.533290581650396, 35.89581213928718 ], [ 14.533538045951582, 35.895802620822955 ], [ 14.533649965256226, 35.895715216089428 ], [ 14.533712853614293, 35.895746109648435 ], [ 14.533690331951831, 35.895916835040545 ], [ 14.533778160237148, 35.895935970181185 ], [ 14.533994903053962, 35.895916835040545 ], [ 14.534213812607213, 35.895840691761997 ], [ 14.534347063306599, 35.895831174756651 ], [ 14.534499349306813, 35.895774066878964 ], [ 14.534479085110622, 35.89568794579862 ], [ 14.534493120388639, 35.895682979888896 ], [ 14.534621999885818, 35.895413970328278 ], [ 14.534719730300507, 35.895341892313276 ], [ 14.53502282996223, 35.895421906787071 ], [ 14.535222704214613, 35.895431425297069 ], [ 14.535298847214722, 35.895412389731433 ], [ 14.535394026414021, 35.895336246695351 ], [ 14.535527276215078, 35.895298174786042 ], [ 14.535517757666298, 35.895212515288122 ], [ 14.535470169414127, 35.89514588987646 ], [ 14.53537499021483, 35.895060228758354 ], [ 14.535355954015671, 35.895012640340227 ], [ 14.535489203816695, 35.894812764887675 ], [ 14.535641489816907, 35.894498677197952 ], [ 14.535641489816907, 35.894374943753952 ], [ 14.5356605260161, 35.894270248144537 ], [ 14.535761606248501, 35.894187545741538 ], [ 14.536022203919149, 35.894403498202607 ], [ 14.536126899870601, 35.894470122783638 ], [ 14.536193525220261, 35.894546265925044 ], [ 14.536298221171677, 35.894584336740529 ], [ 14.5363559864377, 35.894686537304828 ], [ 14.536536166924153, 35.894855596319935 ], [ 14.536621827574672, 35.89491270194933 ], [ 14.53669555141173, 35.89485126711304 ], [ 14.536640862875569, 35.894717586997629 ], [ 14.536631346123452, 35.894622408993136 ], [ 14.536659899074726, 35.894546265925044 ], [ 14.536717005875675, 35.894565300971209 ], [ 14.536734416124187, 35.894698762299569 ], [ 14.536757503725322, 35.894718340189229 ], [ 14.536957378876041, 35.894804000949541 ], [ 14.537066404707097, 35.894934831897864 ], [ 14.537178622252414, 35.895155407691867 ], [ 14.537307111880748, 35.895283899179788 ], [ 14.537478434080157, 35.895426666042241 ], [ 14.537649755381269, 35.895440943078157 ], [ 14.537728523258629, 35.895421251115977 ], [ 14.537778245907935, 35.895269622115499 ], [ 14.537821075784048, 35.895241067979256 ], [ 14.537906737332902, 35.895341005227948 ], [ 14.538135165434927, 35.895440943078157 ], [ 14.53832076276251, 35.895455220111536 ], [ 14.538506360988421, 35.895426666042241 ], [ 14.538614052821325, 35.895166800833451 ], [ 14.538777618966561, 35.895055470208881 ], [ 14.539120261568749, 35.894941256204007 ], [ 14.539334412745971, 35.894827042034358 ], [ 14.539505734047047, 35.894755657730741 ], [ 14.539534287896686, 35.894584336740529 ], [ 14.539489643423703, 35.894501425081309 ], [ 14.539636132595382, 35.894398738885975 ], [ 14.54014818937531, 35.894398738885975 ], [ 14.540420159717478, 35.894309040268361 ], [ 14.540691801276246, 35.894129016155574 ], [ 14.5408763035575, 35.89422741785107 ], [ 14.540990518057695, 35.894213141323981 ], [ 14.541047624858608, 35.89417031099962 ], [ 14.541076177809918, 35.894084650281364 ], [ 14.541133286407462, 35.894041819887491 ], [ 14.541247500009327, 35.893998990198128 ], [ 14.54137599143429, 35.893913329294506 ], [ 14.541575864788379, 35.893841944894795 ], [ 14.541790016863899, 35.893827669025946 ], [ 14.541875678412786, 35.893770561158398 ], [ 14.541918508288896, 35.893599240219586 ], [ 14.541918508288896, 35.8934892049379 ], [ 14.542061274842037, 35.893513580338876 ], [ 14.542261149992752, 35.89344219630641 ], [ 14.542518131944421, 35.89319949113348 ], [ 14.542632346444579, 35.892999616197443 ], [ 14.542495850132116, 35.892863118791048 ], [ 14.542713208294874, 35.89278438619057 ], [ 14.542703730170333, 35.892528482866112 ], [ 14.54276164006512, 35.892483960358241 ], [ 14.543060648798992, 35.892585590174086 ], [ 14.54313203342304, 35.89254275969698 ], [ 14.54311775559994, 35.892442821826926 ], [ 14.543203417148794, 35.892185840336417 ], [ 14.543208931906308, 35.892114142176347 ], [ 14.543263079656718, 35.892070019695609 ], [ 14.543300719067101, 35.89190667409747 ], [ 14.543447272917506, 35.891881652689769 ], [ 14.543503228976538, 35.891900304853827 ], [ 14.543531082140243, 35.891930689750907 ], [ 14.543804584109964, 35.891993920020653 ], [ 14.543845870680428, 35.891971688820995 ], [ 14.544002915955032, 35.891771813696231 ], [ 14.544045745831147, 35.891643323057934 ], [ 14.544131407379998, 35.891571938794662 ], [ 14.544288450857975, 35.891486278903791 ], [ 14.544381818155362, 35.891372163090551 ], [ 14.544933776303564, 35.891048277812409 ], [ 14.545204439596988, 35.890831151788092 ], [ 14.545305567440101, 35.890774639975902 ], [ 14.545378738813243, 35.890678396159366 ], [ 14.544771704056636, 35.89020653289684 ], [ 14.544319606228674, 35.889873408229882 ], [ 14.543962686701651, 35.889587873141174 ], [ 14.543371664415002, 35.888806742259547 ], [ 14.543140643775056, 35.888759994302887 ], [ 14.541760556614154, 35.888724301971187 ], [ 14.541498816286465, 35.888248409713583 ], [ 14.541379843410244, 35.888081845983542 ], [ 14.541165691334726, 35.887843900101132 ], [ 14.540951540157501, 35.887677339159161 ], [ 14.540844463670577, 35.88754646928993 ], [ 14.540844463670577, 35.88741559774882 ], [ 14.540796875418406, 35.88699919321261 ], [ 14.540737388081983, 35.886773144243584 ], [ 14.540832567281281, 35.886463814293855 ], [ 14.540843304843854, 35.886194502667266 ], [ 14.540717880267247, 35.886115980320263 ], [ 14.540634913664254, 35.886036326892388 ], [ 14.540072786587009, 35.886442743106208 ], [ 14.539673038082203, 35.886556956998291 ], [ 14.539023444740705, 35.886692586827415 ], [ 14.538182542583012, 35.886899123892839 ], [ 14.537563882728296, 35.887098998945383 ], [ 14.537544848325732, 35.88701809688726 ], [ 14.537554365077883, 35.886737320741098 ], [ 14.537540089051378, 35.886627864709759 ], [ 14.53743539220163, 35.886485097992633 ], [ 14.53736400937421, 35.886461302665637 ], [ 14.536350357594152, 35.886513650919959 ], [ 14.536122246597404, 35.886488862886466 ], [ 14.536021992815067, 35.886385159754653 ], [ 14.535953498969608, 35.886417049670293 ], [ 14.535705366321817, 35.886630721307881 ], [ 14.534982008719059, 35.887030470080099 ], [ 14.534725027665759, 35.886973363132192 ], [ 14.534257511154218, 35.886751460335205 ], [ 14.533716136058356, 35.885726526086628 ], [ 14.533573368606886, 35.885393400767654 ], [ 14.533373494354498, 35.885317258285454 ], [ 14.533154583004588, 35.885336294094841 ], [ 14.532602547601238, 35.885545686968001 ], [ 14.531983888644854, 35.885755079287449 ], [ 14.531156481877687, 35.884332216046964 ], [ 14.52999905922797, 35.884711050335959 ], [ 14.529606447838072, 35.884454067769788 ], [ 14.52848065486952, 35.885533783705675 ], [ 14.528897368058447, 35.885781807146955 ], [ 14.528764118257422, 35.886533717001683 ], [ 14.528678457606867, 35.886857323806581 ], [ 14.528440511854427, 35.886733592248781 ], [ 14.527612459198549, 35.886590824266648 ], [ 14.527374513446109, 35.886505163353796 ], [ 14.527174638295394, 35.886248180787099 ], [ 14.527155602994499, 35.886095895937686 ], [ 14.526622603790338, 35.886160935083055 ], [ 14.526536943139817, 35.886203764645543 ], [ 14.526484594714926, 35.88617996996183 ], [ 14.526370381113095, 35.886175210878676 ], [ 14.525870694134602, 35.886265631226443 ], [ 14.525991045924799, 35.886943166286684 ], [ 14.525756479634438, 35.887098442184985 ], [ 14.52548046238191, 35.887312593780649 ], [ 14.525290104881641, 35.887541021802122 ], [ 14.525071195328362, 35.887717101740442 ], [ 14.52514733832847, 35.887764690176986 ], [ 14.525537569182859, 35.887936012096219 ], [ 14.525742202709635, 35.88806926117033 ], [ 14.525942807292362, 35.887883774677533 ], [ 14.525789464873361, 35.887788145964457 ], [ 14.525853710585842, 35.887704864023057 ], [ 14.525996326222039, 35.887809655648425 ], [ 14.526115450913535, 35.887685828783084 ], [ 14.526063103387006, 35.887619204315357 ], [ 14.526110693435806, 35.887600168326934 ], [ 14.526696040166524, 35.888185514871054 ], [ 14.526942180350987, 35.888312078136508 ], [ 14.52714720644156, 35.888531432975483 ], [ 14.527374840432852, 35.888711039700141 ], [ 14.526659159832525, 35.88918803902996 ], [ 14.526511919669238, 35.88918803902996 ], [ 14.526034910660135, 35.889576664049955 ], [ 14.525542657240619, 35.88991264571726 ], [ 14.525292814200554, 35.890100029104275 ], [ 14.524880040124103, 35.890173990248243 ], [ 14.524035840251033, 35.890935030308704 ], [ 14.523961589102912, 35.891053468889226 ], [ 14.523762308636908, 35.891270595031607 ], [ 14.523595746610184, 35.891675103149062 ], [ 14.523470825090154, 35.891797049824362 ], [ 14.523393492720587, 35.891820845003423 ], [ 14.523336980604384, 35.891898177648599 ], [ 14.52306631731096, 35.89205581700957 ], [ 14.523075240276695, 35.892127200836534 ], [ 14.523051444803114, 35.892136123719389 ], [ 14.523027651126192, 35.892100432181856 ], [ 14.522858113879252, 35.892124225814285 ], [ 14.522733390886877, 35.892269968297377 ], [ 14.522688776058299, 35.892365146946794 ], [ 14.522673904448785, 35.892522786105701 ], [ 14.522718519277364, 35.89268934777126 ], [ 14.522941594318617, 35.892900525263393 ], [ 14.523149796851992, 35.89301057591797 ], [ 14.523244975152995, 35.893102780147018 ], [ 14.523253898118698, 35.893135496976193 ], [ 14.523467039589551, 35.893173959991785 ], [ 14.523687078325118, 35.893289910009905 ], [ 14.523714010715661, 35.893354550997863 ], [ 14.523999119817145, 35.89356302974101 ], [ 14.524101343604915, 35.89371816603277 ], [ 14.524153452179615, 35.893822908946959 ], [ 14.524353327330333, 35.894041819887491 ], [ 14.524438987082558, 35.894165551668969 ], [ 14.52454368393227, 35.894222659251589 ], [ 14.524760492326108, 35.894272993124922 ], [ 14.524989806167007, 35.894243411808255 ], [ 14.525152826136573, 35.894013266036083 ], [ 14.525350219242142, 35.893851726304987 ], [ 14.525476431641236, 35.893632552855564 ], [ 14.525609682340589, 35.893499302955384 ], [ 14.525676306791951, 35.89340412421398 ], [ 14.525771485991253, 35.893308946085853 ], [ 14.525838111340946, 35.893289910009905 ], [ 14.525866664292256, 35.893308946085853 ], [ 14.525898553586517, 35.893378526186737 ], [ 14.526034919643273, 35.893442969886692 ], [ 14.526545470846795, 35.893324694254474 ], [ 14.526723269899408, 35.893204249794515 ], [ 14.526933840391901, 35.893115009752769 ], [ 14.527338119998999, 35.893040039801939 ], [ 14.527631879876665, 35.893160010028105 ] ] ] } },
{ "type": "Feature", "properties": { "LocalityId": 33, "LAU_Name": "Ħal Luqa", "LAU_Latin": "Luqa", "Region": "Nofsinhar (Southern)", "Area_Km2": 6.607446, "Population": 7249.0, "NUTS3": "MT001", "LAU": "MT01133", "GREAT_CID": "MT001C", "GREAT_CIN": "Valletta (greater city)", "FUA_ID": "MT001L", "FUA_Name": "Malta", "Shape__Are": 10079921.5151, "Shape__Len": 25196.135015200001 }, "geometry": { "type": "Polygon", "coordinates": [ [ [ 14.49551131613244, 35.865873475043628 ], [ 14.49563026744913, 35.864730046950228 ], [ 14.496010981551372, 35.863088219299584 ], [ 14.496701025131806, 35.861850900132048 ], [ 14.497338098653223, 35.862329400041297 ], [ 14.498630203916834, 35.862862088990966 ], [ 14.498824323561546, 35.862553780989074 ], [ 14.499109859362818, 35.862211139098349 ], [ 14.499067028588376, 35.861811390295109 ], [ 14.499668915998418, 35.861609496686576 ], [ 14.499195520013343, 35.86065497079661 ], [ 14.499835919996244, 35.860454999898224 ], [ 14.501180880334575, 35.860553010250811 ], [ 14.501287864295033, 35.860383364747044 ], [ 14.501179990104118, 35.860269498977473 ], [ 14.50090873212598, 35.859641320658511 ], [ 14.501122883303202, 35.859455723187679 ], [ 14.501237096905067, 35.859227294990717 ], [ 14.501219362364736, 35.859061763766668 ], [ 14.501193742412816, 35.85898837275677 ], [ 14.500879190129568, 35.859011772996794 ], [ 14.500472765345567, 35.858916988913627 ], [ 14.49944222344152, 35.858980447936041 ], [ 14.49878691681478, 35.859081172093653 ], [ 14.498515981331831, 35.859028896717398 ], [ 14.498067283627222, 35.859052366838149 ], [ 14.497981469364762, 35.859140658025488 ], [ 14.497529370638439, 35.859176349854422 ], [ 14.496982095407807, 35.859140658025488 ], [ 14.496613278593157, 35.858997891277198 ], [ 14.496672765031283, 35.858914609645197 ], [ 14.496292051827337, 35.858712354825045 ], [ 14.496292051827337, 35.858617177235232 ], [ 14.496387229230011, 35.85840302596619 ], [ 14.496351538265465, 35.858295950114695 ], [ 14.49624446267687, 35.858188874118618 ], [ 14.496173078052822, 35.858069900781771 ], [ 14.495911336826801, 35.857486933073027 ], [ 14.495590110060983, 35.857034834973291 ], [ 14.495138014029617, 35.856773094973938 ], [ 14.494566943325404, 35.856535148968682 ], [ 14.49539975435731, 35.855833207841712 ], [ 14.496054106074897, 35.855309726325203 ], [ 14.496565690340987, 35.854667271645987 ], [ 14.497201057961684, 35.854026626173948 ], [ 14.497464513173266, 35.853476750020569 ], [ 14.497469081106471, 35.853239809096678 ], [ 14.497422295948175, 35.852490064643106 ], [ 14.497243834837199, 35.852466270027051 ], [ 14.497029684558274, 35.85252575728196 ], [ 14.496162003621972, 35.853015740353143 ], [ 14.495609879285441, 35.853222960076522 ], [ 14.495386809634068, 35.853253697649357 ], [ 14.495080452681172, 35.853118730666417 ], [ 14.494876273701928, 35.852775600207039 ], [ 14.49501904025507, 35.852371092219464 ], [ 14.495828055813423, 35.851621562355334 ], [ 14.498314594316502, 35.849646609162278 ], [ 14.498957047848137, 35.848754311310074 ], [ 14.499186070634874, 35.848225873151058 ], [ 14.499138482382703, 35.847916542697796 ], [ 14.498519821629692, 35.847250293825788 ], [ 14.497377681119563, 35.846346097725018 ], [ 14.496973172442072, 35.845846412077066 ], [ 14.496877994141101, 35.845441902966002 ], [ 14.497187323619293, 35.844323555932277 ], [ 14.497401475694812, 35.843847664217257 ], [ 14.499328838984674, 35.842253424736057 ], [ 14.502374549107712, 35.839826374819587 ], [ 14.50413535037082, 35.838351109322502 ], [ 14.50580097333299, 35.836971022261913 ], [ 14.507300034268406, 35.835781290949356 ], [ 14.508418380203286, 35.834853301846323 ], [ 14.508656325955725, 35.834353615168069 ], [ 14.508442174778535, 35.833853928255941 ], [ 14.508174114802797, 35.833322966361088 ], [ 14.508600124656617, 35.832965668066514 ], [ 14.510328028715717, 35.831387237654766 ], [ 14.512692797887077, 35.829310816296008 ], [ 14.513720724795341, 35.828492280714649 ], [ 14.513473261392454, 35.828206745855276 ], [ 14.511760049279815, 35.829482135679775 ], [ 14.509856539854013, 35.83103666966187 ], [ 14.509475767361295, 35.831347633981373 ], [ 14.507505699959447, 35.832875626786759 ], [ 14.505838919967214, 35.831718989926948 ], [ 14.503870079664066, 35.83332297000252 ], [ 14.50082087958614, 35.835649020122169 ], [ 14.499907919966271, 35.837388990358434 ], [ 14.492320919756501, 35.843527980007757 ], [ 14.492095493824174, 35.843726080646078 ], [ 14.491342654412108, 35.844387665980555 ], [ 14.490451276816906, 35.845089538039645 ], [ 14.489392416421856, 35.845839067750845 ], [ 14.487878880033946, 35.847144000245365 ], [ 14.484170727067561, 35.850107674824962 ], [ 14.483312894361704, 35.850788347875316 ], [ 14.482837001958492, 35.851145265910176 ], [ 14.482420595993377, 35.851109574834304 ], [ 14.482106608750433, 35.850820404297593 ], [ 14.481211830133589, 35.850326732064026 ], [ 14.48057987970425, 35.850701969638038 ], [ 14.480300892621418, 35.850905080780386 ], [ 14.480079555820247, 35.851358918362969 ], [ 14.479341923089311, 35.8515730690007 ], [ 14.479080823260384, 35.851614026341018 ], [ 14.476642920445128, 35.852304958651487 ], [ 14.475974985302129, 35.852382085957814 ], [ 14.474404540640958, 35.852691415738114 ], [ 14.474095211162766, 35.852453469860365 ], [ 14.473619318759557, 35.852227421343187 ], [ 14.473518868246154, 35.852130717124908 ], [ 14.473261209863109, 35.852137002192784 ], [ 14.472954260022096, 35.852079894847954 ], [ 14.472825768597129, 35.851987095324851 ], [ 14.472697278070463, 35.851929989328255 ], [ 14.472454573043635, 35.851922850165664 ], [ 14.472361774379843, 35.851901434858306 ], [ 14.472090514605078, 35.851701559105713 ], [ 14.47196202318008, 35.8515730690007 ], [ 14.471812117715372, 35.851494545832459 ], [ 14.471705042126745, 35.851487408086868 ], [ 14.471555135763706, 35.851508822777909 ], [ 14.471462337099915, 35.851587345932025 ], [ 14.47133384567495, 35.851551654327004 ], [ 14.471105417572923, 35.851408886290052 ], [ 14.471005481794194, 35.851209012208351 ], [ 14.470912682232074, 35.85105910722659 ], [ 14.4707699147806, 35.85105910722659 ], [ 14.470698531953181, 35.850987722068673 ], [ 14.470598592581196, 35.850773572034413 ], [ 14.470520070842204, 35.850652218247049 ], [ 14.470470102952858, 35.850609387668406 ], [ 14.470384442302302, 35.850623664773238 ], [ 14.470255950877304, 35.850595111289088 ], [ 14.470213120102894, 35.850352405894867 ], [ 14.470120322337399, 35.850259607990665 ], [ 14.469920448085015, 35.850159669928367 ], [ 14.469363653407273, 35.850216777928082 ], [ 14.468938919161165, 35.850181084977997 ], [ 14.46818225112937, 35.850066871070467 ], [ 14.4679109922529, 35.850066871070467 ], [ 14.467054385747451, 35.850166807793485 ], [ 14.466627272762461, 35.850126357212964 ], [ 14.465961023757245, 35.849912206308723 ], [ 14.464533347445878, 35.849126985261854 ], [ 14.464009865892168, 35.848817653954647 ], [ 14.463688638228019, 35.848520220799919 ], [ 14.462594085970094, 35.847925356240808 ], [ 14.461463841849293, 35.847211517248631 ], [ 14.459952906084114, 35.846316148262773 ], [ 14.459255702032547, 35.845876639877645 ], [ 14.458422891000613, 35.846412019269579 ], [ 14.458184945248172, 35.846858167701093 ], [ 14.457798284298745, 35.84739354629226 ], [ 14.457675746907476, 35.847733242771305 ], [ 14.457705235903294, 35.848079127797156 ], [ 14.459129060238739, 35.84899794997586 ], [ 14.459475554816848, 35.84925934065167 ], [ 14.460522517924305, 35.849944627151544 ], [ 14.461381705289584, 35.850453775213971 ], [ 14.462578371740834, 35.851162909752411 ], [ 14.464414692573264, 35.852288327137842 ], [ 14.464539048154661, 35.852495408237239 ], [ 14.464558084353849, 35.852780943053801 ], [ 14.464489215910904, 35.853082238836478 ], [ 14.464407896818122, 35.853807402956882 ], [ 14.464657739858222, 35.854164321963786 ], [ 14.465716600253268, 35.854747290078464 ], [ 14.466918228099823, 35.85543733376381 ], [ 14.467287044914439, 35.855758560818352 ], [ 14.467798629180557, 35.85612737799589 ], [ 14.468476774575034, 35.856519989048458 ], [ 14.46885748867731, 35.856769831764183 ], [ 14.469273894642425, 35.85699588116389 ], [ 14.469511841293198, 35.85730521114516 ], [ 14.469952040935235, 35.857685924207352 ], [ 14.470320856851551, 35.858078536278121 ], [ 14.470594496263498, 35.858459249266716 ], [ 14.470653981803293, 35.858911347251656 ], [ 14.47066587998925, 35.859149292677145 ], [ 14.470737263714968, 35.859470519979951 ], [ 14.470880031166436, 35.859637081988325 ], [ 14.471058489582488, 35.859910721101834 ], [ 14.471177463357039, 35.860124871938005 ], [ 14.471439202786398, 35.860398510095678 ], [ 14.471665252149576, 35.86054127796158 ], [ 14.471903197902016, 35.860731634958817 ], [ 14.472057864437739, 35.860910094001042 ], [ 14.472416055080888, 35.861528112850948 ], [ 14.472153041840413, 35.861623931976162 ], [ 14.471617662999076, 35.861528754970173 ], [ 14.470927621215267, 35.861623931976162 ], [ 14.470868133878811, 35.861778597916334 ], [ 14.470987107653363, 35.862028440802945 ], [ 14.471010902228613, 35.862195003260524 ], [ 14.47096331307811, 35.862266387063805 ], [ 14.471058489582488, 35.86239725720278 ], [ 14.471612360243942, 35.862612783096125 ], [ 14.471665252149576, 35.862777971289809 ], [ 14.471387017854912, 35.862916904062622 ], [ 14.470939517604565, 35.862873149707795 ], [ 14.47051121435182, 35.862932637162032 ], [ 14.47008291109908, 35.86317058289243 ], [ 14.469772289843528, 35.86343328021205 ], [ 14.470186317069764, 35.863818751205216 ], [ 14.470743110849174, 35.864061456871418 ], [ 14.471057198703424, 35.864189947848416 ], [ 14.471799590708713, 35.864232777642428 ], [ 14.472413492187369, 35.864446927721438 ], [ 14.472856072364918, 35.864775294856777 ], [ 14.473370035369882, 35.865374919270252 ], [ 14.473755507848184, 35.865760391739769 ], [ 14.47405531967596, 35.866131588024849 ], [ 14.474155257251317, 35.866631274686007 ], [ 14.47429802470279, 35.867130961108437 ], [ 14.474569283579257, 35.867587817878395 ], [ 14.474612114353668, 35.867916182919394 ], [ 14.474826264632558, 35.868244548783629 ], [ 14.475097524407326, 35.868415869975408 ], [ 14.475311674686251, 35.868972663656564 ], [ 14.475825638589516, 35.869686501809781 ], [ 14.476125451315591, 35.86969792409392 ], [ 14.476192075766953, 35.869831174005185 ], [ 14.476439540068171, 35.869812138109289 ], [ 14.476515683068278, 35.870012013332051 ], [ 14.476620379019694, 35.870192852246255 ], [ 14.47680121797122, 35.87030706627619 ], [ 14.476886878621777, 35.870487905244921 ], [ 14.476943986321022, 35.870935243774007 ], [ 14.477077235223748, 35.871230296920046 ], [ 14.477315181874516, 35.871506314206421 ], [ 14.47753500142116, 35.871694785726916 ], [ 14.47728186875052, 35.872356257794678 ], [ 14.47808136755676, 35.873055820064366 ], [ 14.478566777610418, 35.873585962730047 ], [ 14.478888005274566, 35.87370493606916 ], [ 14.479470973266405, 35.874085649699424 ], [ 14.480291887010683, 35.874799487647486 ], [ 14.480862957714896, 35.875489532914607 ], [ 14.481804827815553, 35.874966272206251 ], [ 14.482947740876819, 35.87424789069437 ], [ 14.483828141059224, 35.873724409962129 ], [ 14.484327827139388, 35.873534052871705 ], [ 14.486294879795143, 35.873276039705658 ], [ 14.485588943220693, 35.872796420831783 ], [ 14.484470596387487, 35.872368117177956 ], [ 14.483328454979061, 35.871606689779981 ], [ 14.482876357151101, 35.871273564766732 ], [ 14.482995330027322, 35.870464547702127 ], [ 14.483328454979061, 35.8704883427393 ], [ 14.483590195306785, 35.869893477768905 ], [ 14.485041667091698, 35.87008383487057 ], [ 14.485255818268923, 35.869964861917602 ], [ 14.485565147747115, 35.868632363704954 ], [ 14.486183807601828, 35.868679952688694 ], [ 14.48711179783303, 35.868727541643906 ], [ 14.48771111965463, 35.86884003033888 ], [ 14.488848803622624, 35.868513390028596 ], [ 14.489848177579546, 35.868418211832484 ], [ 14.489967151354097, 35.868061292942784 ], [ 14.490395453708542, 35.867371249225826 ], [ 14.490395453708542, 35.865848393724285 ], [ 14.490871346111753, 35.865634243064264 ], [ 14.491727951718905, 35.865753215967246 ], [ 14.492726598938809, 35.866034741338517 ], [ 14.49396464538529, 35.865420091097569 ], [ 14.494178796562515, 35.865491474180111 ], [ 14.494462277018393, 35.865890849165126 ], [ 14.49551131613244, 35.865873475043628 ] ] ] } },
{ "type": "Feature", "properties": { "LocalityId": 34, "LAU_Name": "Il-Marsa", "LAU_Latin": "Marsa", "Region": "Nofsinhar (Southern)", "Area_Km2": 2.802549, "Population": 5468.0, "NUTS3": "MT001", "LAU": "MT01134", "GREAT_CID": "MT001C", "GREAT_CIN": "Valletta (greater city)", "FUA_ID": "MT001L", "FUA_Name": "Malta", "Shape__Are": 4277601.65967, "Shape__Len": 15299.1159778 }, "geometry": { "type": "Polygon", "coordinates": [ [ [ 14.505694735872556, 35.887901494764286 ], [ 14.505271553016932, 35.887617606823724 ], [ 14.501924475184046, 35.884809286877726 ], [ 14.501814036303019, 35.884799091680769 ], [ 14.501229840314183, 35.885277000317494 ], [ 14.501156442565604, 35.88537065679413 ], [ 14.500888753594065, 35.885139357126619 ], [ 14.500462458076003, 35.885015517352066 ], [ 14.500474260142203, 35.884974069987649 ], [ 14.500267246978249, 35.884899117074262 ], [ 14.500231555115375, 35.884959793247717 ], [ 14.500110201703647, 35.88490268626223 ], [ 14.500124448085716, 35.884829697646531 ], [ 14.50023440187651, 35.884728202710555 ], [ 14.500231458097321, 35.884689932101843 ], [ 14.497879444104681, 35.885126455976433 ], [ 14.497725959751872, 35.884514969906931 ], [ 14.497703224290333, 35.88410342577744 ], [ 14.497793782555798, 35.884012868314294 ], [ 14.499169592837614, 35.883705034175527 ], [ 14.49923620740751, 35.883995669204268 ], [ 14.499322549879361, 35.884025515636829 ], [ 14.499578879654102, 35.883933030088208 ], [ 14.499982080384553, 35.883395010269233 ], [ 14.500500422676536, 35.882470031201265 ], [ 14.500627013266376, 35.882545046823708 ], [ 14.500734914406735, 35.882437146202584 ], [ 14.500592029275944, 35.882378177780275 ], [ 14.500618013943853, 35.882333236154736 ], [ 14.500807919591551, 35.882200979659778 ], [ 14.500853963639743, 35.882131009805754 ], [ 14.500777626603528, 35.882099781224007 ], [ 14.501314849686175, 35.881474758652445 ], [ 14.501481129641872, 35.881253716773827 ], [ 14.501560951243096, 35.881081678754228 ], [ 14.501578797174535, 35.880766399695339 ], [ 14.501515830662985, 35.880602687961854 ], [ 14.501320144356431, 35.880472230011549 ], [ 14.501184514918233, 35.880422260753747 ], [ 14.501077439329602, 35.880422260753747 ], [ 14.500967166636908, 35.880539878028557 ], [ 14.500970362842679, 35.88062927417355 ], [ 14.500749072753925, 35.880714934891309 ], [ 14.500442122912908, 35.880871979299904 ], [ 14.499992404722127, 35.881236036686765 ], [ 14.499728284757225, 35.881350250809383 ], [ 14.499571720979599, 35.881388437146335 ], [ 14.499057244138291, 35.881390617038676 ], [ 14.498450481571203, 35.881326370965354 ], [ 14.497915102729866, 35.88113601394533 ], [ 14.496678053413362, 35.88055299100283 ], [ 14.496701847988612, 35.880524436654291 ], [ 14.496323780323189, 35.880271598734318 ], [ 14.496366106244428, 35.880208110177925 ], [ 14.496523150620703, 35.880322322871443 ], [ 14.496545258159871, 35.880281793058423 ], [ 14.496002048704169, 35.879929713272666 ], [ 14.496038172656716, 35.879886362810424 ], [ 14.496010859380501, 35.879868153993371 ], [ 14.496064397174782, 35.879802718092286 ], [ 14.496641415624509, 35.880165585983569 ], [ 14.496677106589056, 35.880094202291339 ], [ 14.496165523221267, 35.879743231656661 ], [ 14.496391570787784, 35.879499336657872 ], [ 14.496627030003525, 35.879697549030908 ], [ 14.497318923215149, 35.880134422133914 ], [ 14.497688280815582, 35.880339498759973 ], [ 14.497938221772031, 35.880135842907627 ], [ 14.496778235330465, 35.879356568736064 ], [ 14.496861516343841, 35.879255442363863 ], [ 14.496641415624509, 35.879100777051946 ], [ 14.496621591602796, 35.879011572794184 ], [ 14.49675157872273, 35.878980308044987 ], [ 14.496802029007418, 35.878898522797492 ], [ 14.496992384711062, 35.878850934128359 ], [ 14.497248177293269, 35.878952061016932 ], [ 14.498122629730192, 35.880231020857003 ], [ 14.499174960271439, 35.87978196029519 ], [ 14.500724372676865, 35.879081658222994 ], [ 14.500754353949459, 35.879052032654208 ], [ 14.500764023415185, 35.878999696936631 ], [ 14.498693218937392, 35.875925079709802 ], [ 14.499192905915889, 35.875703790145629 ], [ 14.501138487938016, 35.878641068637023 ], [ 14.503343168342571, 35.879076983145623 ], [ 14.503518180821191, 35.878745073056393 ], [ 14.501626510292533, 35.877900363743208 ], [ 14.502316553872967, 35.877019963829113 ], [ 14.501674099443001, 35.87663924974207 ], [ 14.50225706743484, 35.87575884891443 ], [ 14.50141235821698, 35.875223471170401 ], [ 14.501650303969456, 35.874818961999338 ], [ 14.500995953150193, 35.874414455130349 ], [ 14.499199460024178, 35.87334369677977 ], [ 14.498937718798157, 35.872653653204388 ], [ 14.497747988239261, 35.871749457110056 ], [ 14.498295264368226, 35.871107003190815 ], [ 14.498295264368226, 35.87055972708005 ], [ 14.498176290593674, 35.870107629294182 ], [ 14.497985934890034, 35.869679325664805 ], [ 14.497676605411842, 35.869227228679371 ], [ 14.497272094937722, 35.869108255896187 ], [ 14.496582053153881, 35.869060665713732 ], [ 14.496225132728561, 35.868775131298456 ], [ 14.495749241223647, 35.867561605834808 ], [ 14.495511294572879, 35.866609821857097 ], [ 14.49551131613244, 35.865873475043628 ], [ 14.494462277018393, 35.865890849165126 ], [ 14.494178796562515, 35.865491474180111 ], [ 14.49396464538529, 35.865420091097569 ], [ 14.492726598938809, 35.866034741338517 ], [ 14.491727951718905, 35.865753215967246 ], [ 14.490871346111753, 35.865634243064264 ], [ 14.490395453708542, 35.865848393724285 ], [ 14.490395453708542, 35.867371249225826 ], [ 14.489967151354097, 35.868061292942784 ], [ 14.489848177579546, 35.868418211832484 ], [ 14.488848803622624, 35.868513390028596 ], [ 14.48771111965463, 35.86884003033888 ], [ 14.48711179783303, 35.868727541643906 ], [ 14.486183807601828, 35.868679952688694 ], [ 14.485565147747115, 35.868632363704954 ], [ 14.485255818268923, 35.869964861917602 ], [ 14.485041667091698, 35.87008383487057 ], [ 14.483590195306785, 35.869893477768905 ], [ 14.483328454979061, 35.8704883427393 ], [ 14.482995330027322, 35.870464547702127 ], [ 14.482876357151101, 35.871273564766732 ], [ 14.483328454979061, 35.871606689779981 ], [ 14.484470596387487, 35.872368117177956 ], [ 14.485588943220693, 35.872796420831783 ], [ 14.486294879795143, 35.873276039705658 ], [ 14.484327827139388, 35.873534052871705 ], [ 14.483828141059224, 35.873724409962129 ], [ 14.482947740876819, 35.87424789069437 ], [ 14.481804827815553, 35.874966272206251 ], [ 14.480862957714896, 35.875489532914607 ], [ 14.480660703825299, 35.875679888218222 ], [ 14.480874855002522, 35.875929730952663 ], [ 14.481838537096602, 35.876512699121569 ], [ 14.483004473080278, 35.877274128138147 ], [ 14.483551748310942, 35.877750020104529 ], [ 14.483742104912883, 35.878083144090098 ], [ 14.483646926611913, 35.879308566915888 ], [ 14.484798585670786, 35.87931824530915 ], [ 14.484812862595589, 35.879653589222947 ], [ 14.484551122267899, 35.879927226912223 ], [ 14.484467841254522, 35.880200865111938 ], [ 14.484574915944821, 35.880462604892543 ], [ 14.484919939082516, 35.88093849808326 ], [ 14.485118911426348, 35.8812752202263 ], [ 14.485405465917163, 35.881633017049978 ], [ 14.485448295793272, 35.881875722012055 ], [ 14.485348359116246, 35.882004213215389 ], [ 14.485334082191411, 35.882189811009631 ], [ 14.485562510293436, 35.882446792916653 ], [ 14.486262072422647, 35.882875095940399 ], [ 14.487632641933097, 35.883574657028795 ], [ 14.489217362620739, 35.884402710167436 ], [ 14.489431513797962, 35.88457403135417 ], [ 14.4902310126042, 35.884302772940693 ], [ 14.49033095017956, 35.884359880358765 ], [ 14.490402333905276, 35.884702521819008 ], [ 14.490559379179881, 35.884845290294145 ], [ 14.49222975961978, 35.884773905724842 ], [ 14.493072089200462, 35.8847881832261 ], [ 14.493457561678763, 35.884973781046753 ], [ 14.494713916689053, 35.885416360165479 ], [ 14.496381508758297, 35.886094219085081 ], [ 14.496755495377371, 35.886672715835076 ], [ 14.49705530720515, 35.887286616788955 ], [ 14.497469332634761, 35.88770064286529 ], [ 14.497653816051375, 35.887826425264919 ], [ 14.498068957188579, 35.887572152170378 ], [ 14.498554368140569, 35.887400831647327 ], [ 14.498843546610303, 35.887236279201943 ], [ 14.499280867151878, 35.887379759253413 ], [ 14.499780554130336, 35.887344067027435 ], [ 14.500387315799095, 35.886975250298192 ], [ 14.500970283790934, 35.886570742187864 ], [ 14.501386689756053, 35.886118644069683 ], [ 14.503302155758288, 35.887201298690307 ], [ 14.503575794271933, 35.887689087808596 ], [ 14.504337220679787, 35.887927034156199 ], [ 14.505491260274171, 35.888141185694373 ], [ 14.505743159557927, 35.887933980124139 ], [ 14.505694735872556, 35.887901494764286 ] ] ] } },
{ "type": "Feature", "properties": { "LocalityId": 45, "LAU_Name": "Paola", "LAU_Latin": "Paola", "Region": "Port (Port)", "Area_Km2": 2.492905, "Population": 9339.0, "NUTS3": "MT001", "LAU": "MT01145", "GREAT_CID": "MT001C", "GREAT_CIN": "Valletta (greater city)", "FUA_ID": "MT001L", "FUA_Name": "Malta", "Shape__Are": 3804752.6337899999, "Shape__Len": 10798.8144565 }, "geometry": { "type": "Polygon", "coordinates": [ [ [ 14.512394608416725, 35.886156141064376 ], [ 14.512494960115443, 35.886068010253084 ], [ 14.512446964926456, 35.885892353140122 ], [ 14.513946024963539, 35.883667557127175 ], [ 14.514457609229661, 35.882775258682351 ], [ 14.514386224605612, 35.881835372042474 ], [ 14.514207766189562, 35.880907381847834 ], [ 14.513946024963539, 35.880943074063389 ], [ 14.513743771073978, 35.880895485166874 ], [ 14.513636694587051, 35.880300619728352 ], [ 14.513612900011802, 35.879515396913895 ], [ 14.513624798197723, 35.879158477790995 ], [ 14.513684283737518, 35.878896738068249 ], [ 14.513981716826418, 35.878861045658411 ], [ 14.514445711942036, 35.878908635049406 ], [ 14.514976246169059, 35.878923749926614 ], [ 14.515575268851657, 35.878589437953543 ], [ 14.515409394036116, 35.878361358966657 ], [ 14.514528992955379, 35.877504752738758 ], [ 14.513981716826418, 35.877302498776466 ], [ 14.513981716826418, 35.876969373691701 ], [ 14.513791360224445, 35.876648146710394 ], [ 14.513386852445283, 35.876291227770331 ], [ 14.512399374877623, 35.875851026645719 ], [ 14.511756921345988, 35.875601183663008 ], [ 14.511733125872441, 35.875470314219918 ], [ 14.512292300187358, 35.874899243242702 ], [ 14.51269680796652, 35.874851654354714 ], [ 14.513413938447732, 35.874828067352666 ], [ 14.513053726595214, 35.873102749807636 ], [ 14.512839576316322, 35.87190112168431 ], [ 14.513318231039039, 35.871172393863169 ], [ 14.512314705967164, 35.870191994724976 ], [ 14.511386715735961, 35.870391869717523 ], [ 14.509973317247692, 35.870591744205889 ], [ 14.509288032043319, 35.870663127725528 ], [ 14.509130986768714, 35.869820799260509 ], [ 14.508931113414624, 35.868949915695993 ], [ 14.509031050091656, 35.868835701893666 ], [ 14.508360041812082, 35.868193247644484 ], [ 14.508074506909139, 35.868207525222495 ], [ 14.507674755709409, 35.868278907978137 ], [ 14.506989473199962, 35.868364568947179 ], [ 14.506789598947574, 35.867722115246096 ], [ 14.506761045097935, 35.867322365119961 ], [ 14.506404124672612, 35.867308088110462 ], [ 14.506304187995585, 35.867265257794514 ], [ 14.506175698367215, 35.867065382923144 ], [ 14.506218528243361, 35.866408651709534 ], [ 14.505761671140979, 35.866265884220461 ], [ 14.506132866694477, 35.865823305117118 ], [ 14.506475510194994, 35.865537769228801 ], [ 14.506304577864425, 35.865355522676232 ], [ 14.50592316127962, 35.865399959971981 ], [ 14.502273120328972, 35.863914959955636 ], [ 14.500864888051911, 35.86336077268507 ], [ 14.498890129647689, 35.862969246036009 ], [ 14.498630203916834, 35.862862088990966 ], [ 14.497338098653223, 35.862329400041297 ], [ 14.496701025131806, 35.861850900132048 ], [ 14.496010981551372, 35.863088219299584 ], [ 14.49563026744913, 35.864730046950228 ], [ 14.49551131613244, 35.865873475043628 ], [ 14.495511294572879, 35.866609821857097 ], [ 14.495749241223647, 35.867561605834808 ], [ 14.496225132728561, 35.868775131298456 ], [ 14.496582053153881, 35.869060665713732 ], [ 14.497272094937722, 35.869108255896187 ], [ 14.497676605411842, 35.869227228679371 ], [ 14.497985934890034, 35.869679325664805 ], [ 14.498176290593674, 35.870107629294182 ], [ 14.498295264368226, 35.87055972708005 ], [ 14.498295264368226, 35.871107003190815 ], [ 14.497747988239261, 35.871749457110056 ], [ 14.498937718798157, 35.872653653204388 ], [ 14.499199460024178, 35.87334369677977 ], [ 14.500995953150193, 35.874414455130349 ], [ 14.501650303969456, 35.874818961999338 ], [ 14.50141235821698, 35.875223471170401 ], [ 14.50225706743484, 35.87575884891443 ], [ 14.501674099443001, 35.87663924974207 ], [ 14.502316553872967, 35.877019963829113 ], [ 14.501626510292533, 35.877900363743208 ], [ 14.503518180821191, 35.878745073056393 ], [ 14.503343168342571, 35.879076983145623 ], [ 14.503628703245546, 35.879119812899724 ], [ 14.503581114095047, 35.879262581248305 ], [ 14.5037262908281, 35.879287987315749 ], [ 14.503609667046353, 35.879609981674925 ], [ 14.503376003562845, 35.879559380090107 ], [ 14.502938658766784, 35.880885373168681 ], [ 14.502833481318357, 35.880929086280382 ], [ 14.502547946415413, 35.881821383689186 ], [ 14.502569361353489, 35.881849938297968 ], [ 14.50286921719869, 35.881892021973137 ], [ 14.502851347012729, 35.881932524032145 ], [ 14.502909063769742, 35.882395634895033 ], [ 14.504111252165014, 35.883384689704208 ], [ 14.504375393689482, 35.883360683831796 ], [ 14.504833773436244, 35.883055374906611 ], [ 14.505216866277367, 35.883312356188654 ], [ 14.505326320604841, 35.883255248743069 ], [ 14.505376290290851, 35.883257628736338 ], [ 14.505345356804034, 35.883352807301385 ], [ 14.505397705228889, 35.883457504245882 ], [ 14.505538093043183, 35.8835526818429 ], [ 14.505547610693631, 35.883614548311328 ], [ 14.505580923817625, 35.883664517010828 ], [ 14.505507159556366, 35.883885806170781 ], [ 14.505542852317573, 35.883928636963709 ], [ 14.505749864583196, 35.883835838338726 ], [ 14.505902150583443, 35.884011917781734 ], [ 14.505852181795765, 35.884069024681715 ], [ 14.505810542187405, 35.884085680822764 ], [ 14.505732018651788, 35.884057127747866 ], [ 14.50569870732442, 35.884078543100848 ], [ 14.505746295576591, 35.884183239085964 ], [ 14.50577485032453, 35.884204653677067 ], [ 14.505834335864327, 35.884171342169282 ], [ 14.505855750802365, 35.884126132268342 ], [ 14.505953308740546, 35.884071403922682 ], [ 14.506117492028388, 35.884226068990216 ], [ 14.506086559439899, 35.884264141128909 ], [ 14.505967585665349, 35.884349800826747 ], [ 14.505855750802365, 35.884414047358838 ], [ 14.505872408262675, 35.884480672339713 ], [ 14.505910478864433, 35.884487810025384 ], [ 14.505927135426447, 35.884459257095415 ], [ 14.506176979364843, 35.88451160521754 ], [ 14.506200773041764, 35.884537778901695 ], [ 14.506248362192263, 35.884554434944214 ], [ 14.506259904645338, 35.884591076769759 ], [ 14.506238489707265, 35.884648183979948 ], [ 14.506181497890712, 35.884673731699195 ], [ 14.506259904645338, 35.884833782128659 ], [ 14.506267043556903, 35.884926581039892 ], [ 14.506231351694028, 35.885105040178935 ], [ 14.506088584242555, 35.885333468745785 ], [ 14.506833160950622, 35.885624824875627 ], [ 14.507497685190476, 35.884666931008042 ], [ 14.508228788067608, 35.885046557736885 ], [ 14.510019829318177, 35.885838529946305 ], [ 14.511795997162531, 35.886560993356774 ], [ 14.512008683187521, 35.886284776705445 ], [ 14.512103862386819, 35.886289535781998 ], [ 14.512241869665607, 35.886222910867325 ], [ 14.512332289590516, 35.88615628589654 ], [ 14.512394608416725, 35.886156141064376 ] ] ] } },
{ "type": "Feature", "properties": { "LocalityId": 57, "LAU_Name": "Santa Luċija", "LAU_Latin": "Santa Luċija", "Region": "Nofsinhar (Southern)", "Area_Km2": 0.731404, "Population": 2617.0, "NUTS3": "MT001", "LAU": "MT01157", "GREAT_CID": "MT001C", "GREAT_CIN": "Valletta (greater city)", "FUA_ID": "MT001L", "FUA_Name": "Malta", "Shape__Are": 1115932.1543000001, "Shape__Len": 4732.0476598400001 }, "geometry": { "type": "Polygon", "coordinates": [ [ [ 14.506304577864425, 35.865355522676232 ], [ 14.507141599300057, 35.864954641684236 ], [ 14.508983301939365, 35.863798223637914 ], [ 14.510610854299779, 35.863041555901795 ], [ 14.513092958718618, 35.862233667675241 ], [ 14.513558039897395, 35.862038010647872 ], [ 14.514492756713462, 35.86189361689047 ], [ 14.514362203654892, 35.861402121973214 ], [ 14.51424274389178, 35.861040456757856 ], [ 14.513933901300479, 35.860659729956907 ], [ 14.51347704509643, 35.86035515913926 ], [ 14.513126956358867, 35.860080088778048 ], [ 14.51296109591638, 35.8597604197724 ], [ 14.512563331790027, 35.858832304242227 ], [ 14.512287313639206, 35.858375447965464 ], [ 14.511880080371451, 35.857932029760363 ], [ 14.511408840343073, 35.857386990287019 ], [ 14.511259386730941, 35.857299931216915 ], [ 14.510375148047338, 35.857551135136305 ], [ 14.509968119595454, 35.857855980285407 ], [ 14.509385828035029, 35.857911639727838 ], [ 14.509332024339407, 35.857942385675784 ], [ 14.508715295862553, 35.857984198107253 ], [ 14.506583040331121, 35.858814030158214 ], [ 14.505671161384527, 35.858988990142841 ], [ 14.505542804706858, 35.858977925971793 ], [ 14.505101330355407, 35.858884651825115 ], [ 14.504506476754038, 35.858884651825115 ], [ 14.503449995996167, 35.858813267888515 ], [ 14.503121630318786, 35.858913205964171 ], [ 14.502536282689768, 35.858998866135508 ], [ 14.501922382109441, 35.858998866135508 ], [ 14.501497666727939, 35.859036865216204 ], [ 14.501193742412816, 35.85898837275677 ], [ 14.501219362364736, 35.859061763766668 ], [ 14.501237096905067, 35.859227294990717 ], [ 14.501122883303202, 35.859455723187679 ], [ 14.50090873212598, 35.859641320658511 ], [ 14.501179990104118, 35.860269498977473 ], [ 14.501287864295033, 35.860383364747044 ], [ 14.501180880334575, 35.860553010250811 ], [ 14.499835919996244, 35.860454999898224 ], [ 14.499195520013343, 35.86065497079661 ], [ 14.499668915998418, 35.861609496686576 ], [ 14.499067028588376, 35.861811390295109 ], [ 14.499109859362818, 35.862211139098349 ], [ 14.498824323561546, 35.862553780989074 ], [ 14.498630203916834, 35.862862088990966 ], [ 14.498890129647689, 35.862969246036009 ], [ 14.500864888051911, 35.86336077268507 ], [ 14.502273120328972, 35.863914959955636 ], [ 14.50592316127962, 35.865399959971981 ], [ 14.506304577864425, 35.865355522676232 ] ] ] } },
{ "type": "Feature", "properties": { "LocalityId": 62, "LAU_Name": "Ħal Tarxien", "LAU_Latin": "Tarxien", "Region": "Port (Port)", "Area_Km2": 0.878355, "Population": 9464.0, "NUTS3": "MT001", "LAU": "MT01162", "GREAT_CID": "MT001C", "GREAT_CIN": "Valletta (greater city)", "FUA_ID": "MT001L", "FUA_Name": "Malta", "Shape__Are": 1340316.90332, "Shape__Len": 5230.6382551099996 }, "geometry": { "type": "Polygon", "coordinates": [ [ [ 14.520853868275804, 35.866923225205767 ], [ 14.520618866302552, 35.866724961944364 ], [ 14.520301785261774, 35.866336697987172 ], [ 14.519701171662781, 35.865400053882752 ], [ 14.519576822369599, 35.86513309194617 ], [ 14.519262573716903, 35.864711937297244 ], [ 14.518819995335983, 35.864369293816431 ], [ 14.517919392042826, 35.863447622712386 ], [ 14.516160558090162, 35.862128355896488 ], [ 14.515592859661519, 35.861654940029311 ], [ 14.515202159886577, 35.861784031159324 ], [ 14.514492756713462, 35.86189361689047 ], [ 14.513558039897395, 35.862038010647872 ], [ 14.513092958718618, 35.862233667675241 ], [ 14.510610854299779, 35.863041555901795 ], [ 14.508983301939365, 35.863798223637914 ], [ 14.507141599300057, 35.864954641684236 ], [ 14.506304577864425, 35.865355522676232 ], [ 14.506475510194994, 35.865537769228801 ], [ 14.506132866694477, 35.865823305117118 ], [ 14.505761671140979, 35.866265884220461 ], [ 14.506218528243361, 35.866408651709534 ], [ 14.506175698367215, 35.867065382923144 ], [ 14.506304187995585, 35.867265257794514 ], [ 14.506404124672612, 35.867308088110462 ], [ 14.506761045097935, 35.867322365119961 ], [ 14.506789598947574, 35.867722115246096 ], [ 14.506989473199962, 35.868364568947179 ], [ 14.507674755709409, 35.868278907978137 ], [ 14.508074506909139, 35.868207525222495 ], [ 14.508360041812082, 35.868193247644484 ], [ 14.509031050091656, 35.868835701893666 ], [ 14.508931113414624, 35.868949915695993 ], [ 14.509130986768714, 35.869820799260509 ], [ 14.509288032043319, 35.870663127725528 ], [ 14.509973317247692, 35.870591744205889 ], [ 14.511386715735961, 35.870391869717523 ], [ 14.512314705967164, 35.870191994724976 ], [ 14.513318231039039, 35.871172393863169 ], [ 14.513670998552813, 35.871519733680564 ], [ 14.514213516305716, 35.871476904185116 ], [ 14.514500305256806, 35.871476904185116 ], [ 14.515700040353041, 35.87134401009039 ], [ 14.515741130192442, 35.871077154802279 ], [ 14.516626289649237, 35.87069168198893 ], [ 14.518195662620268, 35.870036219067948 ], [ 14.517654216557469, 35.867807775361101 ], [ 14.517682770407108, 35.867522240071104 ], [ 14.517697047331911, 35.867165320785844 ], [ 14.517468620128215, 35.866922615889266 ], [ 14.517311573955281, 35.866579973230465 ], [ 14.517397234605836, 35.8664514817605 ], [ 14.518039689934096, 35.866608526781299 ], [ 14.519085121414003, 35.866771019679547 ], [ 14.520038436051383, 35.866965445662466 ], [ 14.520652336631706, 35.867008276140446 ], [ 14.520853868275804, 35.866923225205767 ] ] ] } },
{ "type": "Feature", "properties": { "LocalityId": 65, "LAU_Name": "Ix-Xgħajra", "LAU_Latin": "Xgħajra", "Region": "Port (Port)", "Area_Km2": 0.971341, "Population": 2192.0, "NUTS3": "MT001", "LAU": "MT01165", "GREAT_CID": "MT001C", "GREAT_CIN": "Valletta (greater city)", "FUA_ID": "MT001L", "FUA_Name": "Malta", "Shape__Are": 1482879.25391, "Shape__Len": 5670.2968805600003 }, "geometry": { "type": "Polygon", "coordinates": [ [ [ 14.557209221423395, 35.881755658265547 ], [ 14.557035445924949, 35.881554813342255 ], [ 14.556778463973318, 35.881312108124732 ], [ 14.556550035871291, 35.881126509729448 ], [ 14.556193117242596, 35.880883804655163 ], [ 14.556007519016685, 35.880683929929141 ], [ 14.555664877312829, 35.880526885147695 ], [ 14.555436449210804, 35.880312734126868 ], [ 14.555165190334334, 35.880084306363997 ], [ 14.554951038258814, 35.879841601007641 ], [ 14.554836823758652, 35.879584618654491 ], [ 14.554793992984209, 35.879399021306369 ], [ 14.554108708678164, 35.879284807281586 ], [ 14.553694683248525, 35.879270530243922 ], [ 14.553551914898755, 35.879427573877045 ], [ 14.55318071934526, 35.879670279046266 ], [ 14.552852352769547, 35.879670279046266 ], [ 14.552338389764579, 35.87971310993526 ], [ 14.551667382383338, 35.879912984927572 ], [ 14.550767945103411, 35.880212796834243 ], [ 14.550368195700305, 35.880412671293463 ], [ 14.54999700014681, 35.880512609061775 ], [ 14.548540769985802, 35.881055126175362 ], [ 14.548255235082863, 35.881055126175362 ], [ 14.547983976206392, 35.8809551883637 ], [ 14.547141646625747, 35.881012295284194 ], [ 14.546727621196137, 35.881226447324948 ], [ 14.546627682722447, 35.881454874705412 ], [ 14.546213656394508, 35.881683302882692 ], [ 14.545945773386899, 35.882027282043602 ], [ 14.545320282742788, 35.882174021323266 ], [ 14.544905882715691, 35.882422416292357 ], [ 14.544985855233858, 35.883101461723861 ], [ 14.544433819830505, 35.883463139793371 ], [ 14.544072141029128, 35.883862889998525 ], [ 14.543653358121791, 35.883996140103733 ], [ 14.543074875418158, 35.88404397532365 ], [ 14.542698651994009, 35.884444480981074 ], [ 14.541616537809494, 35.885214424078576 ], [ 14.541256161565306, 35.885575962221587 ], [ 14.540634913664254, 35.886036326892388 ], [ 14.540717880267247, 35.886115980320263 ], [ 14.540843304843854, 35.886194502667266 ], [ 14.540832567281281, 35.886463814293855 ], [ 14.540737388081983, 35.886773144243584 ], [ 14.540796875418406, 35.88699919321261 ], [ 14.540844463670577, 35.88741559774882 ], [ 14.540844463670577, 35.88754646928993 ], [ 14.540951540157501, 35.887677339159161 ], [ 14.541165691334726, 35.887843900101132 ], [ 14.541379843410244, 35.888081845983542 ], [ 14.541498816286465, 35.888248409713583 ], [ 14.541760556614154, 35.888724301971187 ], [ 14.543140643775056, 35.888759994302887 ], [ 14.543371664415002, 35.888806742259547 ], [ 14.543962686701651, 35.889587873141174 ], [ 14.544319606228674, 35.889873408229882 ], [ 14.544771704056636, 35.89020653289684 ], [ 14.545378738813243, 35.890678396159366 ], [ 14.545409788182752, 35.890639271854141 ], [ 14.545546845043944, 35.890561226230517 ], [ 14.545699130145859, 35.890450819207487 ], [ 14.545765754597223, 35.89043559008838 ], [ 14.545860932898194, 35.890454626122882 ], [ 14.545862837326608, 35.890408940214598 ], [ 14.545912330007189, 35.890338508206149 ], [ 14.546167408428738, 35.890191933245738 ], [ 14.54623974436868, 35.890087237199118 ], [ 14.546224515229689, 35.890039647975051 ], [ 14.546180879564746, 35.889980038958399 ], [ 14.546198880006418, 35.889605999669072 ], [ 14.546261909399997, 35.889548193009432 ], [ 14.54648707302427, 35.889558915955106 ], [ 14.54661556355094, 35.889401871305509 ], [ 14.546624323921598, 35.889344931271772 ], [ 14.546683513017353, 35.889309010683661 ], [ 14.546723964154586, 35.889266179889589 ], [ 14.54673586144221, 35.889232868327589 ], [ 14.546712066866959, 35.889185279317807 ], [ 14.546733481805035, 35.889159104986419 ], [ 14.546785830229892, 35.88913055082962 ], [ 14.546796006345442, 35.889073941009826 ], [ 14.546850693983309, 35.889054270752702 ], [ 14.546897665092873, 35.889097239210507 ], [ 14.54696190990706, 35.889090099756991 ], [ 14.547011878694738, 35.88905202921061 ], [ 14.547021667636375, 35.88899277387636 ], [ 14.547153127993379, 35.888945489659775 ], [ 14.547206994571065, 35.888968747870692 ], [ 14.547252204084389, 35.888966368049061 ], [ 14.547299794133188, 35.888942574195447 ], [ 14.547433043035914, 35.889035372658533 ], [ 14.547490149836829, 35.889037751750301 ], [ 14.54750918603602, 35.88898540370905 ], [ 14.547485390562475, 35.888916399056043 ], [ 14.54753536024845, 35.888892605187422 ], [ 14.547564242881462, 35.888835346749602 ], [ 14.547682118016427, 35.888818596268869 ], [ 14.547800535733808, 35.888902184159882 ], [ 14.548000409986193, 35.888916460916853 ], [ 14.548086070636748, 35.888873630638223 ], [ 14.548164293236738, 35.88880844525459 ], [ 14.548121897246922, 35.888720689288888 ], [ 14.548145691822173, 35.888661202273582 ], [ 14.548225999411924, 35.88861956177297 ], [ 14.548333074102223, 35.888667151122689 ], [ 14.548442990163771, 35.888745139663349 ], [ 14.548585756716912, 35.888730862875491 ], [ 14.548785631867631, 35.888602371668938 ], [ 14.548985507018346, 35.888588094855336 ], [ 14.549185382169062, 35.888516710748746 ], [ 14.549585130673867, 35.888445328033313 ], [ 14.549813559674192, 35.888359666943231 ], [ 14.55001343392661, 35.888345390085881 ], [ 14.550484567953797, 35.888345390085881 ], [ 14.550955701082652, 35.888216898981618 ], [ 14.551055637759678, 35.88814551599593 ], [ 14.55111880729047, 35.888021202041287 ], [ 14.551155575335038, 35.887788595735636 ], [ 14.551398280361866, 35.887674382164349 ], [ 14.551614962093247, 35.887617632296262 ], [ 14.551735382155389, 35.887519683075283 ], [ 14.551798029765001, 35.887331739734336 ], [ 14.552053318392304, 35.886944849671401 ], [ 14.55199703983808, 35.886770010360955 ], [ 14.552197920203616, 35.88656103120217 ], [ 14.55229244093781, 35.88651688233746 ], [ 14.552462294391729, 35.886207889813562 ], [ 14.552690721595425, 35.885936631173983 ], [ 14.552619337869706, 35.885608265856327 ], [ 14.552448016568595, 35.885508327967415 ], [ 14.552448016568595, 35.885394114018538 ], [ 14.55246980161254, 35.885354174869263 ], [ 14.552583251646404, 35.885361546102359 ], [ 14.552583251646404, 35.885246709665651 ], [ 14.553047641122413, 35.885337007346237 ], [ 14.553264802554144, 35.885228836145011 ], [ 14.553290346149277, 35.885008641725754 ], [ 14.553704373375515, 35.884823043986856 ], [ 14.553889969804766, 35.884665998678656 ], [ 14.554418210632866, 35.884765936902745 ], [ 14.554697083629666, 35.884542267336123 ], [ 14.554706622839676, 35.88441620897251 ], [ 14.554992137081387, 35.884380463735809 ], [ 14.55534429733402, 35.884399499770353 ], [ 14.5555156177368, 35.88449467769091 ], [ 14.555677423184092, 35.884370946080722 ], [ 14.555734529985004, 35.884266250343813 ], [ 14.555715493785815, 35.884123482280422 ], [ 14.555734529985004, 35.884018786216309 ], [ 14.555877294741521, 35.884047339305077 ], [ 14.556001027790458, 35.884018786216309 ], [ 14.555924885688649, 35.883856982274324 ], [ 14.555905848591159, 35.883742768127391 ], [ 14.555959919984749, 35.883514979824731 ], [ 14.556171687033176, 35.883291238309475 ], [ 14.556162831441121, 35.883057484153696 ], [ 14.556124759042739, 35.882895679703381 ], [ 14.556048616940961, 35.882752912808471 ], [ 14.556162831441121, 35.882724359253032 ], [ 14.556315117441336, 35.882743394957799 ], [ 14.556419811596127, 35.882705322815887 ], [ 14.556486437844116, 35.882505449047251 ], [ 14.55667487923791, 35.882499959726161 ], [ 14.556724383596592, 35.88230557404642 ], [ 14.556867151946358, 35.882210394950711 ], [ 14.557009920296158, 35.882077146208097 ], [ 14.557105097698832, 35.881905823987182 ], [ 14.557209221423395, 35.881755658265547 ] ] ] } },
{ "type": "Feature", "properties": { "LocalityId": 6, "LAU_Name": "Ħal Qormi", "LAU_Latin": "Citta' Pinto", "Region": "Nofsinhar (Southern)", "Area_Km2": 5.043045, "Population": 18099.0, "NUTS3": "MT001", "LAU": "MT01206", "GREAT_CID": "MT001C", "GREAT_CIN": "Valletta (greater city)", "FUA_ID": "MT001L", "FUA_Name": "Malta", "Shape__Are": 7697603.74658, "Shape__Len": 13333.4315673 }, "geometry": { "type": "Polygon", "coordinates": [ [ [ 14.471519106134288, 35.886867248727214 ], [ 14.472673076558394, 35.886828912195135 ], [ 14.47395219397967, 35.886856970826678 ], [ 14.474789764285962, 35.886818899934461 ], [ 14.475170478388204, 35.886657095890996 ], [ 14.47591271678159, 35.886199846900197 ], [ 14.476780079714286, 35.885862000132626 ], [ 14.476829561615071, 35.885812722777082 ], [ 14.476950314952205, 35.885467364852154 ], [ 14.477007421753122, 35.885020026138086 ], [ 14.477112117704538, 35.884563170176449 ], [ 14.47752138475809, 35.884629795031877 ], [ 14.478444615714938, 35.884820151660762 ], [ 14.478939544317338, 35.884801115727313 ], [ 14.479434472021445, 35.884572687808422 ], [ 14.479847999784393, 35.884277009667798 ], [ 14.480282806839789, 35.883706103346846 ], [ 14.481610071265331, 35.882699733067845 ], [ 14.483668982048783, 35.881485690854426 ], [ 14.484170409063955, 35.881509567739123 ], [ 14.484777170732714, 35.881640438850525 ], [ 14.485098398396859, 35.881461979182966 ], [ 14.485118911426348, 35.8812752202263 ], [ 14.484919939082516, 35.88093849808326 ], [ 14.484574915944821, 35.880462604892543 ], [ 14.484467841254522, 35.880200865111938 ], [ 14.484551122267899, 35.879927226912223 ], [ 14.484812862595589, 35.879653589222947 ], [ 14.484798585670786, 35.87931824530915 ], [ 14.483646926611913, 35.879308566915888 ], [ 14.483742104912883, 35.878083144090098 ], [ 14.483551748310942, 35.877750020104529 ], [ 14.483004473080278, 35.877274128138147 ], [ 14.481838537096602, 35.876512699121569 ], [ 14.480874855002522, 35.875929730952663 ], [ 14.480660703825299, 35.875679888218222 ], [ 14.480862957714896, 35.875489532914607 ], [ 14.480291887010683, 35.874799487647486 ], [ 14.479470973266405, 35.874085649699424 ], [ 14.478888005274566, 35.87370493606916 ], [ 14.478566777610418, 35.873585962730047 ], [ 14.47808136755676, 35.873055820064366 ], [ 14.47728186875052, 35.872356257794678 ], [ 14.47753500142116, 35.871694785726916 ], [ 14.477315181874516, 35.871506314206421 ], [ 14.477077235223748, 35.871230296920046 ], [ 14.476943986321022, 35.870935243774007 ], [ 14.476886878621777, 35.870487905244921 ], [ 14.47680121797122, 35.87030706627619 ], [ 14.476620379019694, 35.870192852246255 ], [ 14.476515683068278, 35.870012013332051 ], [ 14.476439540068171, 35.869812138109289 ], [ 14.476192075766953, 35.869831174005185 ], [ 14.476125451315591, 35.86969792409392 ], [ 14.475825638589516, 35.869686501809781 ], [ 14.475311674686251, 35.868972663656564 ], [ 14.475097524407326, 35.868415869975408 ], [ 14.474826264632558, 35.868244548783629 ], [ 14.474612114353668, 35.867916182919394 ], [ 14.474569283579257, 35.867587817878395 ], [ 14.47429802470279, 35.867130961108437 ], [ 14.474155257251317, 35.866631274686007 ], [ 14.47405531967596, 35.866131588024849 ], [ 14.473755507848184, 35.865760391739769 ], [ 14.473370035369882, 35.865374919270252 ], [ 14.472856072364918, 35.864775294856777 ], [ 14.472413492187369, 35.864446927721438 ], [ 14.471799590708713, 35.864232777642428 ], [ 14.471057198703424, 35.864189947848416 ], [ 14.470743110849174, 35.864061456871418 ], [ 14.470186317069764, 35.863818751205216 ], [ 14.469772289843528, 35.86343328021205 ], [ 14.469280620328959, 35.862889676350925 ], [ 14.468830023585818, 35.862633781268933 ], [ 14.468430274182682, 35.862633781268933 ], [ 14.467873480403272, 35.862762270920328 ], [ 14.467373793424811, 35.862976422060591 ], [ 14.466431384334964, 35.863682774263772 ], [ 14.466047432704451, 35.863687059310003 ], [ 14.465760518887532, 35.863690261082468 ], [ 14.465275108833874, 35.86386158119987 ], [ 14.464952718749748, 35.864149363190165 ], [ 14.464832528656295, 35.864404098043096 ], [ 14.465332215634788, 35.864261331310935 ], [ 14.46568913516178, 35.864261331310935 ], [ 14.466088884564913, 35.864418374847808 ], [ 14.466417250242298, 35.864475482768761 ], [ 14.466645678344291, 35.86456114275304 ], [ 14.466617125393016, 35.8646753568921 ], [ 14.466531463844129, 35.864775294856777 ], [ 14.466431527167101, 35.864860955973022 ], [ 14.466231652016386, 35.86491806284706 ], [ 14.465988946989556, 35.865046553891311 ], [ 14.465917563263805, 35.865274982061699 ], [ 14.465275108833874, 35.865360641909916 ], [ 14.464646931328712, 35.86561762381087 ], [ 14.463718941097506, 35.866031650314525 ], [ 14.463347744645679, 35.866245802084599 ], [ 14.463576173646036, 35.867359389822639 ], [ 14.463604726597346, 35.867844799836945 ], [ 14.464033029850087, 35.868515808318854 ], [ 14.464132968323744, 35.869101154678411 ], [ 14.464218628075967, 35.869943484241901 ], [ 14.464118691398941, 35.870200465840583 ], [ 14.463975923049139, 35.870400340811756 ], [ 14.463804601748063, 35.870585938859818 ], [ 14.463076486667545, 35.870486000943409 ], [ 14.463090763592344, 35.871057071701827 ], [ 14.463219255017341, 35.871499652148188 ], [ 14.463304914769569, 35.871899400855348 ], [ 14.463347744645679, 35.872270596773291 ], [ 14.463019379866626, 35.872556131695355 ], [ 14.462276987861305, 35.872870221250437 ], [ 14.460777927824218, 35.873141480236811 ], [ 14.459721447066311, 35.873241416987661 ], [ 14.459964152093141, 35.874212236952907 ], [ 14.460149749420758, 35.874854691897703 ], [ 14.458921949158404, 35.874949871097215 ], [ 14.457513308147899, 35.874968907214601 ], [ 14.456599593943169, 35.874778548746875 ], [ 14.456466344142145, 35.875064084093204 ], [ 14.456295022841033, 35.875692260998676 ], [ 14.45575670830535, 35.876116145117599 ], [ 14.455568160012035, 35.876179979062798 ], [ 14.454829275029613, 35.876111046959814 ], [ 14.454638918427641, 35.876472724194393 ], [ 14.453967910148069, 35.876653563648304 ], [ 14.453568160744966, 35.876796331346611 ], [ 14.453539606895328, 35.876981929697635 ], [ 14.452840045664448, 35.877110420832963 ], [ 14.452169038283207, 35.877924195852486 ], [ 14.452297528809874, 35.878238285234161 ], [ 14.45249740306226, 35.878381052987905 ], [ 14.452768661938729, 35.87870941915525 ], [ 14.452925706315002, 35.879080615192386 ], [ 14.452811491814842, 35.879237659201976 ], [ 14.452211868159317, 35.879223382155878 ], [ 14.452211868159317, 35.879580300986269 ], [ 14.451669351304711, 35.879994328046507 ], [ 14.451483753078831, 35.880065711100869 ], [ 14.451555136804551, 35.880336970196943 ], [ 14.451412369353079, 35.880593952292742 ], [ 14.451012619949976, 35.880965148232839 ], [ 14.450812744799261, 35.881293513149849 ], [ 14.450869851600174, 35.881536217696549 ], [ 14.451597966680662, 35.882093012336682 ], [ 14.451941880398977, 35.882414009805146 ], [ 14.452679090023411, 35.883241759929753 ], [ 14.453198359376767, 35.883647394246559 ], [ 14.454053570798624, 35.883991821948214 ], [ 14.454513865753565, 35.884431742020666 ], [ 14.454711903849518, 35.884735293066072 ], [ 14.455133846131746, 35.885381426885196 ], [ 14.455267095932768, 35.885381426885196 ], [ 14.45534323893291, 35.885476605809124 ], [ 14.455190952932663, 35.886009605669067 ], [ 14.455248059733611, 35.886542604852906 ], [ 14.455476487835638, 35.887056568696984 ], [ 14.455533594636554, 35.887589568111949 ], [ 14.455704916835959, 35.887894138323318 ], [ 14.456047559438147, 35.888370029071147 ], [ 14.456142736840821, 35.888636529173397 ], [ 14.456123702438253, 35.88876977997981 ], [ 14.455952381137177, 35.88897917177971 ], [ 14.456009487938093, 35.889188563753692 ], [ 14.457665593249818, 35.889378921796492 ], [ 14.457951128152757, 35.890026134845549 ], [ 14.45815054516269, 35.890813644862092 ], [ 14.45829020174831, 35.8906340873 ], [ 14.459369583257754, 35.890098893792732 ], [ 14.46140137120781, 35.889288285944453 ], [ 14.464487159667215, 35.887971960235127 ], [ 14.466215880294945, 35.887971960235127 ], [ 14.468545079774302, 35.887464000033567 ], [ 14.471519106134288, 35.886867248727214 ] ] ] } },
{ "type": "Feature", "properties": { "LocalityId": 14, "LAU_Name": "Birkirkara", "LAU_Latin": "Birkirkara", "Region": "Lvant (Eastern)", "Area_Km2": 2.728148, "Population": 25807.0, "NUTS3": "MT001", "LAU": "MT01214", "GREAT_CID": "MT001C", "GREAT_CIN": "Valletta (greater city)", "FUA_ID": "MT001L", "FUA_Name": "Malta", "Shape__Are": 4166105.1123000002, "Shape__Len": 9896.6265202499999 }, "geometry": { "type": "Polygon", "coordinates": [ [ [ 14.473414039344069, 35.902411637187612 ], [ 14.473306961958846, 35.90199523075156 ], [ 14.473342653821724, 35.901852464093459 ], [ 14.473854238986139, 35.900841192953209 ], [ 14.4743539259646, 35.900412888871948 ], [ 14.475603142961623, 35.899794230282815 ], [ 14.477625684552487, 35.898652090064068 ], [ 14.478172960681448, 35.898307066844808 ], [ 14.478387111858638, 35.898057222660078 ], [ 14.4779945013671, 35.897712201941808 ], [ 14.477578096300281, 35.89728389984915 ], [ 14.477066512034195, 35.896915082119392 ], [ 14.476245598289916, 35.896451086865397 ], [ 14.475174839708913, 35.895820529797838 ], [ 14.475412786359682, 35.895677762190296 ], [ 14.475793499563594, 35.895665864817374 ], [ 14.476174213665836, 35.895677762190296 ], [ 14.476447852179481, 35.895653968170386 ], [ 14.47690181580831, 35.895226606794949 ], [ 14.47728076741598, 35.894927671866832 ], [ 14.477399740292201, 35.894737316248644 ], [ 14.477369997073136, 35.8945588562583 ], [ 14.4768333902348, 35.894648289702019 ], [ 14.47679993338037, 35.894585460344167 ], [ 14.475839829276063, 35.894905052888731 ], [ 14.475053408143738, 35.895223155234746 ], [ 14.474399057324476, 35.895330230669799 ], [ 14.474089726947955, 35.895294539116762 ], [ 14.473566245394244, 35.894533110876679 ], [ 14.473173634004374, 35.893866862345355 ], [ 14.473792293859089, 35.893664607958272 ], [ 14.473661423695246, 35.893260099817141 ], [ 14.47265015334896, 35.890928227972019 ], [ 14.472959482827152, 35.8898217790465 ], [ 14.473270502036419, 35.888971001059573 ], [ 14.472495486813237, 35.888917581689881 ], [ 14.471900622432106, 35.8889651730438 ], [ 14.471115399652369, 35.888751020822951 ], [ 14.470568124421707, 35.888524971760283 ], [ 14.47029448590806, 35.888227539868339 ], [ 14.47029448590806, 35.888013387108167 ], [ 14.470770379209601, 35.887930106859194 ], [ 14.471472320077659, 35.88788251779426 ], [ 14.471453800409764, 35.887617088639679 ], [ 14.471479921621597, 35.887106543230402 ], [ 14.471519106134288, 35.886867248727214 ], [ 14.468545079774302, 35.887464000033567 ], [ 14.466215880294945, 35.887971960235127 ], [ 14.464487159667215, 35.887971960235127 ], [ 14.46140137120781, 35.889288285944453 ], [ 14.459369583257754, 35.890098893792732 ], [ 14.45829020174831, 35.8906340873 ], [ 14.45815054516269, 35.890813644862092 ], [ 14.457457389818078, 35.891704844802426 ], [ 14.456795506625189, 35.892828303778629 ], [ 14.456957539346243, 35.894058401885907 ], [ 14.457147895049884, 35.895676434842628 ], [ 14.457369015357056, 35.897072512828892 ], [ 14.456986317774689, 35.897256376859886 ], [ 14.45626749396915, 35.897363472831074 ], [ 14.456238940119544, 35.897934542654227 ], [ 14.456381707571012, 35.899647755055945 ], [ 14.455653593388826, 35.899947565742437 ], [ 14.454993231043687, 35.90006584093944 ], [ 14.454397238378533, 35.900647128811705 ], [ 14.453868996652137, 35.901061154878057 ], [ 14.452327106738904, 35.902074804818511 ], [ 14.45209560280535, 35.902291143975326 ], [ 14.453190391320211, 35.902329133935027 ], [ 14.455817315840953, 35.902643223299236 ], [ 14.457365999712668, 35.90294904026905 ], [ 14.462312040123713, 35.904374999742387 ], [ 14.463430232446655, 35.904686340733825 ], [ 14.46490153723642, 35.904530517224899 ], [ 14.466322080026135, 35.904042000182343 ], [ 14.467474080444807, 35.903437019782658 ], [ 14.467821155334608, 35.90320014384379 ], [ 14.468241880399599, 35.903216020292795 ], [ 14.468551209877793, 35.903346889728063 ], [ 14.468872436643609, 35.903334992780223 ], [ 14.469836118737724, 35.90357293867379 ], [ 14.470109757251336, 35.903525350279942 ], [ 14.470728418004381, 35.903656219931349 ], [ 14.470847389982271, 35.90343017195115 ], [ 14.47112861836176, 35.902773430067356 ], [ 14.471549330850362, 35.90245697199088 ], [ 14.471920319791325, 35.902511074947526 ], [ 14.472846136997884, 35.902775819661016 ], [ 14.472919901259111, 35.902656847060648 ], [ 14.473414039344069, 35.902411637187612 ] ] ] } },
{ "type": "Feature", "properties": { "LocalityId": 21, "LAU_Name": "Il-Gżira", "LAU_Latin": "Gżira", "Region": "Lvant (Eastern)", "Area_Km2": 0.978646, "Population": 10331.0, "NUTS3": "MT001", "LAU": "MT01221", "GREAT_CID": "MT001C", "GREAT_CIN": "Valletta (greater city)", "FUA_ID": "MT001L", "FUA_Name": "Malta", "Shape__Are": 1494784.8491199999, "Shape__Len": 8968.5613904000002 }, "geometry": { "type": "Polygon", "coordinates": [ [ [ 14.498981388599088, 35.907299265328035 ], [ 14.49873172073049, 35.907131918756278 ], [ 14.4975419991547, 35.905938030005579 ], [ 14.497413840106397, 35.905848030132724 ], [ 14.49719388042254, 35.905429979886883 ], [ 14.496263158414564, 35.904629031870286 ], [ 14.496209385261643, 35.904599014207214 ], [ 14.496206239361509, 35.904550260037944 ], [ 14.496274258896532, 35.904521918079702 ], [ 14.496452719109174, 35.904480277917372 ], [ 14.496966633605131, 35.904429893779174 ], [ 14.497210568425587, 35.904506111745278 ], [ 14.497374759798268, 35.904510021308504 ], [ 14.497588911873786, 35.904533814849103 ], [ 14.497922035927232, 35.904623044928535 ], [ 14.498082650208469, 35.904765813137409 ], [ 14.498136187104453, 35.904843144778908 ], [ 14.498154033035892, 35.904950221025736 ], [ 14.498433620193349, 35.905039451363294 ], [ 14.498665617301977, 35.905176269757547 ], [ 14.49881781436898, 35.905250565348545 ], [ 14.499047159650909, 35.905445009663303 ], [ 14.500150447126677, 35.905531357332542 ], [ 14.500277701571502, 35.905562931752314 ], [ 14.500378829414615, 35.905568880786653 ], [ 14.500360984381508, 35.905884159319257 ], [ 14.499325917663379, 35.90584846670415 ], [ 14.499319969019568, 35.905913902910314 ], [ 14.500444265394854, 35.905931749205152 ], [ 14.500454779276948, 35.905479621213523 ], [ 14.500569960364354, 35.905460040164513 ], [ 14.500937160211461, 35.905326030161227 ], [ 14.501705315000807, 35.905340295224867 ], [ 14.501895736281471, 35.905390421204856 ], [ 14.502383525074009, 35.905390421204856 ], [ 14.502478704273308, 35.90537257478794 ], [ 14.502942699388926, 35.905396370252113 ], [ 14.503626794325546, 35.905378523836589 ], [ 14.503799304996082, 35.905384472884734 ], [ 14.50400155888568, 35.905414215936027 ], [ 14.504203812775277, 35.905402319298915 ], [ 14.504233555994341, 35.905551035137613 ], [ 14.504322785651498, 35.90553913779349 ], [ 14.504287093788619, 35.905402319298915 ], [ 14.504453655815341, 35.905390421204856 ], [ 14.5046856538223, 35.905408266890063 ], [ 14.5046856538223, 35.90547370273265 ], [ 14.504745140260427, 35.90547370273265 ], [ 14.504739191616613, 35.90537257478794 ], [ 14.504852215849022, 35.905360678144632 ], [ 14.505036623807181, 35.905378523836589 ], [ 14.505923987729684, 35.905224447262341 ], [ 14.506690327023831, 35.904806868863766 ], [ 14.506788961143702, 35.904803040081994 ], [ 14.506972920842543, 35.904519989856958 ], [ 14.507716648642683, 35.90400035321877 ], [ 14.507868182752995, 35.903873515246467 ], [ 14.507856286363699, 35.903677208680499 ], [ 14.5078086972132, 35.903617722716369 ], [ 14.507614156258647, 35.90359442806114 ], [ 14.507430839753562, 35.903535030079283 ], [ 14.506863119765356, 35.903235959897408 ], [ 14.506275960234392, 35.902578960269508 ], [ 14.505999839675631, 35.90208701921275 ], [ 14.505960478194847, 35.901977481802405 ], [ 14.505869435737415, 35.901868818882562 ], [ 14.505732616929757, 35.901613027149679 ], [ 14.505625541341161, 35.901535695262552 ], [ 14.505393544232501, 35.901428618034167 ], [ 14.505209135376045, 35.901303696964774 ], [ 14.504997424921436, 35.901216521697513 ], [ 14.504839982591481, 35.901227505748665 ], [ 14.504322785651498, 35.901297748337534 ], [ 14.503133055092571, 35.901381029078621 ], [ 14.503068968381909, 35.901295579908151 ], [ 14.50107783907991, 35.902343857959153 ], [ 14.500478159728836, 35.90269902009306 ], [ 14.499670939902746, 35.902999062982715 ], [ 14.498737001027731, 35.903177522136019 ], [ 14.497969625077731, 35.90321321377283 ], [ 14.497410451661144, 35.903183471349628 ], [ 14.497146629936912, 35.90314708188891 ], [ 14.496988097950512, 35.903207266016715 ], [ 14.49663117842352, 35.903480903810447 ], [ 14.496482462328236, 35.903659363332537 ], [ 14.496357540808205, 35.903867566084735 ], [ 14.496268311151015, 35.904236382707268 ], [ 14.496255930569786, 35.904339545110211 ], [ 14.496006795402133, 35.904436368976583 ], [ 14.495845097752694, 35.90416832126413 ], [ 14.495667815231378, 35.903788813868339 ], [ 14.49566154768563, 35.903046651693032 ], [ 14.495713236747084, 35.903046651693032 ], [ 14.495960578877396, 35.902216681884276 ], [ 14.496087395842704, 35.902092363828245 ], [ 14.496274258896532, 35.901856920984869 ], [ 14.497133278276854, 35.901186235688215 ], [ 14.496942920776585, 35.900912597964968 ], [ 14.495569276332901, 35.901175635836857 ], [ 14.495194017699365, 35.901281413804952 ], [ 14.494789508123574, 35.901638334361692 ], [ 14.49473002168545, 35.901757307037833 ], [ 14.494087568153814, 35.90179299785985 ], [ 14.493635470325824, 35.901781100678427 ], [ 14.492624199081275, 35.900900700651206 ], [ 14.492468482414978, 35.900745542779553 ], [ 14.491557249357061, 35.901371199845514 ], [ 14.491233642055738, 35.901342645727212 ], [ 14.490795821152547, 35.901285538187416 ], [ 14.490643536050664, 35.901123736056931 ], [ 14.490234268098783, 35.901180842985795 ], [ 14.489796447195625, 35.901095181849392 ], [ 14.48927659842891, 35.900878076103147 ], [ 14.488797074136968, 35.900599460798169 ], [ 14.488511539234025, 35.900470969206417 ], [ 14.488168895733509, 35.900884996194257 ], [ 14.487783423255211, 35.900799336192975 ], [ 14.487683485679851, 35.901227638910697 ], [ 14.488440154609977, 35.901384682659831 ], [ 14.48886845786272, 35.902326950253183 ], [ 14.489239654314511, 35.90324066265422 ], [ 14.488254557282392, 35.903454814245897 ], [ 14.488026128282039, 35.903611858669215 ], [ 14.487898069845039, 35.903996034698928 ], [ 14.487654932728541, 35.904397081204735 ], [ 14.487326567051156, 35.904454187954585 ], [ 14.487683485679851, 35.90518230322543 ], [ 14.487840530954456, 35.905425008039728 ], [ 14.488068959056481, 35.905553498864833 ], [ 14.48835449395942, 35.90556777625708 ], [ 14.488454430636484, 35.905896141015226 ], [ 14.488554369110139, 35.906138845823037 ], [ 14.488854180937917, 35.906295890741042 ], [ 14.489253930341018, 35.906552872264889 ], [ 14.489967769395033, 35.907052559325265 ], [ 14.490124812872976, 35.907209603885114 ], [ 14.490381794824643, 35.907666460138728 ], [ 14.490367517899839, 35.908223253655862 ], [ 14.490153366722616, 35.908637280105644 ], [ 14.48985355489484, 35.908994198773826 ], [ 14.489282484190626, 35.909251180993365 ], [ 14.489424502447182, 35.909380289874925 ], [ 14.49019810012881, 35.909561463081232 ], [ 14.491026152784656, 35.909713747903837 ], [ 14.491226027935374, 35.909390142851208 ], [ 14.491863723090948, 35.909390142851208 ], [ 14.492234137110172, 35.909365947687732 ], [ 14.492777436397381, 35.909371107004645 ], [ 14.492851674969076, 35.909679483807956 ], [ 14.493494130297339, 35.909693761183306 ], [ 14.493808219948217, 35.909736591111262 ], [ 14.494236522302661, 35.909736591111262 ], [ 14.494621994780964, 35.9098365289748 ], [ 14.494664825555406, 35.909750867748755 ], [ 14.494390197098323, 35.909277983865479 ], [ 14.4945077802808, 35.908951369171611 ], [ 14.494464950404689, 35.908722941082075 ], [ 14.494779039157237, 35.908765770807939 ], [ 14.496092500968443, 35.909108415056082 ], [ 14.497291750076112, 35.909308287878211 ], [ 14.497448793554092, 35.908794325158254 ], [ 14.49776288320497, 35.908137594321254 ], [ 14.49860521188732, 35.908280361282635 ], [ 14.498981388599088, 35.907299265328035 ] ] ] } },
{ "type": "Feature", "properties": { "LocalityId": 27, "LAU_Name": "Il-Ħamrun", "LAU_Latin": "Ħamrun", "Region": "Nofsinhar (Southern)", "Area_Km2": 1.043593, "Population": 10514.0, "NUTS3": "MT001", "LAU": "MT01227", "GREAT_CID": "MT001C", "GREAT_CIN": "Valletta (greater city)", "FUA_ID": "MT001L", "FUA_Name": "Malta", "Shape__Are": 1593275.4013700001, "Shape__Len": 7138.5038937999998 }, "geometry": { "type": "Polygon", "coordinates": [ [ [ 14.48990895938832, 35.891051246325297 ], [ 14.490704217248096, 35.890721298237615 ], [ 14.490384850893234, 35.890217482815324 ], [ 14.489947029990043, 35.889265698832695 ], [ 14.490499065393397, 35.889189554979403 ], [ 14.491241457398718, 35.889170518640704 ], [ 14.492325664657836, 35.889074882748375 ], [ 14.492549160110633, 35.8886729696993 ], [ 14.494128933776025, 35.888552163735 ], [ 14.494591737725559, 35.888827878317962 ], [ 14.4963049498382, 35.890065198321601 ], [ 14.497104448644439, 35.890750482059019 ], [ 14.497104448644439, 35.89094083925783 ], [ 14.498361089318969, 35.890578335127991 ], [ 14.500524561306541, 35.890013479020411 ], [ 14.500895756860039, 35.88981360404668 ], [ 14.500431328756452, 35.889540298900158 ], [ 14.499625124924943, 35.88929964135847 ], [ 14.498982671393309, 35.88881423107091 ], [ 14.498311663113739, 35.88821460574335 ], [ 14.497783422285639, 35.887914794287923 ], [ 14.497653816051375, 35.887826425264919 ], [ 14.497469332634761, 35.88770064286529 ], [ 14.49705530720515, 35.887286616788955 ], [ 14.496755495377371, 35.886672715835076 ], [ 14.496381508758297, 35.886094219085081 ], [ 14.494713916689053, 35.885416360165479 ], [ 14.493457561678763, 35.884973781046753 ], [ 14.493072089200462, 35.8847881832261 ], [ 14.49222975961978, 35.884773905724842 ], [ 14.490559379179881, 35.884845290294145 ], [ 14.490402333905276, 35.884702521819008 ], [ 14.49033095017956, 35.884359880358765 ], [ 14.4902310126042, 35.884302772940693 ], [ 14.489431513797962, 35.88457403135417 ], [ 14.489217362620739, 35.884402710167436 ], [ 14.487632641933097, 35.883574657028795 ], [ 14.486262072422647, 35.882875095940399 ], [ 14.485562510293436, 35.882446792916653 ], [ 14.485334082191411, 35.882189811009631 ], [ 14.485348359116246, 35.882004213215389 ], [ 14.485448295793272, 35.881875722012055 ], [ 14.485405465917163, 35.881633017049978 ], [ 14.485118911426348, 35.8812752202263 ], [ 14.485098398396859, 35.881461979182966 ], [ 14.484777170732714, 35.881640438850525 ], [ 14.484170409063955, 35.881509567739123 ], [ 14.483668982048783, 35.881485690854426 ], [ 14.481610071265331, 35.882699733067845 ], [ 14.480282806839789, 35.883706103346846 ], [ 14.479847999784393, 35.884277009667798 ], [ 14.479709537958078, 35.885305561686316 ], [ 14.479948435924742, 35.88614313163761 ], [ 14.480452881279261, 35.886200239184177 ], [ 14.480880234114441, 35.88576241773206 ], [ 14.481408473145915, 35.886019401147294 ], [ 14.481437026995522, 35.886276383000784 ], [ 14.481437026995522, 35.887104434819015 ], [ 14.481725417642767, 35.887204372149213 ], [ 14.482167996922016, 35.887247201875176 ], [ 14.482624853126033, 35.887432801210672 ], [ 14.482867559051195, 35.887632674916198 ], [ 14.483804580045954, 35.887495235961374 ], [ 14.484081082388711, 35.887432801210672 ], [ 14.48406680636224, 35.888446450268546 ], [ 14.484109637136649, 35.890102555172334 ], [ 14.48409535931355, 35.890902054216717 ], [ 14.484523662566289, 35.890959161242343 ], [ 14.484722644791592, 35.891129717202176 ], [ 14.48479153569243, 35.891808198925872 ], [ 14.484837061412701, 35.892087986278952 ], [ 14.485357796816619, 35.891923439207595 ], [ 14.485869381082704, 35.891840157976823 ], [ 14.486035944007755, 35.892137590853459 ], [ 14.486202506034479, 35.892494509703837 ], [ 14.486309581623074, 35.892506406825554 ], [ 14.487154289942602, 35.892197076712527 ], [ 14.488165561187184, 35.891756876658455 ], [ 14.488201253050057, 35.89166169873333 ], [ 14.489319599883235, 35.891233395926704 ], [ 14.48990895938832, 35.891051246325297 ] ] ] } },
{ "type": "Feature", "properties": { "LocalityId": 41, "LAU_Name": "L-Imsida", "LAU_Latin": "Msida", "Region": "Lvant (Eastern)", "Area_Km2": 1.719058, "Population": 13587.0, "NUTS3": "MT001", "LAU": "MT01241", "GREAT_CID": "MT001C", "GREAT_CIN": "Valletta (greater city)", "FUA_ID": "MT001L", "FUA_Name": "Malta", "Shape__Are": 2625277.02734, "Shape__Len": 8734.20194137 }, "geometry": { "type": "Polygon", "coordinates": [ [ [ 14.487326567051156, 35.904454187954585 ], [ 14.487654932728541, 35.904397081204735 ], [ 14.487898069845039, 35.903996034698928 ], [ 14.488026128282039, 35.903611858669215 ], [ 14.488254557282392, 35.903454814245897 ], [ 14.489239654314511, 35.90324066265422 ], [ 14.48886845786272, 35.902326950253183 ], [ 14.488440154609977, 35.901384682659831 ], [ 14.487683485679851, 35.901227638910697 ], [ 14.487783423255211, 35.900799336192975 ], [ 14.488168895733509, 35.900884996194257 ], [ 14.488511539234025, 35.900470969206417 ], [ 14.488797074136968, 35.900599460798169 ], [ 14.48927659842891, 35.900878076103147 ], [ 14.489796447195625, 35.901095181849392 ], [ 14.490234268098783, 35.901180842985795 ], [ 14.490643536050664, 35.901123736056931 ], [ 14.490795821152547, 35.901285538187416 ], [ 14.491233642055738, 35.901342645727212 ], [ 14.491557249357061, 35.901371199845514 ], [ 14.492468482414978, 35.900745542779553 ], [ 14.491978855669345, 35.900257679107099 ], [ 14.4911132408582, 35.899520613943452 ], [ 14.490768218618834, 35.899163694752033 ], [ 14.490684937605456, 35.89900902902675 ], [ 14.491029959844855, 35.898997132154491 ], [ 14.492255382266624, 35.899032824221159 ], [ 14.492957323134682, 35.899032824221159 ], [ 14.492945425847093, 35.898699698852504 ], [ 14.492969221320639, 35.898128630183344 ], [ 14.493028706860436, 35.897854991349476 ], [ 14.493373729099801, 35.897973963890927 ], [ 14.493745519338043, 35.897824760813904 ], [ 14.493404879978915, 35.897356980317952 ], [ 14.493499767225758, 35.897141191641296 ], [ 14.492835938281923, 35.896907642830243 ], [ 14.492850163104464, 35.896857855680551 ], [ 14.492116934813362, 35.896609629701551 ], [ 14.492086408263365, 35.896735132336907 ], [ 14.490700371560354, 35.896372263959023 ], [ 14.490563552752697, 35.896318725872796 ], [ 14.490521912246008, 35.896235444899261 ], [ 14.490539214696701, 35.896095380022366 ], [ 14.490607571998266, 35.895958665274279 ], [ 14.490343452931659, 35.895884475211282 ], [ 14.49022448005544, 35.895884475211282 ], [ 14.490212581869519, 35.895872577141759 ], [ 14.490356692302349, 35.895544333803997 ], [ 14.490463766992614, 35.895621665723048 ], [ 14.490718218390123, 35.895688169206331 ], [ 14.490755778748762, 35.895653282664981 ], [ 14.490914522737578, 35.895247968914887 ], [ 14.490968061430188, 35.895158739181696 ], [ 14.491009701936877, 35.895111150095111 ], [ 14.491158119791489, 35.895041009718405 ], [ 14.490746528796283, 35.892996694332759 ], [ 14.490499065393397, 35.89233044378787 ], [ 14.48995320770425, 35.891213229878105 ], [ 14.48990895938832, 35.891051246325297 ], [ 14.489319599883235, 35.891233395926704 ], [ 14.488201253050057, 35.89166169873333 ], [ 14.488165561187184, 35.891756876658455 ], [ 14.487154289942602, 35.892197076712527 ], [ 14.486309581623074, 35.892506406825554 ], [ 14.486202506034479, 35.892494509703837 ], [ 14.486035944007755, 35.892137590853459 ], [ 14.485869381082704, 35.891840157976823 ], [ 14.485357796816619, 35.891923439207595 ], [ 14.484837061412701, 35.892087986278952 ], [ 14.484380896013118, 35.892158408725983 ], [ 14.483495734759694, 35.892229793188214 ], [ 14.483210200755083, 35.892358284330257 ], [ 14.482910388927305, 35.892729479710631 ], [ 14.482953218803418, 35.893172059874317 ], [ 14.482781899298971, 35.893500425118923 ], [ 14.482567747223449, 35.89367174699931 ], [ 14.482296489245313, 35.893771684045838 ], [ 14.482063906435078, 35.893777804982989 ], [ 14.481587591823665, 35.893720095974089 ], [ 14.481278262345473, 35.893720095974089 ], [ 14.480469244990488, 35.893755788236952 ], [ 14.479267617143936, 35.893767685169188 ], [ 14.479112952404842, 35.89370224983665 ], [ 14.478726289658786, 35.89373199291169 ], [ 14.478512137583268, 35.893785531291876 ], [ 14.47767337790755, 35.893898555672003 ], [ 14.477024974833773, 35.894041322849553 ], [ 14.47704282076521, 35.894184091225121 ], [ 14.477102308101633, 35.894291167337819 ], [ 14.47673943993083, 35.894374448173537 ], [ 14.47679993338037, 35.894585460344167 ], [ 14.4768333902348, 35.894648289702019 ], [ 14.477369997073136, 35.8945588562583 ], [ 14.477399740292201, 35.894737316248644 ], [ 14.47728076741598, 35.894927671866832 ], [ 14.47690181580831, 35.895226606794949 ], [ 14.476447852179481, 35.895653968170386 ], [ 14.476174213665836, 35.895677762190296 ], [ 14.475793499563594, 35.895665864817374 ], [ 14.475412786359682, 35.895677762190296 ], [ 14.475174839708913, 35.895820529797838 ], [ 14.476245598289916, 35.896451086865397 ], [ 14.477066512034195, 35.896915082119392 ], [ 14.477578096300281, 35.89728389984915 ], [ 14.4779945013671, 35.897712201941808 ], [ 14.478387111858638, 35.898057222660078 ], [ 14.478172960681448, 35.898307066844808 ], [ 14.477625684552487, 35.898652090064068 ], [ 14.475603142961623, 35.899794230282815 ], [ 14.4743539259646, 35.900412888871948 ], [ 14.473854238986139, 35.900841192953209 ], [ 14.473342653821724, 35.901852464093459 ], [ 14.473306961958846, 35.90199523075156 ], [ 14.473414039344069, 35.902411637187612 ], [ 14.47367577967179, 35.902816145134594 ], [ 14.474234953088379, 35.903458600162004 ], [ 14.474746537354466, 35.903422907908208 ], [ 14.475270018908212, 35.903494291672104 ], [ 14.476459748568809, 35.903803622026906 ], [ 14.47688805182155, 35.903827415779894 ], [ 14.477066512034195, 35.90395828711474 ], [ 14.477474160323608, 35.903994030061604 ], [ 14.477906160143741, 35.903876040147445 ], [ 14.478914880172898, 35.904168989960191 ], [ 14.479696146772147, 35.904153948299282 ], [ 14.48004083843148, 35.904303308984076 ], [ 14.480254988710405, 35.90431520578634 ], [ 14.480540525409975, 35.904303308984076 ], [ 14.481266259954952, 35.904243822035262 ], [ 14.481932508960167, 35.904279513918823 ], [ 14.482860500089702, 35.904565049135641 ], [ 14.483003266642841, 35.90458884411499 ], [ 14.483193624143146, 35.90454125487679 ], [ 14.483538644585884, 35.904529356653214 ], [ 14.483788487625949, 35.904612639087219 ], [ 14.484085920714845, 35.904576947353853 ], [ 14.48445473842779, 35.904446076314485 ], [ 14.484835451631735, 35.904422282019858 ], [ 14.485394625048324, 35.904410383778398 ], [ 14.486596252894843, 35.904505563111265 ], [ 14.487326567051156, 35.904454187954585 ] ] ] } },
{ "type": "Feature", "properties": { "LocalityId": 46, "LAU_Name": "Pembroke", "LAU_Latin": "Pembroke", "Region": "Lvant (Eastern)", "Area_Km2": 2.286417, "Population": 3545.0, "NUTS3": "MT001", "LAU": "MT01246", "GREAT_CID": "MT001C", "GREAT_CIN": "Valletta (greater city)", "FUA_ID": "MT001L", "FUA_Name": "Malta", "Shape__Are": 3494550.75049, "Shape__Len": 8629.4925871899995 }, "geometry": { "type": "Polygon", "coordinates": [ [ [ 14.489213039927606, 35.930354040028078 ], [ 14.48884674019239, 35.929928115725751 ], [ 14.488803418937833, 35.929568288072211 ], [ 14.488870044287493, 35.929311307116379 ], [ 14.489088953840776, 35.929101913639045 ], [ 14.489127026239156, 35.928987700037744 ], [ 14.489050883239019, 35.928883003667281 ], [ 14.488870044287493, 35.928787825292886 ], [ 14.488384634233835, 35.928568915178936 ], [ 14.488165723782256, 35.928416628829005 ], [ 14.488260902083226, 35.92820723734674 ], [ 14.48823234823362, 35.92808350496216 ], [ 14.487499473878744, 35.927712308828859 ], [ 14.486970739875536, 35.92749214966684 ], [ 14.486069446676272, 35.926897643106507 ], [ 14.484406174605205, 35.925742114286436 ], [ 14.484225335653681, 35.925532722996081 ], [ 14.48396835370205, 35.925171042915196 ], [ 14.483463908347495, 35.924856955685826 ], [ 14.483540049550976, 35.924038420328451 ], [ 14.483568605197243, 35.9235339753223 ], [ 14.480540164287239, 35.923212737213177 ], [ 14.478845986577134, 35.923250808787607 ], [ 14.478315119973484, 35.923348980042228 ], [ 14.477551723560193, 35.923358757078027 ], [ 14.476126263392601, 35.923506996870913 ], [ 14.475757446577983, 35.923518895150401 ], [ 14.474900840970827, 35.923340435319318 ], [ 14.474115619089392, 35.923233359227353 ], [ 14.473473163761133, 35.923376128045199 ], [ 14.473128142420062, 35.923709252102157 ], [ 14.472961580393344, 35.924042374755935 ], [ 14.472806913857617, 35.924613446276005 ], [ 14.472699840065651, 35.925232105769787 ], [ 14.472533276242302, 35.925886457835915 ], [ 14.472293420671535, 35.926568117975656 ], [ 14.471724258887321, 35.927064291003425 ], [ 14.471304594732665, 35.927667072877178 ], [ 14.47007904025852, 35.928837000242964 ], [ 14.469239160383623, 35.930007989754913 ], [ 14.467831800370744, 35.931209995115658 ], [ 14.466104017584184, 35.932487858983777 ], [ 14.463967218374032, 35.933179505705027 ], [ 14.463622196134668, 35.933357965878841 ], [ 14.463283812445219, 35.933596950341197 ], [ 14.462861665347152, 35.93389508892232 ], [ 14.462636039988803, 35.93401100982188 ], [ 14.462230210787844, 35.934274057665846 ], [ 14.462527643876744, 35.934547695652029 ], [ 14.462967844417078, 35.934821334145667 ], [ 14.463681681674464, 35.935178253223789 ], [ 14.46393152561286, 35.935475686861103 ], [ 14.463967218374032, 35.935844503773581 ], [ 14.463907731037606, 35.936094345736521 ], [ 14.463860141887107, 35.936475059001673 ], [ 14.463966959659235, 35.9369039701023 ], [ 14.464645919825713, 35.936829990082309 ], [ 14.46515999961167, 35.936665019639783 ], [ 14.465874959763127, 35.936649989976381 ], [ 14.46637104000574, 35.936591040123488 ], [ 14.466993840195613, 35.936457029035125 ], [ 14.467272983585303, 35.93653568108828 ], [ 14.467548215710268, 35.936685091916651 ], [ 14.467833750613211, 35.936756476214654 ], [ 14.468347715414804, 35.936756476214654 ], [ 14.468661804167386, 35.936699368781397 ], [ 14.468804571618856, 35.936456663911706 ], [ 14.469011828226256, 35.936344323649408 ], [ 14.469504132849737, 35.936442387003119 ], [ 14.469646901199539, 35.93661370900881 ], [ 14.46980394467748, 35.936599432128538 ], [ 14.469818221602319, 35.936542325309176 ], [ 14.470003819828198, 35.936485217721192 ], [ 14.470103757403555, 35.93642811009196 ], [ 14.470055154953428, 35.936233704112816 ], [ 14.47014374501012, 35.936171689665684 ], [ 14.47029684039242, 35.936188019176534 ], [ 14.470626959581235, 35.936262989706123 ], [ 14.471048881202199, 35.93629196980617 ], [ 14.47178291977368, 35.937037978978232 ], [ 14.471727838673718, 35.937127979731684 ], [ 14.472204838699684, 35.937440999955484 ], [ 14.472688445834601, 35.937330138298293 ], [ 14.473286386047262, 35.937334492819467 ], [ 14.473397880448745, 35.937351990180908 ], [ 14.474058119724681, 35.937381959776438 ], [ 14.474230870245403, 35.937503913838619 ], [ 14.474353474112025, 35.937638067162759 ], [ 14.474609266694236, 35.937822474789662 ], [ 14.474805571939987, 35.937989037109382 ], [ 14.474936443002164, 35.938018780993232 ], [ 14.475198183329885, 35.938042574637578 ], [ 14.475287412987045, 35.93809016408678 ], [ 14.475638383870223, 35.93809016408678 ], [ 14.476393861634296, 35.938024729041331 ], [ 14.476721037942221, 35.937977140280019 ], [ 14.476941138661555, 35.937881961216867 ], [ 14.477161239380923, 35.937739193861859 ], [ 14.477476516604597, 35.937459607196246 ], [ 14.477577644447706, 35.937316839078363 ], [ 14.477613336310585, 35.937138379841223 ], [ 14.47774420737276, 35.93705509819263 ], [ 14.478154662897403, 35.936924227788445 ], [ 14.478416404123424, 35.936882587953285 ], [ 14.478745281840521, 35.93684922297404 ], [ 14.479017432744074, 35.93698902223764 ], [ 14.479665621120477, 35.936918278930179 ], [ 14.479826235401683, 35.936840946641567 ], [ 14.479933310990313, 35.936704127735716 ], [ 14.480010643359844, 35.936674384811852 ], [ 14.480171256742754, 35.9366505900283 ], [ 14.480260487298237, 35.936620847084285 ], [ 14.480807761630572, 35.93640669581135 ], [ 14.48117657934352, 35.936347209001241 ], [ 14.48131934679499, 35.936311517039137 ], [ 14.481414525095992, 35.936246081975895 ], [ 14.48147996107623, 35.936127108796505 ], [ 14.48147996107623, 35.936008136165405 ], [ 14.481545396158134, 35.935877266209758 ], [ 14.48156918983509, 35.935734496688589 ], [ 14.481491858363857, 35.935603627734679 ], [ 14.481450216958835, 35.935454910932904 ], [ 14.481456165602649, 35.934871943318001 ], [ 14.481533497972213, 35.934574510318406 ], [ 14.481551343903652, 35.934455538259883 ], [ 14.481509704295291, 35.934312769807718 ], [ 14.481521600684587, 35.934158105148285 ], [ 14.481682214965794, 35.934086720685848 ], [ 14.481973699410878, 35.933985593678052 ], [ 14.482146210081412, 35.933836878196431 ], [ 14.482271130703149, 35.933747648336755 ], [ 14.482437693628166, 35.933688160980346 ], [ 14.482883841914051, 35.933688160980346 ], [ 14.483145583140038, 35.933670315128353 ], [ 14.483728551131875, 35.933515649939281 ], [ 14.48376424299475, 35.933497804048393 ], [ 14.48388321587097, 35.933408575260692 ], [ 14.484002188747224, 35.933289602174895 ], [ 14.484513773013312, 35.93291483582054 ], [ 14.484698180971469, 35.932754222891319 ], [ 14.484942076266055, 35.932569815078573 ], [ 14.485078895073711, 35.932492482172691 ], [ 14.485382276806421, 35.932236689798579 ], [ 14.485560736120767, 35.932123666350755 ], [ 14.485709452216051, 35.931986847281337 ], [ 14.485727298147491, 35.931873822021601 ], [ 14.485513146970266, 35.931855975760094 ], [ 14.485481849665758, 35.931829494766383 ], [ 14.485488119906464, 35.931741030027752 ], [ 14.485541135779567, 35.93169193107682 ], [ 14.486024731236352, 35.931546645981363 ], [ 14.486328112070765, 35.931552595243879 ], [ 14.486500622741266, 35.931576390107189 ], [ 14.486690980241567, 35.931582337912673 ], [ 14.486827799049227, 35.931600184236011 ], [ 14.486988412432135, 35.931671568034233 ], [ 14.487077642089291, 35.931725106204269 ], [ 14.487214460896984, 35.931760798055066 ], [ 14.487333434671502, 35.931725106204269 ], [ 14.48739886975344, 35.93168941433742 ], [ 14.487589226355412, 35.9316834650852 ], [ 14.487749839738321, 35.931701312113056 ], [ 14.487880709902164, 35.9316834650852 ], [ 14.488077016046248, 35.931594234977084 ], [ 14.488178142991064, 35.931510954761286 ], [ 14.488237630327486, 35.931421725185857 ], [ 14.488433934674941, 35.931207572921103 ], [ 14.488475576079924, 35.931082652317222 ], [ 14.488624292175208, 35.930892294930622 ], [ 14.488891981146747, 35.930660296882515 ], [ 14.489034748598216, 35.930458042700216 ], [ 14.48912645131735, 35.930390241673102 ], [ 14.489213039927606, 35.930354040028078 ] ] ] } },
{ "type": "Feature", "properties": { "LocalityId": 47, "LAU_Name": "Tal-Pieta'", "LAU_Latin": "Pieta'", "Region": "Lvant (Eastern)", "Area_Km2": 0.453884, "Population": 5892.0, "NUTS3": "MT001", "LAU": "MT01247", "GREAT_CID": "MT001C", "GREAT_CIN": "Valletta (greater city)", "FUA_ID": "MT001L", "FUA_Name": "Malta", "Shape__Are": 693050.73583999998, "Shape__Len": 3474.7933115699998 }, "geometry": { "type": "Polygon", "coordinates": [ [ [ 14.497515102696806, 35.892957291721835 ], [ 14.497466127445817, 35.892501766016778 ], [ 14.497218663144597, 35.891835517128946 ], [ 14.497047341843521, 35.891569016877341 ], [ 14.497104448644439, 35.89094083925783 ], [ 14.497104448644439, 35.890750482059019 ], [ 14.4963049498382, 35.890065198321601 ], [ 14.494591737725559, 35.888827878317962 ], [ 14.494128933776025, 35.888552163735 ], [ 14.492549160110633, 35.8886729696993 ], [ 14.492325664657836, 35.889074882748375 ], [ 14.491241457398718, 35.889170518640704 ], [ 14.490499065393397, 35.889189554979403 ], [ 14.489947029990043, 35.889265698832695 ], [ 14.490384850893234, 35.890217482815324 ], [ 14.490704217248096, 35.890721298237615 ], [ 14.48990895938832, 35.891051246325297 ], [ 14.48995320770425, 35.891213229878105 ], [ 14.490499065393397, 35.89233044378787 ], [ 14.490746528796283, 35.892996694332759 ], [ 14.491158119791489, 35.895041009718405 ], [ 14.49137093697049, 35.895041672669841 ], [ 14.492620596836982, 35.895597748702784 ], [ 14.492595612892272, 35.895647717845463 ], [ 14.492740217398508, 35.895704526724529 ], [ 14.492789776554444, 35.89574123106776 ], [ 14.492732668855199, 35.895819753329953 ], [ 14.49310386530699, 35.895948243739575 ], [ 14.49355572508142, 35.896047467668275 ], [ 14.493554356048943, 35.89606799997852 ], [ 14.493705349373469, 35.896114315000041 ], [ 14.493865868433282, 35.89613649991847 ], [ 14.49388765976544, 35.896065313277099 ], [ 14.494631479193716, 35.896133842327714 ], [ 14.49499728216057, 35.896237286726659 ], [ 14.495392020761033, 35.896433097985543 ], [ 14.495837866314659, 35.896604976034638 ], [ 14.496073433328217, 35.896633528951256 ], [ 14.49717988197547, 35.896590697753226 ], [ 14.497290883201883, 35.896550356009215 ], [ 14.497505035277401, 35.896425435245483 ], [ 14.497620469689721, 35.896224677739944 ], [ 14.497609942332902, 35.896047207876109 ], [ 14.497023194230344, 35.893296442881962 ], [ 14.497051391448803, 35.893071475840848 ], [ 14.497108498249753, 35.893021507255263 ], [ 14.497308373400468, 35.892971538638129 ], [ 14.497515102696806, 35.892957291721835 ] ] ] } },
{ "type": "Feature", "properties": { "LocalityId": 52, "LAU_Name": "San Ġiljan", "LAU_Latin": "San Ġiljan", "Region": "Lvant (Eastern)", "Area_Km2": 1.623581, "Population": 11653.0, "NUTS3": "MT001", "LAU": "MT01252", "GREAT_CID": "MT001C", "GREAT_CIN": "Valletta (greater city)", "FUA_ID": "MT001L", "FUA_Name": "Malta", "Shape__Are": 2480720.34082, "Shape__Len": 14157.891863500001 }, "geometry": { "type": "Polygon", "coordinates": [ [ [ 14.495774571918036, 35.915520975815028 ], [ 14.495478204231096, 35.914977829830406 ], [ 14.496230112988505, 35.914758920047241 ], [ 14.496696486843001, 35.914654223027469 ], [ 14.496667932993363, 35.914568562652299 ], [ 14.496429987240923, 35.914244956357827 ], [ 14.496153969988395, 35.91401652827296 ], [ 14.495868434187123, 35.913854723798337 ], [ 14.496023082756574, 35.913558986229283 ], [ 14.495392542682213, 35.913159922173307 ], [ 14.494516901774196, 35.912712582785304 ], [ 14.49379648974725, 35.912138093106016 ], [ 14.493584879903983, 35.912060999958427 ], [ 14.493198679790302, 35.911873109060501 ], [ 14.492984530409709, 35.911401976021075 ], [ 14.493484214693245, 35.911073610828446 ], [ 14.493941071795593, 35.910802352262202 ], [ 14.494326546070555, 35.910374048977701 ], [ 14.494621994780964, 35.9098365289748 ], [ 14.494236522302661, 35.909736591111262 ], [ 14.493808219948217, 35.909736591111262 ], [ 14.493494130297339, 35.909693761183306 ], [ 14.492851674969076, 35.909679483807956 ], [ 14.492777436397381, 35.909371107004645 ], [ 14.492234137110172, 35.909365947687732 ], [ 14.491863723090948, 35.909390142851208 ], [ 14.491226027935374, 35.909390142851208 ], [ 14.491026152784656, 35.909713747903837 ], [ 14.49019810012881, 35.909561463081232 ], [ 14.489424502447182, 35.909380289874925 ], [ 14.489282484190626, 35.909251180993365 ], [ 14.487375741728135, 35.910275619335401 ], [ 14.486937921723277, 35.910761029716625 ], [ 14.486585760572344, 35.911198848975125 ], [ 14.485957583965511, 35.911179814291316 ], [ 14.485433001975558, 35.911084340316762 ], [ 14.484786888707445, 35.910846689121428 ], [ 14.484387139304344, 35.911636670903874 ], [ 14.484282441556299, 35.911817509357007 ], [ 14.484244371852874, 35.912017383338771 ], [ 14.484158711202319, 35.912122080210445 ], [ 14.48393980075074, 35.912188705155728 ], [ 14.483121266643639, 35.912293400345533 ], [ 14.482807177891058, 35.912407616230546 ], [ 14.482597785089894, 35.91269315122004 ], [ 14.482550196837723, 35.912864472301216 ], [ 14.482997533594698, 35.913054827976133 ], [ 14.48297849919217, 35.913321328643896 ], [ 14.482988015944287, 35.913483132026784 ], [ 14.482930909143338, 35.913673489123369 ], [ 14.482740551643069, 35.913797220772267 ], [ 14.482731034890952, 35.914130345159435 ], [ 14.482826214090251, 35.914434915839479 ], [ 14.483026088342637, 35.914806111725653 ], [ 14.483111748993194, 35.915091648243923 ], [ 14.483026088342637, 35.915148755278437 ], [ 14.483016569793891, 35.915234415025296 ], [ 14.483149821391574, 35.915443808118162 ], [ 14.483777996201745, 35.916043432347351 ], [ 14.484210717369047, 35.916368684942945 ], [ 14.484948692358111, 35.916395592349588 ], [ 14.485644918144335, 35.916489155264173 ], [ 14.485732448189017, 35.916529828051878 ], [ 14.486233601218007, 35.916643055668942 ], [ 14.486285879574291, 35.916786990227529 ], [ 14.486481064620925, 35.917490143844702 ], [ 14.486652385922005, 35.918232535757745 ], [ 14.486671422121194, 35.920697657930795 ], [ 14.486709492722955, 35.921668478036793 ], [ 14.486612356094644, 35.921958943132779 ], [ 14.486500100820086, 35.922467976857689 ], [ 14.486573759978453, 35.922548671001572 ], [ 14.486633350621142, 35.922667850845606 ], [ 14.48682370812141, 35.92289628086354 ], [ 14.486937921723277, 35.923115190677763 ], [ 14.486937921723277, 35.92343879778393 ], [ 14.486918886422416, 35.923743368995318 ], [ 14.486804671922252, 35.923895652706207 ], [ 14.486347814819871, 35.924152633804155 ], [ 14.486366851019064, 35.924257331345842 ], [ 14.486357333368616, 35.924428652841939 ], [ 14.486186012067536, 35.924676115761677 ], [ 14.486090833766536, 35.924961650840125 ], [ 14.485795780314849, 35.924961650840125 ], [ 14.48518622758051, 35.924851462754482 ], [ 14.485053389207856, 35.924847437805361 ], [ 14.484748818105725, 35.92472370598292 ], [ 14.484558460605456, 35.924704670188866 ], [ 14.484196782702371, 35.924438170045299 ], [ 14.48396835370205, 35.923962277919657 ], [ 14.48389221160024, 35.923600600112998 ], [ 14.483568605197243, 35.9235339753223 ], [ 14.483540049550976, 35.924038420328451 ], [ 14.483463908347495, 35.924856955685826 ], [ 14.48396835370205, 35.925171042915196 ], [ 14.484225335653681, 35.925532722996081 ], [ 14.484406174605205, 35.925742114286436 ], [ 14.486069446676272, 35.926897643106507 ], [ 14.486970739875536, 35.92749214966684 ], [ 14.487499473878744, 35.927712308828859 ], [ 14.48823234823362, 35.92808350496216 ], [ 14.488260902083226, 35.92820723734674 ], [ 14.488165723782256, 35.928416628829005 ], [ 14.488384634233835, 35.928568915178936 ], [ 14.488870044287493, 35.928787825292886 ], [ 14.489050883239019, 35.928883003667281 ], [ 14.489127026239156, 35.928987700037744 ], [ 14.489088953840776, 35.929101913639045 ], [ 14.488870044287493, 35.929311307116379 ], [ 14.488803418937833, 35.929568288072211 ], [ 14.48884674019239, 35.929928115725751 ], [ 14.489213039927606, 35.930354040028078 ], [ 14.489651449227296, 35.93036424390521 ], [ 14.490051969384908, 35.930458042700216 ], [ 14.490325607000257, 35.930458042700216 ], [ 14.490385093438348, 35.930690039887061 ], [ 14.490527860889822, 35.930743577994377 ], [ 14.49069442291654, 35.930743577994377 ], [ 14.491039445155939, 35.930690039887061 ], [ 14.49115841803216, 35.930600810112473 ], [ 14.491455850222726, 35.930243892189452 ], [ 14.491771129243062, 35.929994047739015 ], [ 14.491866308442363, 35.92990481790639 ], [ 14.492074510077444, 35.929791794034578 ], [ 14.492258918933898, 35.929565745078769 ], [ 14.49256824931042, 35.929309952691568 ], [ 14.492669376255202, 35.929196928696804 ], [ 14.492728861794999, 35.929066057649088 ], [ 14.492722914049516, 35.928970880222465 ], [ 14.492615837562592, 35.92848903896855 ], [ 14.492302381224002, 35.928288757066902 ], [ 14.491631372944397, 35.928079365246049 ], [ 14.491358898647389, 35.92806122207022 ], [ 14.491235035342736, 35.928021726350771 ], [ 14.491279212691795, 35.92794135567231 ], [ 14.491155481439483, 35.927917561169785 ], [ 14.491036507664965, 35.927855695138739 ], [ 14.49102223074013, 35.927822383088042 ], [ 14.490979400864017, 35.927789071023369 ], [ 14.490831874138189, 35.927789071023369 ], [ 14.490728444811316, 35.927773633046151 ], [ 14.490718218390123, 35.927727610790896 ], [ 14.490634937376745, 35.92765622706888 ], [ 14.490670629239624, 35.927513460158899 ], [ 14.490533808635336, 35.927459922046566 ], [ 14.490498116772461, 35.927549151728741 ], [ 14.490254223274505, 35.927459922046566 ], [ 14.490087661247784, 35.927346898316948 ], [ 14.48992704696658, 35.927269564666886 ], [ 14.489196179448019, 35.927091923649968 ], [ 14.489126059651914, 35.9270376287311 ], [ 14.489141825085142, 35.926984029920369 ], [ 14.488937956922994, 35.926892012106116 ], [ 14.488862237927684, 35.926972132889624 ], [ 14.488814648777181, 35.926984029920369 ], [ 14.488743265051463, 35.926978081041526 ], [ 14.488624292175208, 35.92685316030196 ], [ 14.488541011161866, 35.926847210685828 ], [ 14.488255476258924, 35.926740134977543 ], [ 14.488203152986886, 35.926748653145786 ], [ 14.487794804011537, 35.926567208690081 ], [ 14.487791481143306, 35.92640106167223 ], [ 14.487845018039291, 35.926192859295625 ], [ 14.488142451128187, 35.925818094218272 ], [ 14.488368499593033, 35.925669377922006 ], [ 14.488701623646444, 35.925508764095142 ], [ 14.488761110982903, 35.925538506855212 ], [ 14.488933621653436, 35.925663428944269 ], [ 14.489010954022968, 35.925675326171856 ], [ 14.489035463657174, 35.925645370324197 ], [ 14.489213039927606, 35.92580202007764 ], [ 14.489340839649806, 35.925995970148286 ], [ 14.48952607136307, 35.926192846929297 ], [ 14.489599870658617, 35.926216654317152 ], [ 14.489766432685339, 35.926305883219975 ], [ 14.490337504287881, 35.92637726816109 ], [ 14.490510014958383, 35.926347524261615 ], [ 14.490753910253, 35.926436753744149 ], [ 14.490932368669016, 35.926460547964886 ], [ 14.491289288196004, 35.926573572961438 ], [ 14.491598617674196, 35.926650905109916 ], [ 14.491854410256407, 35.926668751091505 ], [ 14.49214589380316, 35.926585470052096 ], [ 14.492276764865338, 35.926520034940175 ], [ 14.492526607905434, 35.926341576062285 ], [ 14.492627734850219, 35.926288037883936 ], [ 14.492734811337142, 35.926264242883896 ], [ 14.492770503200019, 35.926288037883936 ], [ 14.492794297775269, 35.926347524261615 ], [ 14.49288947607624, 35.926293986087252 ], [ 14.492886741604508, 35.926148736901013 ], [ 14.492960237269466, 35.926121576028642 ], [ 14.49298650939828, 35.926123441893182 ], [ 14.492996551664831, 35.926085782701321 ], [ 14.493056038102958, 35.926085782701321 ], [ 14.49331810092584, 35.926154524352313 ], [ 14.493499059353312, 35.926264536766105 ], [ 14.493591416944298, 35.926270191088989 ], [ 14.493686595245299, 35.926252345744906 ], [ 14.493746081683392, 35.926198808233544 ], [ 14.493829362696768, 35.926169064266936 ], [ 14.493978079690349, 35.926175013206652 ], [ 14.494061359805398, 35.926246396811017 ], [ 14.494079206635165, 35.926305883219975 ], [ 14.494085155278977, 35.926365370311657 ], [ 14.494061359805398, 35.9264189077102 ], [ 14.494085155278977, 35.926543829863256 ], [ 14.494073257991351, 35.926650905109916 ], [ 14.494091103922791, 35.926704443042574 ], [ 14.494150590360883, 35.926728237910162 ], [ 14.494204128155197, 35.926698494142705 ], [ 14.494245768661886, 35.926698494142705 ], [ 14.494305255099981, 35.92675203204314 ], [ 14.494340946962856, 35.926787723956686 ], [ 14.494287409168543, 35.92685316030196 ], [ 14.494287409168543, 35.926900749213011 ], [ 14.494418280230718, 35.927007824703807 ], [ 14.494561046783891, 35.927013772852973 ], [ 14.494900120379445, 35.926972132889624 ], [ 14.494995298680445, 35.926984029920369 ], [ 14.495191603926198, 35.927097054168662 ], [ 14.495429550576969, 35.927091106025763 ], [ 14.495518780234157, 35.927073260139508 ], [ 14.495608009891313, 35.927019721729124 ], [ 14.495697240446802, 35.926811518799198 ], [ 14.495697240446802, 35.926716340840983 ], [ 14.495566370282956, 35.926305883219975 ], [ 14.495453345152219, 35.926299935017553 ], [ 14.495388696096171, 35.926318949332128 ], [ 14.495314621916146, 35.926229344361964 ], [ 14.495286783125495, 35.926234499669349 ], [ 14.495227295789075, 35.926282088952739 ], [ 14.495179706638572, 35.926288037883936 ], [ 14.495144014775729, 35.926270191088989 ], [ 14.495120221098777, 35.926204755716178 ], [ 14.495126168844291, 35.926151218900038 ], [ 14.495176081038085, 35.926071030360859 ], [ 14.495082108276222, 35.925897218777067 ], [ 14.494894171735631, 35.925871631987405 ], [ 14.494867194429331, 35.925775566153725 ], [ 14.494781146604891, 35.925770504655652 ], [ 14.494745455640347, 35.925752659198736 ], [ 14.494685969202221, 35.925693171646166 ], [ 14.494549150394564, 35.925657479966084 ], [ 14.494513457633388, 35.9256277372507 ], [ 14.494549861860264, 35.925574125117862 ], [ 14.494685969202221, 35.925484970315452 ], [ 14.494680019660111, 35.92546712333931 ], [ 14.494549110868691, 35.925340852994303 ], [ 14.494515280315101, 35.925285878171415 ], [ 14.494358235938828, 35.925143109891508 ], [ 14.494310645889996, 35.925052690308348 ], [ 14.494170656927713, 35.924973946812109 ], [ 14.494114897599712, 35.924997179887079 ], [ 14.494091103922791, 35.925026922839621 ], [ 14.494091103922791, 35.925151845009331 ], [ 14.494067309347541, 35.925199434216836 ], [ 14.494013770654927, 35.925205383229482 ], [ 14.493960232860614, 35.92518753691764 ], [ 14.493948335572989, 35.925169691329231 ], [ 14.493989976977975, 35.925032871865191 ], [ 14.494097051668273, 35.924931744915696 ], [ 14.494108949854194, 35.92487820723769 ], [ 14.494001874265599, 35.924717593258791 ], [ 14.493942387827508, 35.924670003761328 ], [ 14.493858548960331, 35.92453396834825 ], [ 14.493781149217151, 35.924534534302133 ], [ 14.493710389820517, 35.924443954712011 ], [ 14.493662800670046, 35.924432058026568 ], [ 14.493598825350459, 35.92439367203567 ], [ 14.493627108807171, 35.924360674239281 ], [ 14.493620603207891, 35.924324573858804 ], [ 14.4935766118101, 35.924309910666096 ], [ 14.493398686095029, 35.924336898300403 ], [ 14.493252344247042, 35.924313085254433 ], [ 14.493139319116304, 35.924259547157632 ], [ 14.49299060302102, 35.924247649716989 ], [ 14.492907322007675, 35.924188163214581 ], [ 14.492841886925737, 35.924092985008663 ], [ 14.492847135781943, 35.924071990036097 ], [ 14.492824040994298, 35.924027550016568 ], [ 14.492853784213361, 35.923979960103779 ], [ 14.492919219295299, 35.923956165864141 ], [ 14.492948961616035, 35.923926423236338 ], [ 14.493055073312343, 35.923922001050897 ], [ 14.49312742182868, 35.923896679142473 ], [ 14.493175010979179, 35.92380150131315 ], [ 14.493175010979179, 35.923742196338743 ], [ 14.493193919617582, 35.923727970965686 ], [ 14.493450284426642, 35.923658848201157 ], [ 14.493621160163357, 35.923688475991675 ], [ 14.493728235751954, 35.923759859658261 ], [ 14.493918593252257, 35.923771757899708 ], [ 14.494043514772288, 35.923759859658261 ], [ 14.494561046783891, 35.923658733263188 ], [ 14.494680019660111, 35.923605194723393 ], [ 14.494864427618269, 35.923551656874771 ], [ 14.495007195968039, 35.923527863233687 ], [ 14.495185656180714, 35.923521914094842 ], [ 14.495322474988374, 35.923462427773977 ], [ 14.495376012782687, 35.923391043838862 ], [ 14.495441447864593, 35.923200686848624 ], [ 14.495441447864593, 35.922992484047889 ], [ 14.495483088371282, 35.922909202774093 ], [ 14.495554472097036, 35.922819972948425 ], [ 14.495566370282956, 35.922730743022079 ], [ 14.49566154768563, 35.922540387352342 ], [ 14.49566154768563, 35.922469001857472 ], [ 14.495619907178941, 35.922278646285214 ], [ 14.495560420740846, 35.92214777615424 ], [ 14.495423601933155, 35.922034750651726 ], [ 14.49531652634456, 35.92186223964557 ], [ 14.49530018059964, 35.921790318846433 ], [ 14.495343632109945, 35.921636779826507 ], [ 14.495439568589033, 35.921546487179725 ], [ 14.495630497417823, 35.921320945710605 ], [ 14.495633532825183, 35.921258718054787 ], [ 14.495626933801102, 35.921246134879027 ], [ 14.495543438988717, 35.921213057929187 ], [ 14.495536626165595, 35.921273322887579 ], [ 14.495477139727468, 35.921374450150495 ], [ 14.495387910070312, 35.921499372270091 ], [ 14.495203405992397, 35.921677420140902 ], [ 14.495123746986282, 35.921808039344725 ], [ 14.495114271556666, 35.921927674974327 ], [ 14.494989350036635, 35.921939572036521 ], [ 14.494959606817572, 35.92195741908133 ], [ 14.494938544019094, 35.92199427783919 ], [ 14.494961773554037, 35.922012861799139 ], [ 14.495036012125729, 35.922012861799139 ], [ 14.495074082727488, 35.922231771148873 ], [ 14.494997940625675, 35.922334565268969 ], [ 14.494845654625459, 35.922355503232886 ], [ 14.494678142181176, 35.922273650762889 ], [ 14.494648160908548, 35.922070443239448 ], [ 14.494661862013281, 35.92202855187827 ], [ 14.494739909441801, 35.922001901729963 ], [ 14.494739909441801, 35.921971444718451 ], [ 14.494713259122245, 35.921954312780656 ], [ 14.494637116122139, 35.921960024154444 ], [ 14.494490540712169, 35.921866749242746 ], [ 14.494424867576699, 35.921408655347953 ], [ 14.494306846914672, 35.921340127087049 ], [ 14.494238318034894, 35.921330608783308 ], [ 14.494211667715369, 35.921313476706757 ], [ 14.494202150064924, 35.921252562869142 ], [ 14.494070803793981, 35.921243045282402 ], [ 14.494068901162231, 35.921195455876422 ], [ 14.494030828763846, 35.921159287850578 ], [ 14.494000372282454, 35.921155480957012 ], [ 14.493983239613344, 35.921174516150458 ], [ 14.493977529023097, 35.921254465949886 ], [ 14.493621967748782, 35.92125618934363 ], [ 14.493310293667701, 35.921525671944899 ], [ 14.493303155654463, 35.921647024112161 ], [ 14.493290307050945, 35.921659872752002 ], [ 14.493245262827655, 35.921663235134943 ], [ 14.493240446061121, 35.921689728990557 ], [ 14.493197508387153, 35.921689728990557 ], [ 14.493194651744551, 35.921667012177629 ], [ 14.493148967022465, 35.921665584147057 ], [ 14.492579501607663, 35.921205068768522 ], [ 14.492589719944013, 35.920959604287205 ], [ 14.492812142808376, 35.920785534125173 ], [ 14.493115239775138, 35.920798235953711 ], [ 14.493305881143023, 35.920958045297454 ], [ 14.493531929607872, 35.920958045297454 ], [ 14.493604073308335, 35.920882444805969 ], [ 14.493969914902729, 35.920894342752831 ], [ 14.493990735156093, 35.920968700697173 ], [ 14.494026427018936, 35.920965726031611 ], [ 14.494053195916107, 35.92094193234 ], [ 14.494056170238, 35.920882444805969 ], [ 14.494222733163051, 35.920867573642987 ], [ 14.494273295737111, 35.920927059733167 ], [ 14.494317910565721, 35.920924085793466 ], [ 14.494365499716189, 35.920900291361846 ], [ 14.49434170603927, 35.920873522254013 ], [ 14.494288168244957, 35.920873522254013 ], [ 14.494220703868807, 35.920804233311223 ], [ 14.494589870128092, 35.920428234344463 ], [ 14.494852345277675, 35.920408544234832 ], [ 14.495039581132364, 35.920540570305725 ], [ 14.495054452741879, 35.920739848992021 ], [ 14.494664816572234, 35.921108666263187 ], [ 14.494527851339182, 35.92101975886186 ], [ 14.494465869381218, 35.921100813130458 ], [ 14.494751071907501, 35.92128712531057 ], [ 14.494777132932228, 35.921412217797467 ], [ 14.494709372112004, 35.921547805363758 ], [ 14.49476891783894, 35.921617276251048 ], [ 14.494875994325863, 35.921614300882389 ], [ 14.494937776857839, 35.921489282190109 ], [ 14.494929863598507, 35.92141014230873 ], [ 14.494989350036635, 35.921326860823633 ], [ 14.495084529235934, 35.921100813130458 ], [ 14.495215399399779, 35.920880711946786 ], [ 14.495233245331217, 35.920737945171446 ], [ 14.495227295789075, 35.92028584722766 ], [ 14.495197552570012, 35.919934877258235 ], [ 14.495054785118539, 35.91947682964588 ], [ 14.494833044973802, 35.919249897850342 ], [ 14.494662001252131, 35.919132030352522 ], [ 14.494114897599712, 35.919078271226567 ], [ 14.494073257991351, 35.919084219244716 ], [ 14.494039219926899, 35.919147029881294 ], [ 14.494013770654927, 35.919250781757697 ], [ 14.49381151676533, 35.919244833024571 ], [ 14.493371317123261, 35.919149653961888 ], [ 14.493223732006923, 35.91897677000366 ], [ 14.493175920074242, 35.918953020091095 ], [ 14.493139432304035, 35.918950305066645 ], [ 14.492996551664831, 35.918673762022955 ], [ 14.492901373363864, 35.918685660302074 ], [ 14.493047988299702, 35.918943499317606 ], [ 14.492973959933764, 35.918937989970615 ], [ 14.492727599662043, 35.919146236909839 ], [ 14.49214228796561, 35.919422810311353 ], [ 14.492014552922102, 35.919454881885848 ], [ 14.491937692168081, 35.919548214203971 ], [ 14.491747334667812, 35.919655290192843 ], [ 14.49167595094206, 35.919673136298115 ], [ 14.491562926709653, 35.919673136298115 ], [ 14.491537844848594, 35.919645268261831 ], [ 14.49134548410523, 35.919663326797036 ], [ 14.491330928702697, 35.919690981671906 ], [ 14.490834584355399, 35.919691539658068 ], [ 14.490826510297621, 35.919608169064169 ], [ 14.490562390332718, 35.919597461101688 ], [ 14.490589753016275, 35.919659327046084 ], [ 14.490537404591418, 35.919667654646624 ], [ 14.490495764983059, 35.919565338660512 ], [ 14.490480297790469, 35.919562959031282 ], [ 14.490469590770598, 35.919581995335513 ], [ 14.490436277646603, 35.919567718289656 ], [ 14.49045888285243, 35.919520129330635 ], [ 14.490397016777123, 35.91946064218223 ], [ 14.490354186901014, 35.919465400719254 ], [ 14.490216951275068, 35.919374535965254 ], [ 14.490134146368787, 35.919228913231983 ], [ 14.490123601943989, 35.919164332661332 ], [ 14.490152230353786, 35.919084241069626 ], [ 14.490237216369554, 35.919021305253544 ], [ 14.490329421246932, 35.919003459001154 ], [ 14.490427572971527, 35.919027253275914 ], [ 14.490555468813451, 35.919095662776343 ], [ 14.490704185807063, 35.919143251990754 ], [ 14.490867774410193, 35.919143251990754 ], [ 14.491052182368353, 35.919095662776343 ], [ 14.491516176585641, 35.918875563287614 ], [ 14.491991195826404, 35.918611535921855 ], [ 14.49212210012624, 35.918525046114205 ], [ 14.492410655165189, 35.918243085308951 ], [ 14.492900159739918, 35.917803000285602 ], [ 14.493468960401398, 35.917386030267522 ], [ 14.493670604334898, 35.917131508737249 ], [ 14.493746081683392, 35.917162804982311 ], [ 14.49380556812152, 35.917133061254781 ], [ 14.493871003203425, 35.917067626324339 ], [ 14.494013770654927, 35.91680588533378 ], [ 14.494037566128478, 35.916716655897545 ], [ 14.494103001210416, 35.916585785293627 ], [ 14.493934690163812, 35.916509597151176 ], [ 14.493960232860614, 35.916395427929643 ], [ 14.493942387827508, 35.916240763143449 ], [ 14.49388290138938, 35.916121791144505 ], [ 14.49381237106317, 35.916030517317814 ], [ 14.493787800343494, 35.915934280201775 ], [ 14.493734184395768, 35.915901689928432 ], [ 14.493616275124843, 35.91579617304248 ], [ 14.493520033218577, 35.915657795728855 ], [ 14.49352598186239, 35.915592361033085 ], [ 14.493567622369044, 35.915574514007112 ], [ 14.493657605712734, 35.915576470334116 ], [ 14.493864780573464, 35.915547575037408 ], [ 14.493862401834582, 35.914976504261517 ], [ 14.493752946608812, 35.914976504261517 ], [ 14.493719634383112, 35.914926534954112 ], [ 14.49370335062196, 35.914829996022469 ], [ 14.493654070842121, 35.914812076070803 ], [ 14.493658673809616, 35.914759141946064 ], [ 14.493699646868063, 35.914699534811078 ], [ 14.493861449620393, 35.914598645649569 ], [ 14.49406703625969, 35.914554863094992 ], [ 14.494223128421773, 35.914545346157368 ], [ 14.494434423854688, 35.914570091938927 ], [ 14.494525795993823, 35.914642428179867 ], [ 14.494654761729256, 35.914874187300008 ], [ 14.494621450401887, 35.914905119942759 ], [ 14.49464286533996, 35.914993159720204 ], [ 14.494628588415157, 35.915009815902991 ], [ 14.494678557202835, 35.915112132689039 ], [ 14.494778493879865, 35.915116892215217 ], [ 14.49486177579154, 35.915240623789138 ], [ 14.494916502955276, 35.915264419195829 ], [ 14.494947436442093, 35.915259659678526 ], [ 14.494978369030582, 35.915288213140322 ], [ 14.494911743680921, 35.915323905134855 ], [ 14.494930779880079, 35.915361976869022 ], [ 14.495023579442202, 35.915438118827289 ], [ 14.495133033769676, 35.915390530293834 ], [ 14.495166734965887, 35.915435509901648 ], [ 14.495209449857636, 35.915407951755675 ], [ 14.495292730871013, 35.915515028256536 ], [ 14.49531652634456, 35.915526924828214 ], [ 14.495524728877971, 35.915556669159685 ], [ 14.495619907178941, 35.915556669159685 ], [ 14.495774571918036, 35.915520975815028 ] ] ] } },
{ "type": "Feature", "properties": { "LocalityId": 53, "LAU_Name": "San Ġwann", "LAU_Latin": "San Ġwann", "Region": "Tramuntana (Northern)", "Area_Km2": 2.616667, "Population": 14244.0, "NUTS3": "MT001", "LAU": "MT01253", "GREAT_CID": "MT001C", "GREAT_CIN": "Valletta (greater city)", "FUA_ID": "MT001L", "FUA_Name": "Malta", "Shape__Are": 3997128.9843799998, "Shape__Len": 9757.2637207000007 }, "geometry": { "type": "Polygon", "coordinates": [ [ [ 14.484210717369047, 35.916368684942945 ], [ 14.483777996201745, 35.916043432347351 ], [ 14.483149821391574, 35.915443808118162 ], [ 14.483016569793891, 35.915234415025296 ], [ 14.483026088342637, 35.915148755278437 ], [ 14.483111748993194, 35.915091648243923 ], [ 14.483026088342637, 35.914806111725653 ], [ 14.482826214090251, 35.914434915839479 ], [ 14.482731034890952, 35.914130345159435 ], [ 14.482740551643069, 35.913797220772267 ], [ 14.482930909143338, 35.913673489123369 ], [ 14.482988015944287, 35.913483132026784 ], [ 14.48297849919217, 35.913321328643896 ], [ 14.482997533594698, 35.913054827976133 ], [ 14.482550196837723, 35.912864472301216 ], [ 14.482597785089894, 35.91269315122004 ], [ 14.482807177891058, 35.912407616230546 ], [ 14.483121266643639, 35.912293400345533 ], [ 14.48393980075074, 35.912188705155728 ], [ 14.484158711202319, 35.912122080210445 ], [ 14.484244371852874, 35.912017383338771 ], [ 14.484282441556299, 35.911817509357007 ], [ 14.484387139304344, 35.911636670903874 ], [ 14.484786888707445, 35.910846689121428 ], [ 14.485433001975558, 35.911084340316762 ], [ 14.485957583965511, 35.911179814291316 ], [ 14.486585760572344, 35.911198848975125 ], [ 14.486937921723277, 35.910761029716625 ], [ 14.487375741728135, 35.910275619335401 ], [ 14.489282484190626, 35.909251180993365 ], [ 14.48985355489484, 35.908994198773826 ], [ 14.490153366722616, 35.908637280105644 ], [ 14.490367517899839, 35.908223253655862 ], [ 14.490381794824643, 35.907666460138728 ], [ 14.490124812872976, 35.907209603885114 ], [ 14.489967769395033, 35.907052559325265 ], [ 14.489253930341018, 35.906552872264889 ], [ 14.488854180937917, 35.906295890741042 ], [ 14.488554369110139, 35.906138845823037 ], [ 14.488454430636484, 35.905896141015226 ], [ 14.48835449395942, 35.90556777625708 ], [ 14.488068959056481, 35.905553498864833 ], [ 14.487840530954456, 35.905425008039728 ], [ 14.487683485679851, 35.90518230322543 ], [ 14.487326567051156, 35.904454187954585 ], [ 14.486596252894843, 35.904505563111265 ], [ 14.485394625048324, 35.904410383778398 ], [ 14.484835451631735, 35.904422282019858 ], [ 14.48445473842779, 35.904446076314485 ], [ 14.484085920714845, 35.904576947353853 ], [ 14.483788487625949, 35.904612639087219 ], [ 14.483538644585884, 35.904529356653214 ], [ 14.483193624143146, 35.90454125487679 ], [ 14.483003266642841, 35.90458884411499 ], [ 14.482860500089702, 35.904565049135641 ], [ 14.481932508960167, 35.904279513918823 ], [ 14.481266259954952, 35.904243822035262 ], [ 14.480540525409975, 35.904303308984076 ], [ 14.480254988710405, 35.90431520578634 ], [ 14.48004083843148, 35.904303308984076 ], [ 14.479696146772147, 35.904153948299282 ], [ 14.478914880172898, 35.904168989960191 ], [ 14.477906160143741, 35.903876040147445 ], [ 14.477474160323608, 35.903994030061604 ], [ 14.477066512034195, 35.90395828711474 ], [ 14.47688805182155, 35.903827415779894 ], [ 14.476459748568809, 35.903803622026906 ], [ 14.475270018908212, 35.903494291672104 ], [ 14.474746537354466, 35.903422907908208 ], [ 14.474234953088379, 35.903458600162004 ], [ 14.47367577967179, 35.902816145134594 ], [ 14.473414039344069, 35.902411637187612 ], [ 14.472919901259111, 35.902656847060648 ], [ 14.472846136997884, 35.902775819661016 ], [ 14.471920319791325, 35.902511074947526 ], [ 14.471549330850362, 35.90245697199088 ], [ 14.47112861836176, 35.902773430067356 ], [ 14.470847389982271, 35.90343017195115 ], [ 14.470728418004381, 35.903656219931349 ], [ 14.470109757251336, 35.903525350279942 ], [ 14.469836118737724, 35.90357293867379 ], [ 14.468872436643609, 35.903334992780223 ], [ 14.468551209877793, 35.903346889728063 ], [ 14.468241880399599, 35.903216020292795 ], [ 14.467821155334608, 35.90320014384379 ], [ 14.467474080444807, 35.903437019782658 ], [ 14.466322080026135, 35.904042000182343 ], [ 14.46490153723642, 35.904530517224899 ], [ 14.463430232446655, 35.904686340733825 ], [ 14.463182046798268, 35.904936398289195 ], [ 14.463067832298105, 35.905488432720396 ], [ 14.462630012293246, 35.906440216663057 ], [ 14.462325441191112, 35.906878038001992 ], [ 14.462116048389948, 35.90744910829882 ], [ 14.462077976889894, 35.908229572109505 ], [ 14.462268334390199, 35.908686428295042 ], [ 14.462382547992028, 35.909010034770546 ], [ 14.462668082895004, 35.909619177275083 ], [ 14.462725189695917, 35.909980854987175 ], [ 14.462877475696134, 35.910285426362741 ], [ 14.463124939997352, 35.910913603986941 ], [ 14.462877475696134, 35.91129431771855 ], [ 14.46274422589511, 35.911732137663826 ], [ 14.462687119094161, 35.912284171977134 ], [ 14.462708161231371, 35.912429413886187 ], [ 14.462743049102079, 35.912670220831949 ], [ 14.462953617797943, 35.913635706140489 ], [ 14.463105903798159, 35.914111599287949 ], [ 14.463391438701102, 35.91454941964836 ], [ 14.463848295803484, 35.915044348333275 ], [ 14.464369397720017, 35.915569018976029 ], [ 14.464656655591657, 35.915385217132794 ], [ 14.465087309735503, 35.915349181043432 ], [ 14.465227727194199, 35.915199619311018 ], [ 14.465527539021945, 35.915171065089801 ], [ 14.465841627774527, 35.915228172066946 ], [ 14.466227100252825, 35.915328110269023 ], [ 14.466444025427652, 35.9151093040375 ], [ 14.466983769182953, 35.914885530313242 ], [ 14.467426349360498, 35.914671379100085 ], [ 14.467783267989192, 35.914714209243598 ], [ 14.468154464440984, 35.914742762174676 ], [ 14.468639873596345, 35.914514334072166 ], [ 14.46882547182226, 35.914343012926196 ], [ 14.469296604951115, 35.914128860971971 ], [ 14.469667801402942, 35.91404320075555 ], [ 14.469839121805721, 35.913900431824374 ], [ 14.469981890155488, 35.913629174219622 ], [ 14.470153212354896, 35.913400745811828 ], [ 14.470324531859379, 35.913329362981422 ], [ 14.470552960859701, 35.913315086262081 ], [ 14.470781388961727, 35.912972442770275 ], [ 14.471024094886888, 35.91292961313885 ], [ 14.471323905816334, 35.912958166714091 ], [ 14.471538056993523, 35.912915336347424 ], [ 14.47232835705125, 35.912857222220296 ], [ 14.473336928858419, 35.912858227700703 ], [ 14.474293472939229, 35.91292961313885 ], [ 14.474678946315858, 35.91301527383353 ], [ 14.475064418794162, 35.91292961313885 ], [ 14.475335676772296, 35.912915336347424 ], [ 14.475721150148926, 35.913043826650288 ], [ 14.476092345702424, 35.913186594944648 ], [ 14.476663416406636, 35.913629174219622 ], [ 14.477020335933663, 35.914000370976304 ], [ 14.477220210186045, 35.914157414841867 ], [ 14.477320147761406, 35.91462854820589 ], [ 14.477434362261567, 35.914828423088693 ], [ 14.47781983384157, 35.915428046889822 ], [ 14.478048262841892, 35.915656475264029 ], [ 14.47813392259415, 35.915884903706171 ], [ 14.478276690943916, 35.915927733920192 ], [ 14.478633609572611, 35.915842072741476 ], [ 14.479033359874046, 35.9161418846423 ], [ 14.479290340927378, 35.916227546223894 ], [ 14.479761474954532, 35.916284653165874 ], [ 14.480718018137075, 35.916741510127665 ], [ 14.481274811916455, 35.917084151844996 ], [ 14.481588900669037, 35.91724119613631 ], [ 14.48191726634642, 35.917298303801509 ], [ 14.483287835856871, 35.91682717033239 ], [ 14.484210717369047, 35.916368684942945 ] ] ] } },
{ "type": "Feature", "properties": { "LocalityId": 58, "LAU_Name": "Santa Venera", "LAU_Latin": "Santa Venera", "Region": "Nofsinhar (Southern)", "Area_Km2": 0.909636, "Population": 8834.0, "NUTS3": "MT001", "LAU": "MT01258", "GREAT_CID": "MT001C", "GREAT_CIN": "Valletta (greater city)", "FUA_ID": "MT001L", "FUA_Name": "Malta", "Shape__Are": 1388862.5205099999, "Shape__Len": 5845.2087099700002 }, "geometry": { "type": "Polygon", "coordinates": [ [ [ 14.47679993338037, 35.894585460344167 ], [ 14.47673943993083, 35.894374448173537 ], [ 14.477102308101633, 35.894291167337819 ], [ 14.47704282076521, 35.894184091225121 ], [ 14.477024974833773, 35.894041322849553 ], [ 14.47767337790755, 35.893898555672003 ], [ 14.478512137583268, 35.893785531291876 ], [ 14.478726289658786, 35.89373199291169 ], [ 14.479112952404842, 35.89370224983665 ], [ 14.479267617143936, 35.893767685169188 ], [ 14.480469244990488, 35.893755788236952 ], [ 14.481278262345473, 35.893720095974089 ], [ 14.481587591823665, 35.893720095974089 ], [ 14.482063906435078, 35.893777804982989 ], [ 14.482296489245313, 35.893771684045838 ], [ 14.482567747223449, 35.89367174699931 ], [ 14.482781899298971, 35.893500425118923 ], [ 14.482953218803418, 35.893172059874317 ], [ 14.482910388927305, 35.892729479710631 ], [ 14.483210200755083, 35.892358284330257 ], [ 14.483495734759694, 35.892229793188214 ], [ 14.484380896013118, 35.892158408725983 ], [ 14.484837061412701, 35.892087986278952 ], [ 14.48479153569243, 35.891808198925872 ], [ 14.484722644791592, 35.891129717202176 ], [ 14.484523662566289, 35.890959161242343 ], [ 14.48409535931355, 35.890902054216717 ], [ 14.484109637136649, 35.890102555172334 ], [ 14.48406680636224, 35.888446450268546 ], [ 14.484081082388711, 35.887432801210672 ], [ 14.483804580045954, 35.887495235961374 ], [ 14.482867559051195, 35.887632674916198 ], [ 14.482624853126033, 35.887432801210672 ], [ 14.482167996922016, 35.887247201875176 ], [ 14.481725417642767, 35.887204372149213 ], [ 14.481437026995522, 35.887104434819015 ], [ 14.481437026995522, 35.886276383000784 ], [ 14.481408473145915, 35.886019401147294 ], [ 14.480880234114441, 35.88576241773206 ], [ 14.480452881279261, 35.886200239184177 ], [ 14.479948435924742, 35.88614313163761 ], [ 14.479709537958078, 35.885305561686316 ], [ 14.479847999784393, 35.884277009667798 ], [ 14.479434472021445, 35.884572687808422 ], [ 14.478939544317338, 35.884801115727313 ], [ 14.478444615714938, 35.884820151660762 ], [ 14.47752138475809, 35.884629795031877 ], [ 14.477112117704538, 35.884563170176449 ], [ 14.477007421753122, 35.885020026138086 ], [ 14.476950314952205, 35.885467364852154 ], [ 14.476829561615071, 35.885812722777082 ], [ 14.476780079714286, 35.885862000132626 ], [ 14.47591271678159, 35.886199846900197 ], [ 14.475170478388204, 35.886657095890996 ], [ 14.474789764285962, 35.886818899934461 ], [ 14.47395219397967, 35.886856970826678 ], [ 14.472673076558394, 35.886828912195135 ], [ 14.471519106134288, 35.886867248727214 ], [ 14.471479921621597, 35.887106543230402 ], [ 14.471453800409764, 35.887617088639679 ], [ 14.471472320077659, 35.88788251779426 ], [ 14.470770379209601, 35.887930106859194 ], [ 14.47029448590806, 35.888013387108167 ], [ 14.47029448590806, 35.888227539868339 ], [ 14.470568124421707, 35.888524971760283 ], [ 14.471115399652369, 35.888751020822951 ], [ 14.471900622432106, 35.8889651730438 ], [ 14.472495486813237, 35.888917581689881 ], [ 14.473270502036419, 35.888971001059573 ], [ 14.472959482827152, 35.8898217790465 ], [ 14.47265015334896, 35.890928227972019 ], [ 14.473661423695246, 35.893260099817141 ], [ 14.473792293859089, 35.893664607958272 ], [ 14.473173634004374, 35.893866862345355 ], [ 14.473566245394244, 35.894533110876679 ], [ 14.474089726947955, 35.895294539116762 ], [ 14.474399057324476, 35.895330230669799 ], [ 14.475053408143738, 35.895223155234746 ], [ 14.475839829276063, 35.894905052888731 ], [ 14.47679993338037, 35.894585460344167 ] ] ] } },
{ "type": "Feature", "properties": { "LocalityId": 59, "LAU_Name": "Tas-Sliema", "LAU_Latin": "Sliema", "Region": "Lvant (Eastern)", "Area_Km2": 1.30947, "Population": 19655.0, "NUTS3": "MT001", "LAU": "MT01259", "GREAT_CID": "MT001C", "GREAT_CIN": "Valletta (greater city)", "FUA_ID": "MT001L", "FUA_Name": "Malta", "Shape__Are": 2000427.2265600001, "Shape__Len": 8475.5054909099999 }, "geometry": { "type": "Polygon", "coordinates": [ [ [ 14.498981388599088, 35.907299265328035 ], [ 14.49860521188732, 35.908280361282635 ], [ 14.49776288320497, 35.908137594321254 ], [ 14.497448793554092, 35.908794325158254 ], [ 14.497291750076112, 35.909308287878211 ], [ 14.496092500968443, 35.909108415056082 ], [ 14.494779039157237, 35.908765770807939 ], [ 14.494464950404689, 35.908722941082075 ], [ 14.4945077802808, 35.908951369171611 ], [ 14.494390197098323, 35.909277983865479 ], [ 14.494664825555406, 35.909750867748755 ], [ 14.494621994780964, 35.9098365289748 ], [ 14.494326546070555, 35.910374048977701 ], [ 14.493941071795593, 35.910802352262202 ], [ 14.493484214693245, 35.911073610828446 ], [ 14.492984530409709, 35.911401976021075 ], [ 14.493198679790302, 35.911873109060501 ], [ 14.493584879903983, 35.912060999958427 ], [ 14.49379648974725, 35.912138093106016 ], [ 14.494516901774196, 35.912712582785304 ], [ 14.495392542682213, 35.913159922173307 ], [ 14.496023082756574, 35.913558986229283 ], [ 14.495868434187123, 35.913854723798337 ], [ 14.496153969988395, 35.91401652827296 ], [ 14.496429987240923, 35.914244956357827 ], [ 14.496667932993363, 35.914568562652299 ], [ 14.496696486843001, 35.914654223027469 ], [ 14.496230112988505, 35.914758920047241 ], [ 14.495478204231096, 35.914977829830406 ], [ 14.495774571918036, 35.915520975815028 ], [ 14.495917340267837, 35.915479336348177 ], [ 14.496072005006932, 35.915455541006146 ], [ 14.49618502923934, 35.91541390077731 ], [ 14.496214773356733, 35.915348465152306 ], [ 14.496203784265839, 35.915286195693483 ], [ 14.496625079761058, 35.915192010042801 ], [ 14.496673898705188, 35.915215334022797 ], [ 14.496779893620507, 35.915229493266409 ], [ 14.496792379304631, 35.915271941153243 ], [ 14.496936840080396, 35.915340959935357 ], [ 14.496984790353631, 35.915329756673572 ], [ 14.496940507901712, 35.915610205872518 ], [ 14.49707137896389, 35.915687539283567 ], [ 14.497107069928434, 35.91563400116803 ], [ 14.497035687101011, 35.915568565725103 ], [ 14.497041634846529, 35.915455541006146 ], [ 14.497107069928434, 35.915455541006146 ], [ 14.497136885012733, 35.915294221101036 ], [ 14.497255786922047, 35.915294928262327 ], [ 14.49731527336014, 35.915342516853244 ], [ 14.497413376575693, 35.915339840264046 ], [ 14.497505629962111, 35.91531872219759 ], [ 14.49761865509285, 35.915384157119661 ], [ 14.497666244243351, 35.915467439041812 ], [ 14.497690038818602, 35.915657795728855 ], [ 14.497683227792109, 35.915834676700499 ], [ 14.49773762796907, 35.915895741671022 ], [ 14.497814960338635, 35.916086098782436 ], [ 14.49773762796907, 35.916169379965588 ], [ 14.497725729783149, 35.916240763143449 ], [ 14.497731679325259, 35.916496556336647 ], [ 14.497678140632646, 35.91668691272978 ], [ 14.497672191988835, 35.916752347975155 ], [ 14.497672191988835, 35.916930806666457 ], [ 14.49773762796907, 35.917204445018058 ], [ 14.497749525256694, 35.917335315325964 ], [ 14.498017215126531, 35.917912334639603 ], [ 14.498148085290374, 35.918043205231307 ], [ 14.498488130863088, 35.918489058742892 ], [ 14.498522849850506, 35.918590481293975 ], [ 14.498695361419339, 35.918745145850799 ], [ 14.49881433429559, 35.918917657108494 ], [ 14.498867871191575, 35.91894740016496 ], [ 14.498945203561107, 35.918917657108494 ], [ 14.49909391965639, 35.918774889699648 ], [ 14.499236688006192, 35.918697557124375 ], [ 14.499569812957962, 35.918412021982036 ], [ 14.499795861422777, 35.918275203194561 ], [ 14.500111140443112, 35.918114588900735 ], [ 14.500456161784182, 35.917894488864519 ], [ 14.500800436625227, 35.917599574662603 ], [ 14.501027880173702, 35.91755001005351 ], [ 14.501359080035796, 35.917370999849268 ], [ 14.501779920085152, 35.917265970175073 ], [ 14.502495960011622, 35.916996959768859 ], [ 14.503137840418107, 35.916863039874428 ], [ 14.503762079709027, 35.916774030213297 ], [ 14.504417670203383, 35.916486323751734 ], [ 14.504572629589893, 35.916443017313576 ], [ 14.504721345685175, 35.916437069096823 ], [ 14.504864114034975, 35.916401376877012 ], [ 14.504953342793835, 35.916341890293161 ], [ 14.505006880588116, 35.916282403664567 ], [ 14.504982273935857, 35.916187226129821 ], [ 14.504887907711897, 35.916187226129821 ], [ 14.504780832123302, 35.916121791144505 ], [ 14.504771019825439, 35.916068729124234 ], [ 14.504788865756879, 35.91592596093848 ], [ 14.505063671182088, 35.915814380144518 ], [ 14.505221031765338, 35.915812460199788 ], [ 14.505399491977983, 35.91578866568544 ], [ 14.505667181847818, 35.915687539283567 ], [ 14.506238251653732, 35.91558641129739 ], [ 14.506313597848182, 35.915503704249339 ], [ 14.50655729731003, 35.915460950196497 ], [ 14.506714144955275, 35.915473387331474 ], [ 14.506874758338183, 35.915443643696186 ], [ 14.506975885282964, 35.915402004188628 ], [ 14.507082960871591, 35.915306824867052 ], [ 14.507106755446845, 35.91520569784921 ], [ 14.506947222737208, 35.914912590279293 ], [ 14.506953839727595, 35.914833000020309 ], [ 14.507046000587547, 35.914669019694713 ], [ 14.50746792041185, 35.914624020007537 ], [ 14.507724958957365, 35.91456498025105 ], [ 14.507852566440119, 35.914417638216356 ], [ 14.50802347900775, 35.91432132129124 ], [ 14.508071069056546, 35.914247558047244 ], [ 14.508128175857497, 35.914088133839137 ], [ 14.508140074043421, 35.913878740795624 ], [ 14.507985408405995, 35.913609862197319 ], [ 14.507642351680479, 35.913730947131477 ], [ 14.507504756728395, 35.91380021898896 ], [ 14.507369128188488, 35.913812117273594 ], [ 14.507200185626262, 35.913747871317064 ], [ 14.507124044422781, 35.913693143804707 ], [ 14.507102628586411, 35.91362651794379 ], [ 14.507176391949342, 35.91355275477946 ], [ 14.507171632674952, 35.9134242638481 ], [ 14.507076981685044, 35.913343860145808 ], [ 14.507083080347506, 35.913176999994441 ], [ 14.507047908609183, 35.91300635766968 ], [ 14.507118652734434, 35.912742956055496 ], [ 14.507116821069586, 35.912720975869668 ], [ 14.507082960871591, 35.912701315126363 ], [ 14.507065114940156, 35.91267157190395 ], [ 14.50707701222778, 35.912618033929959 ], [ 14.507523161411928, 35.912594239182397 ], [ 14.507529110055739, 35.912493112334737 ], [ 14.507166241884937, 35.912457421245691 ], [ 14.507154344597312, 35.912397933878729 ], [ 14.507160293241123, 35.912278961193415 ], [ 14.507100806803031, 35.912225422953675 ], [ 14.507172189630451, 35.911826862920854 ], [ 14.50760049288316, 35.9116959929583 ], [ 14.507801727184919, 35.911567736925484 ], [ 14.507871839794513, 35.911565010734087 ], [ 14.508198357637367, 35.911383011232644 ], [ 14.508326229224799, 35.911463996071383 ], [ 14.508522535368883, 35.911505636196601 ], [ 14.508766429765169, 35.911493739020202 ], [ 14.508968683654766, 35.91142235519667 ], [ 14.509230424880787, 35.911386662896994 ], [ 14.509402934652991, 35.911386662896994 ], [ 14.509611138084697, 35.911368817104908 ], [ 14.509777700111419, 35.911333124781066 ], [ 14.50978364875523, 35.91130338177188 ], [ 14.509703342063776, 35.911223074863592 ], [ 14.509733060130023, 35.911193357277973 ], [ 14.509939158809031, 35.911105621034267 ], [ 14.510148338709447, 35.911080495104635 ], [ 14.510210204784753, 35.911032906860143 ], [ 14.510253034660863, 35.910956762844705 ], [ 14.510357730612281, 35.910840170066606 ], [ 14.510426735599154, 35.910735473681264 ], [ 14.510438632886778, 35.910692642838896 ], [ 14.510383904824712, 35.910628397987018 ], [ 14.510604563397839, 35.910541954019124 ], [ 14.510646203904528, 35.91048246812224 ], [ 14.510548088112548, 35.910373795053225 ], [ 14.510574262325012, 35.910304790854589 ], [ 14.510798372225459, 35.910068652867345 ], [ 14.510881080113654, 35.910012960220627 ], [ 14.510893502915714, 35.909967244127976 ], [ 14.51115485067964, 35.909850313748656 ], [ 14.511200060192964, 35.909736099992536 ], [ 14.511195403326511, 35.909573724340611 ], [ 14.511211325964927, 35.909447401701236 ], [ 14.511110199020147, 35.909292737155425 ], [ 14.51109830083419, 35.909191609725852 ], [ 14.511068557615127, 35.909144021072862 ], [ 14.511110199020147, 35.909036944680032 ], [ 14.511211325964927, 35.909019099085569 ], [ 14.511306504265898, 35.908983407156896 ], [ 14.511544450018373, 35.908989355934033 ], [ 14.511651525606965, 35.90896556082275 ], [ 14.511740756162453, 35.908912023978857 ], [ 14.51177644802533, 35.908870383216247 ], [ 14.512121469366397, 35.908763307180735 ], [ 14.51222259720951, 35.908745460796936 ], [ 14.512252340428574, 35.908697871875617 ], [ 14.51224044314095, 35.908632437244002 ], [ 14.512210699023553, 35.908584848254698 ], [ 14.512075069585356, 35.908515843223562 ], [ 14.511990599202553, 35.908495618276959 ], [ 14.511889472257737, 35.908442079659935 ], [ 14.511853780394894, 35.908406388198586 ], [ 14.51186567678419, 35.908358799073397 ], [ 14.511984649660411, 35.908299312262784 ], [ 14.512020342421581, 35.908245774240548 ], [ 14.512109572078773, 35.908233877301576 ], [ 14.512329671899808, 35.908281467229507 ], [ 14.512633621367751, 35.908171675730266 ], [ 14.51259974140682, 35.908094679126378 ], [ 14.512623901596386, 35.908070517763946 ], [ 14.51266874639369, 35.908067314874906 ], [ 14.512756570187422, 35.908100985948742 ], [ 14.51299104035806, 35.907953040337091 ], [ 14.513412960182395, 35.90777403024466 ], [ 14.513889673645785, 35.907448032172049 ], [ 14.513995294861946, 35.907454603893882 ], [ 14.514078575875288, 35.907436757942541 ], [ 14.514173755074587, 35.907389168961757 ], [ 14.51422134422509, 35.907341579224735 ], [ 14.514262983833447, 35.907264247114327 ], [ 14.514447391791608, 35.907222606212187 ], [ 14.514661543867128, 35.907222606212187 ], [ 14.514738876236693, 35.907198812024788 ], [ 14.514768620354054, 35.907127427964411 ], [ 14.514730635990583, 35.906910043356703 ], [ 14.514935040446966, 35.906639039732795 ], [ 14.514972120206956, 35.906385959955493 ], [ 14.514834141674246, 35.906133954785858 ], [ 14.514768620354054, 35.90605667024564 ], [ 14.514679389798566, 35.906044772977538 ], [ 14.514572314209971, 35.905997183887244 ], [ 14.514429546758501, 35.905973389331308 ], [ 14.514370060320374, 35.905931749205152 ], [ 14.514316521627764, 35.905866313741321 ], [ 14.514161856888666, 35.905794929206536 ], [ 14.514072627231478, 35.905788980916817 ], [ 14.513983397574318, 35.905830621118163 ], [ 14.513917961594084, 35.905812776255772 ], [ 14.513864424698099, 35.905747339965991 ], [ 14.513856872561501, 35.905705806680984 ], [ 14.513207875701342, 35.905501182845335 ], [ 14.513084500181883, 35.905402319298915 ], [ 14.512912639891647, 35.905390421204856 ], [ 14.512871000283255, 35.905408266890063 ], [ 14.512781769727766, 35.905408266890063 ], [ 14.512633053632484, 35.905336884124999 ], [ 14.512282082749305, 35.905277397225483 ], [ 14.512020342421581, 35.90528929388136 ], [ 14.511885673282412, 35.905317156788229 ], [ 14.512008816138191, 35.905518944101438 ], [ 14.512008816138191, 35.90556772314067 ], [ 14.511968365000961, 35.905552256086906 ], [ 14.51189460163803, 35.905497528726514 ], [ 14.511761351836974, 35.905363088761234 ], [ 14.511598358816887, 35.905458267675904 ], [ 14.511576943878813, 35.905442801328334 ], [ 14.511511507898577, 35.905474923683137 ], [ 14.51154125201597, 35.905518944101438 ], [ 14.511347326407366, 35.905522513087504 ], [ 14.511281890427128, 35.905553445748417 ], [ 14.511253336577489, 35.90563315812377 ], [ 14.511142691982258, 35.905611742779769 ], [ 14.511077256900352, 35.905715249009418 ], [ 14.511077256900352, 35.90578522712741 ], [ 14.510936160315318, 35.905907969909578 ], [ 14.510384999871038, 35.906281019746281 ], [ 14.509946980440191, 35.906490101833938 ], [ 14.509860982023094, 35.906479024651105 ], [ 14.509694419098073, 35.906383846236572 ], [ 14.509474319277041, 35.906437384063381 ], [ 14.509504061597772, 35.906514716981803 ], [ 14.509148470679088, 35.906584946146687 ], [ 14.508953999793111, 35.906608979903027 ], [ 14.508843839389817, 35.906774039973342 ], [ 14.508128880136656, 35.906862959747876 ], [ 14.508079114368252, 35.906899837181051 ], [ 14.507901584810201, 35.906983379787 ], [ 14.507482799207907, 35.90729271032825 ], [ 14.506807032552278, 35.907820951056358 ], [ 14.506547671861766, 35.907997031000534 ], [ 14.506278791724176, 35.908118382822224 ], [ 14.506012293020426, 35.908211182090177 ], [ 14.505757689807645, 35.908325395864665 ], [ 14.505580648034817, 35.90846088799276 ], [ 14.505504840106326, 35.908489980145653 ], [ 14.505441670575534, 35.908597261004886 ], [ 14.505239511009064, 35.908684377938151 ], [ 14.505042014597196, 35.908734346822577 ], [ 14.50469461361895, 35.908753382094716 ], [ 14.504218722114036, 35.908751002867852 ], [ 14.503918910286293, 35.908670101108221 ], [ 14.50296993181677, 35.908480575255673 ], [ 14.502663594626776, 35.908396193129882 ], [ 14.502028199158337, 35.90817021835214 ], [ 14.501618932104785, 35.908080749982105 ], [ 14.500862020629542, 35.907889413903746 ], [ 14.499950526161875, 35.907686600895396 ], [ 14.499421095964349, 35.907537884704517 ], [ 14.498981388599088, 35.907299265328035 ] ] ] } },
{ "type": "Feature", "properties": { "LocalityId": 60, "LAU_Name": "Is-Swieqi", "LAU_Latin": "Swieqi", "Region": "Lvant (Eastern)", "Area_Km2": 3.076098, "Population": 13044.0, "NUTS3": "MT001", "LAU": "MT01260", "GREAT_CID": "MT001C", "GREAT_CIN": "Valletta (greater city)", "FUA_ID": "MT001L", "FUA_Name": "Malta", "Shape__Are": 4700510.125, "Shape__Len": 11708.825678 }, "geometry": { "type": "Polygon", "coordinates": [ [ [ 14.483568605197243, 35.9235339753223 ], [ 14.48389221160024, 35.923600600112998 ], [ 14.48396835370205, 35.923962277919657 ], [ 14.484196782702371, 35.924438170045299 ], [ 14.484558460605456, 35.924704670188866 ], [ 14.484748818105725, 35.92472370598292 ], [ 14.485053389207856, 35.924847437805361 ], [ 14.48518622758051, 35.924851462754482 ], [ 14.485795780314849, 35.924961650840125 ], [ 14.486090833766536, 35.924961650840125 ], [ 14.486186012067536, 35.924676115761677 ], [ 14.486357333368616, 35.924428652841939 ], [ 14.486366851019064, 35.924257331345842 ], [ 14.486347814819871, 35.924152633804155 ], [ 14.486804671922252, 35.923895652706207 ], [ 14.486918886422416, 35.923743368995318 ], [ 14.486937921723277, 35.92343879778393 ], [ 14.486937921723277, 35.923115190677763 ], [ 14.48682370812141, 35.92289628086354 ], [ 14.486633350621142, 35.922667850845606 ], [ 14.486573759978453, 35.922548671001572 ], [ 14.486500100820086, 35.922467976857689 ], [ 14.486612356094644, 35.921958943132779 ], [ 14.486709492722955, 35.921668478036793 ], [ 14.486671422121194, 35.920697657930795 ], [ 14.486652385922005, 35.918232535757745 ], [ 14.486481064620925, 35.917490143844702 ], [ 14.486285879574291, 35.916786990227529 ], [ 14.486233601218007, 35.916643055668942 ], [ 14.485732448189017, 35.916529828051878 ], [ 14.485644918144335, 35.916489155264173 ], [ 14.484948692358111, 35.916395592349588 ], [ 14.484210717369047, 35.916368684942945 ], [ 14.483287835856871, 35.91682717033239 ], [ 14.48191726634642, 35.917298303801509 ], [ 14.481588900669037, 35.91724119613631 ], [ 14.481274811916455, 35.917084151844996 ], [ 14.480718018137075, 35.916741510127665 ], [ 14.479761474954532, 35.916284653165874 ], [ 14.479290340927378, 35.916227546223894 ], [ 14.479033359874046, 35.9161418846423 ], [ 14.478633609572611, 35.915842072741476 ], [ 14.478276690943916, 35.915927733920192 ], [ 14.47813392259415, 35.915884903706171 ], [ 14.478048262841892, 35.915656475264029 ], [ 14.47781983384157, 35.915428046889822 ], [ 14.477434362261567, 35.914828423088693 ], [ 14.477320147761406, 35.91462854820589 ], [ 14.477220210186045, 35.914157414841867 ], [ 14.477020335933663, 35.914000370976304 ], [ 14.476663416406636, 35.913629174219622 ], [ 14.476092345702424, 35.913186594944648 ], [ 14.475721150148926, 35.913043826650288 ], [ 14.475335676772296, 35.912915336347424 ], [ 14.475064418794162, 35.91292961313885 ], [ 14.474678946315858, 35.91301527383353 ], [ 14.474293472939229, 35.91292961313885 ], [ 14.473336928858419, 35.912858227700703 ], [ 14.47232835705125, 35.912857222220296 ], [ 14.471538056993523, 35.912915336347424 ], [ 14.471323905816334, 35.912958166714091 ], [ 14.471024094886888, 35.91292961313885 ], [ 14.470781388961727, 35.912972442770275 ], [ 14.470552960859701, 35.913315086262081 ], [ 14.470324531859379, 35.913329362981422 ], [ 14.470153212354896, 35.913400745811828 ], [ 14.469981890155488, 35.913629174219622 ], [ 14.469839121805721, 35.913900431824374 ], [ 14.469667801402942, 35.91404320075555 ], [ 14.469296604951115, 35.914128860971971 ], [ 14.46882547182226, 35.914343012926196 ], [ 14.468639873596345, 35.914514334072166 ], [ 14.468154464440984, 35.914742762174676 ], [ 14.467783267989192, 35.914714209243598 ], [ 14.467426349360498, 35.914671379100085 ], [ 14.466983769182953, 35.914885530313242 ], [ 14.466444025427652, 35.9151093040375 ], [ 14.466227100252825, 35.915328110269023 ], [ 14.465841627774527, 35.915228172066946 ], [ 14.465527539021945, 35.915171065089801 ], [ 14.465227727194199, 35.915199619311018 ], [ 14.465087309735503, 35.915349181043432 ], [ 14.464656655591657, 35.915385217132794 ], [ 14.464369397720017, 35.915569018976029 ], [ 14.464399140939046, 35.915925937657676 ], [ 14.464488370596236, 35.916342344267193 ], [ 14.464696574027943, 35.916669519922856 ], [ 14.465231951970983, 35.917264384922007 ], [ 14.465499641840818, 35.917502331124076 ], [ 14.465567187963636, 35.91777251473922 ], [ 14.465455706138579, 35.918195208915755 ], [ 14.465529385059883, 35.918573088905667 ], [ 14.465718866702746, 35.918971708797898 ], [ 14.465770899818954, 35.91919412800479 ], [ 14.465502372719261, 35.919171278070678 ], [ 14.464901848951847, 35.919724855861375 ], [ 14.463358127373734, 35.920119737936808 ], [ 14.462971463729382, 35.920684860058408 ], [ 14.462644288319751, 35.920982292931626 ], [ 14.461960193383099, 35.921309469037041 ], [ 14.461722246732327, 35.921666388005342 ], [ 14.461335584884605, 35.921725874222226 ], [ 14.461127382351194, 35.921844847976708 ], [ 14.460592002611525, 35.922082794221204 ], [ 14.460264827201897, 35.922766889232854 ], [ 14.460235083982834, 35.923778160223712 ], [ 14.460235083982834, 35.924432511226762 ], [ 14.460324313640024, 35.925265322889587 ], [ 14.460562260290793, 35.925949418013808 ], [ 14.460710976386077, 35.926871458696617 ], [ 14.46094892124022, 35.927912472894405 ], [ 14.460651489049653, 35.928537082254003 ], [ 14.459878163557514, 35.92895348720733 ], [ 14.459521244928855, 35.929191433157314 ], [ 14.458896638226951, 35.929459123313649 ], [ 14.458450488144475, 35.929786299263853 ], [ 14.457974595741232, 35.929994500907334 ], [ 14.457290500804612, 35.930202704184715 ], [ 14.45672537874421, 35.93064885284209 ], [ 14.456457689772675, 35.9308273129094 ], [ 14.456071027026619, 35.930946286063836 ], [ 14.455565392302644, 35.931273461679091 ], [ 14.455238215994717, 35.931898069945646 ], [ 14.454922936974382, 35.933079075810518 ], [ 14.454994320700134, 35.933269433023412 ], [ 14.455422623952877, 35.933340816769103 ], [ 14.456188847364364, 35.933130758238846 ], [ 14.457487759162918, 35.932689617724527 ], [ 14.458001722167886, 35.932404082184966 ], [ 14.45840147067269, 35.932475465984709 ], [ 14.45914386267798, 35.932561127332143 ], [ 14.459586441957228, 35.93236125216513 ], [ 14.460337273634615, 35.932604152179636 ], [ 14.460757138113591, 35.932932323249716 ], [ 14.461213993419312, 35.933146473751975 ], [ 14.461667621078227, 35.933243031786155 ], [ 14.462556009978455, 35.933460562966907 ], [ 14.463283812445219, 35.933596950341197 ], [ 14.463622196134668, 35.933357965878841 ], [ 14.463967218374032, 35.933179505705027 ], [ 14.466104017584184, 35.932487858983777 ], [ 14.467831800370744, 35.931209995115658 ], [ 14.469239160383623, 35.930007989754913 ], [ 14.47007904025852, 35.928837000242964 ], [ 14.471304594732665, 35.927667072877178 ], [ 14.471724258887321, 35.927064291003425 ], [ 14.472293420671535, 35.926568117975656 ], [ 14.472533276242302, 35.925886457835915 ], [ 14.472699840065651, 35.925232105769787 ], [ 14.472806913857617, 35.924613446276005 ], [ 14.472961580393344, 35.924042374755935 ], [ 14.473128142420062, 35.923709252102157 ], [ 14.473473163761133, 35.923376128045199 ], [ 14.474115619089392, 35.923233359227353 ], [ 14.474900840970827, 35.923340435319318 ], [ 14.475757446577983, 35.923518895150401 ], [ 14.476126263392601, 35.923506996870913 ], [ 14.477551723560193, 35.923358757078027 ], [ 14.478315119973484, 35.923348980042228 ], [ 14.478845986577134, 35.923250808787607 ], [ 14.480540164287239, 35.923212737213177 ], [ 14.483568605197243, 35.9235339753223 ] ] ] } },
{ "type": "Feature", "properties": { "LocalityId": 61, "LAU_Name": "Ta' Xbiex", "LAU_Latin": "Ta' Xbiex", "Region": "Lvant (Eastern)", "Area_Km2": 0.294334, "Population": 2092.0, "NUTS3": "MT001", "LAU": "MT01261", "GREAT_CID": "MT001C", "GREAT_CIN": "Valletta (greater city)", "FUA_ID": "MT001L", "FUA_Name": "Malta", "Shape__Are": 449504.91748, "Shape__Len": 3335.7592139100002 }, "geometry": { "type": "Polygon", "coordinates": [ [ [ 14.497133278276854, 35.901186235688215 ], [ 14.497361134152026, 35.901095600983112 ], [ 14.497761959736852, 35.900891999966241 ], [ 14.498404919918316, 35.900742958837796 ], [ 14.499267120233062, 35.900728019126653 ], [ 14.499853920437916, 35.900504009713472 ], [ 14.499951313984395, 35.900439028920758 ], [ 14.500111140443112, 35.90038165585738 ], [ 14.500343136653445, 35.900232939036677 ], [ 14.500551340085149, 35.900072325953644 ], [ 14.500622723810901, 35.899977147838314 ], [ 14.500625563385494, 35.899863539082546 ], [ 14.500717902111871, 35.899733253304284 ], [ 14.500848773174049, 35.899608331014498 ], [ 14.500848773174049, 35.899554792933884 ], [ 14.500807131769028, 35.899388231159286 ], [ 14.500706004824247, 35.899316847330375 ], [ 14.500682211147325, 35.898894493268706 ], [ 14.500557288728963, 35.89863275182811 ], [ 14.500447379853957, 35.898442525915215 ], [ 14.500441795027834, 35.898295893917066 ], [ 14.50034471319675, 35.897957058889915 ], [ 14.500341170241295, 35.897696483026031 ], [ 14.500242009708629, 35.897567943060047 ], [ 14.500233235863279, 35.89735839496111 ], [ 14.500124851429277, 35.897188730751751 ], [ 14.500067872189117, 35.896652848027635 ], [ 14.500044220446004, 35.896634228274507 ], [ 14.499960403138429, 35.89663079132972 ], [ 14.499880389297759, 35.896696256988314 ], [ 14.499867245148529, 35.897252664872205 ], [ 14.49958765888937, 35.897371638318994 ], [ 14.498891665766825, 35.897538199970775 ], [ 14.498499055275255, 35.897567943060047 ], [ 14.495738880953489, 35.897746402816153 ], [ 14.495292730871013, 35.897704761999812 ], [ 14.494704275071106, 35.89751350635062 ], [ 14.493832150169096, 35.897116500808075 ], [ 14.493740133039578, 35.897228869870354 ], [ 14.493499767225758, 35.897141191641296 ], [ 14.493404879978915, 35.897356980317952 ], [ 14.493745519338043, 35.897824760813904 ], [ 14.493373729099801, 35.897973963890927 ], [ 14.493028706860436, 35.897854991349476 ], [ 14.492969221320639, 35.898128630183344 ], [ 14.492945425847093, 35.898699698852504 ], [ 14.492957323134682, 35.899032824221159 ], [ 14.492255382266624, 35.899032824221159 ], [ 14.491029959844855, 35.898997132154491 ], [ 14.490684937605456, 35.89900902902675 ], [ 14.490768218618834, 35.899163694752033 ], [ 14.4911132408582, 35.899520613943452 ], [ 14.491978855669345, 35.900257679107099 ], [ 14.492468482414978, 35.900745542779553 ], [ 14.492624199081275, 35.900900700651206 ], [ 14.493635470325824, 35.901781100678427 ], [ 14.494087568153814, 35.90179299785985 ], [ 14.49473002168545, 35.901757307037833 ], [ 14.494789508123574, 35.901638334361692 ], [ 14.495194017699365, 35.901281413804952 ], [ 14.495569276332901, 35.901175635836857 ], [ 14.496942920776585, 35.900912597964968 ], [ 14.497133278276854, 35.901186235688215 ] ] ] } },
{ "type": "Feature", "properties": { "LocalityId": 10, "LAU_Name": "Iż-Żejtun", "LAU_Latin": "Citta' Beland", "Region": "Nofsinhar (Southern)", "Area_Km2": 5.352134, "Population": 12409.0, "NUTS3": "MT001", "LAU": "MT01310", "GREAT_CID": null, "GREAT_CIN": null, "FUA_ID": "MT001L", "FUA_Name": "Malta", "Shape__Are": 8165113.840330001, "Shape__Len": 13956.7101831 }, "geometry": { "type": "Polygon", "coordinates": [ [ [ 14.54472039767751, 35.864182257964366 ], [ 14.544841776242057, 35.863809450937339 ], [ 14.544853672631385, 35.863416841043303 ], [ 14.545163003906206, 35.863143203113509 ], [ 14.546412220903226, 35.862476953329278 ], [ 14.547030880757941, 35.861953472003144 ], [ 14.546983291607438, 35.861691730771639 ], [ 14.547078469908444, 35.861239634811724 ], [ 14.547423492147807, 35.861013585136782 ], [ 14.547804206250047, 35.860799433061437 ], [ 14.547958870989142, 35.860597178682184 ], [ 14.548315789617837, 35.859014838084782 ], [ 14.548410968817135, 35.858860173304336 ], [ 14.548779784733455, 35.858824481333052 ], [ 14.549101012397569, 35.858824481333052 ], [ 14.54925596369924, 35.858873932735513 ], [ 14.549481725601513, 35.859002940300662 ], [ 14.549695876778737, 35.858979146183138 ], [ 14.550040899018102, 35.858824481333052 ], [ 14.550326434819373, 35.858717405322821 ], [ 14.550457304983219, 35.858586534932584 ], [ 14.550504894133722, 35.858360485700224 ], [ 14.550481099558468, 35.858158231650414 ], [ 14.550374023969876, 35.857944079869611 ], [ 14.550359675179839, 35.857834075868062 ], [ 14.550083729792545, 35.856860830998883 ], [ 14.549926685416237, 35.85658957234466 ], [ 14.549712534239047, 35.856375419966668 ], [ 14.549805332902839, 35.85636828193244 ], [ 14.550490617208917, 35.856189822858298 ], [ 14.551090241762735, 35.856018500720758 ], [ 14.551090241762735, 35.855947117843655 ], [ 14.550711907297671, 35.85571155090814 ], [ 14.550197944292705, 35.855447430807828 ], [ 14.549712534239047, 35.855169034271867 ], [ 14.549712534239047, 35.855097649901872 ], [ 14.549769641039964, 35.854969158747565 ], [ 14.549805332902839, 35.854569409827683 ], [ 14.549733949177089, 35.85414110668502 ], [ 14.54953407402637, 35.85379132584054 ], [ 14.549205709247317, 35.853163147882611 ], [ 14.549177155397711, 35.852998964823925 ], [ 14.549191432322514, 35.852849058129408 ], [ 14.549155739561307, 35.852677738238135 ], [ 14.549155739561307, 35.852513554902423 ], [ 14.549205709247317, 35.852335095160754 ], [ 14.549212847260554, 35.851921069197466 ], [ 14.549184293410947, 35.851414243063147 ], [ 14.549191432322514, 35.851214369723067 ], [ 14.549277092074739, 35.851200092724589 ], [ 14.549426998437776, 35.85127147769127 ], [ 14.549741087190357, 35.851078741046194 ], [ 14.549998069141989, 35.850793205924781 ], [ 14.550197944292705, 35.850657575799396 ], [ 14.550654799598426, 35.850750376150366 ], [ 14.551048948904057, 35.85077813300979 ], [ 14.551268701077083, 35.85047435793404 ], [ 14.551611343679271, 35.850055571923988 ], [ 14.551953986281459, 35.849551125793603 ], [ 14.552039646932011, 35.84938932427589 ], [ 14.551491538963104, 35.849134236809753 ], [ 14.550844326157081, 35.848924843090956 ], [ 14.550330363152113, 35.848648825801639 ], [ 14.549245327646306, 35.847877880038048 ], [ 14.549359542146469, 35.847782701820044 ], [ 14.549188220845357, 35.847649451977276 ], [ 14.548740883190085, 35.847230667067969 ], [ 14.548436312087949, 35.846792845804359 ], [ 14.548207883087596, 35.846412132135185 ], [ 14.548179330136286, 35.846231292847961 ], [ 14.548179330136286, 35.845869615220934 ], [ 14.548122223335369, 35.845450829651 ], [ 14.548017525587326, 35.845165294653917 ], [ 14.547912829635907, 35.845003492197655 ], [ 14.54776054543232, 35.845003492197655 ], [ 14.54758922323288, 35.84502252676986 ], [ 14.547046706378309, 35.845032044782414 ], [ 14.546761170577033, 35.845127224117093 ], [ 14.546580331625512, 35.845212883891463 ], [ 14.546370938824346, 35.845412759251232 ], [ 14.546713582324863, 35.846021900930204 ], [ 14.546447081824452, 35.846059971765754 ], [ 14.546285279072121, 35.846164669199752 ], [ 14.546018778571712, 35.846259847175176 ], [ 14.546128233797518, 35.846395476084325 ], [ 14.54617106457196, 35.846573936086578 ], [ 14.546263864134048, 35.846723842265554 ], [ 14.545878390757453, 35.846652458302124 ], [ 14.545585716942941, 35.846709565186757 ], [ 14.545364425955825, 35.84678808726796 ], [ 14.545385841792227, 35.846916577844873 ], [ 14.545257706100079, 35.846954000916519 ], [ 14.545128859840563, 35.846973685267443 ], [ 14.544322222122757, 35.847230667067969 ], [ 14.544200871405986, 35.847137867695061 ], [ 14.543858228803797, 35.847202113818412 ], [ 14.543351403812069, 35.847230667067969 ], [ 14.543144389749783, 35.847394849691682 ], [ 14.542480522178407, 35.84773035418835 ], [ 14.54147376406981, 35.847968829770082 ], [ 14.540581710941558, 35.848244317149742 ], [ 14.540538880167116, 35.848644066648461 ], [ 14.540486133788576, 35.848848530126091 ], [ 14.540517465229076, 35.849086647012662 ], [ 14.540403250728881, 35.849293660018951 ], [ 14.540317590976658, 35.849486395905942 ], [ 14.539196863607973, 35.8491294776857 ], [ 14.538854221904117, 35.848701174283363 ], [ 14.538604378864017, 35.84842991465375 ], [ 14.538483026350587, 35.848415639338363 ], [ 14.538247460235322, 35.848458468917556 ], [ 14.53806186200941, 35.848444192150986 ], [ 14.537776326208171, 35.848494161186693 ], [ 14.537412268667911, 35.848579820965185 ], [ 14.537298055066046, 35.848665482107393 ], [ 14.536976827401931, 35.848993848355349 ], [ 14.536964116240672, 35.84907618217575 ], [ 14.53691258168945, 35.849158030241306 ], [ 14.536712707437031, 35.84917944628954 ], [ 14.536341510985237, 35.849150893013551 ], [ 14.535820409068704, 35.849158030241306 ], [ 14.535449212616877, 35.849193722195579 ], [ 14.534178580681784, 35.849000986325393 ], [ 14.533957290593026, 35.848915324817433 ], [ 14.534442700646684, 35.848558406211275 ], [ 14.534756790297562, 35.848308563104887 ], [ 14.534806759085244, 35.848172933826817 ], [ 14.534713960421451, 35.848072996047264 ], [ 14.534599745921289, 35.847915952167071 ], [ 14.534749652284326, 35.847487648763874 ], [ 14.534828174023314, 35.847087899261084 ], [ 14.53480906326393, 35.846947748205054 ], [ 14.53138242703627, 35.846932416062216 ], [ 14.527726910853945, 35.846782377023921 ], [ 14.526813198445874, 35.846782377023921 ], [ 14.526185020042416, 35.847895963682703 ], [ 14.524900111182518, 35.849951819645959 ], [ 14.523900737225564, 35.851607923989164 ], [ 14.52347243397282, 35.852007671822001 ], [ 14.522601552339161, 35.853478180009482 ], [ 14.52213041831201, 35.853977867079116 ], [ 14.520759848801557, 35.854934410081185 ], [ 14.519660538167541, 35.856404917136494 ], [ 14.518175754156928, 35.858346557270984 ], [ 14.516933676071474, 35.860045492328084 ], [ 14.516091345592461, 35.861087695749731 ], [ 14.515592859661519, 35.861654940029311 ], [ 14.516160558090162, 35.862128355896488 ], [ 14.517919392042826, 35.863447622712386 ], [ 14.518819995335983, 35.864369293816431 ], [ 14.519262573716903, 35.864711937297244 ], [ 14.519576822369599, 35.86513309194617 ], [ 14.519701171662781, 35.865400053882752 ], [ 14.520301785261774, 35.866336697987172 ], [ 14.520618866302552, 35.866724961944364 ], [ 14.520853868275804, 35.866923225205767 ], [ 14.521373513124946, 35.866992474692402 ], [ 14.522170632294007, 35.867194728767544 ], [ 14.523039135188787, 35.867599238281095 ], [ 14.523729178769221, 35.867825285916602 ], [ 14.525442390881858, 35.86822979512332 ], [ 14.525751721258382, 35.868372561986149 ], [ 14.526239510949218, 35.868681891975775 ], [ 14.526826602208233, 35.869457578243804 ], [ 14.527446305905274, 35.869324503869265 ], [ 14.527755636281796, 35.868896201102693 ], [ 14.52936177280584, 35.865838592839694 ], [ 14.529861459784302, 35.8662431019957 ], [ 14.530087508249149, 35.866623815080409 ], [ 14.53046822235139, 35.867682676037191 ], [ 14.531122574068981, 35.867385243042612 ], [ 14.531515186357144, 35.867742162065397 ], [ 14.531931588729005, 35.868218053778975 ], [ 14.533335472261751, 35.867361447801592 ], [ 14.534806523726637, 35.866577603655855 ], [ 14.535845804441781, 35.865886182045188 ], [ 14.536868972075656, 35.865362700668719 ], [ 14.538130086360303, 35.864803528011493 ], [ 14.538272853811772, 35.86483922020242 ], [ 14.538974794679831, 35.864470402789877 ], [ 14.539498276233576, 35.864268149041933 ], [ 14.540093958081636, 35.864201619173393 ], [ 14.540307292690231, 35.863863639997618 ], [ 14.54053359807325, 35.86401958503734 ], [ 14.540937849832572, 35.864351430145121 ], [ 14.541520817824409, 35.864672656021682 ], [ 14.542258452351971, 35.864803528011493 ], [ 14.542773702642746, 35.864736563978227 ], [ 14.543476962237644, 35.864603360828148 ], [ 14.544321816084269, 35.864225801932037 ], [ 14.54472039767751, 35.864182257964366 ] ] ] } },
{ "type": "Feature", "properties": { "LocalityId": 15, "LAU_Name": "Birżebbuġa", "LAU_Latin": "Birżebbuġa", "Region": "Nofsinhar (Southern)", "Area_Km2": 9.273149, "Population": 11844.0, "NUTS3": "MT001", "LAU": "MT01315", "GREAT_CID": null, "GREAT_CIN": null, "FUA_ID": "MT001L", "FUA_Name": "Malta", "Shape__Are": 14134264.21, "Shape__Len": 32015.851764700001 }, "geometry": { "type": "Polygon", "coordinates": [ [ [ 14.53092704317096, 35.842096399188435 ], [ 14.530934182082529, 35.841989323161549 ], [ 14.531141194348184, 35.842039291894956 ], [ 14.531233993910272, 35.842089261325157 ], [ 14.531408875234847, 35.842062815106452 ], [ 14.531712264154068, 35.841710925980202 ], [ 14.532004937968575, 35.841596712253569 ], [ 14.532286291213895, 35.841550776795287 ], [ 14.532518901871871, 35.841653819137477 ], [ 14.532811574788084, 35.841846554658041 ], [ 14.533075694752952, 35.842082122004797 ], [ 14.533225601115991, 35.842317688651953 ], [ 14.533339815616149, 35.84238907287596 ], [ 14.53351113691726, 35.842360519339685 ], [ 14.533703873156412, 35.842132090679797 ], [ 14.533925163245202, 35.84199646176198 ], [ 14.53445340317497, 35.841739479750323 ], [ 14.534860290591343, 35.841525328044753 ], [ 14.534995920029576, 35.841425391355237 ], [ 14.535288593844086, 35.841168408949784 ], [ 14.535517021946111, 35.840561646953475 ], [ 14.535716897096828, 35.839969160067106 ], [ 14.535738312034866, 35.839769286282163 ], [ 14.535738312034866, 35.839597964349885 ], [ 14.535859665446596, 35.83923390865769 ], [ 14.536237999013363, 35.838848434647325 ], [ 14.536866177416822, 35.838377303351542 ], [ 14.537722783023975, 35.838113182317549 ], [ 14.538115394413841, 35.837913306769266 ], [ 14.538422344254855, 35.837663462900174 ], [ 14.539079075609589, 35.837220884333192 ], [ 14.539450350214832, 35.837135413283676 ], [ 14.539692976189947, 35.837035286816047 ], [ 14.539815177611304, 35.836871489841037 ], [ 14.539835743641421, 35.836578428755246 ], [ 14.539914266278705, 35.83603591230812 ], [ 14.53994995814158, 35.835514809704385 ], [ 14.540299738757003, 35.834558266965992 ], [ 14.540735180023015, 35.83352320086528 ], [ 14.541092100448305, 35.833052067805269 ], [ 14.542012950869644, 35.832009863677897 ], [ 14.542498361821631, 35.831403100821987 ], [ 14.542813081191541, 35.831073959662518 ], [ 14.542077195683829, 35.830282375294011 ], [ 14.542121416152014, 35.830040692203767 ], [ 14.542033958870899, 35.830011276995414 ], [ 14.541919437146896, 35.829938125662842 ], [ 14.541882441828564, 35.82989530574784 ], [ 14.541864595897129, 35.82989530574784 ], [ 14.541763468952313, 35.829925048741607 ], [ 14.541729836926415, 35.829978355663094 ], [ 14.541715674087643, 35.829981360694767 ], [ 14.541626650144654, 35.829948844293881 ], [ 14.541585008739668, 35.829948844293881 ], [ 14.541487316952519, 35.830013190280681 ], [ 14.541382754850071, 35.829990485036568 ], [ 14.541323268411944, 35.830008330958414 ], [ 14.541341114343382, 35.830061867971565 ], [ 14.54138689788015, 35.830079037272668 ], [ 14.541332226411965, 35.830099607800584 ], [ 14.541234038754787, 35.830091612359503 ], [ 14.541204294637428, 35.830109458258612 ], [ 14.541215572087488, 35.830143499684226 ], [ 14.541186448705988, 35.830168944074416 ], [ 14.541067475829768, 35.830157047060467 ], [ 14.541043436014444, 35.830130001830987 ], [ 14.540948502953517, 35.830151098188679 ], [ 14.54088901741372, 35.830198686965623 ], [ 14.540728403132512, 35.83027007116992 ], [ 14.540692711269637, 35.830341455310062 ], [ 14.54063322483151, 35.830561554729968 ], [ 14.540621326645589, 35.830656733947848 ], [ 14.540520199700772, 35.830745962767807 ], [ 14.540329843098835, 35.830870885132036 ], [ 14.540294151235958, 35.830924423019887 ], [ 14.540258460271412, 35.831043396298284 ], [ 14.540038358653749, 35.831215907089479 ], [ 14.539943181251077, 35.831269444744549 ], [ 14.53983015701867, 35.831376520674588 ], [ 14.539782566969839, 35.831436006997187 ], [ 14.539782566969839, 35.83152523712571 ], [ 14.539800078727991, 35.831590280275144 ], [ 14.539695527405339, 35.831724179792651 ], [ 14.539621953586931, 35.83175128565599 ], [ 14.539580313080274, 35.831786978160267 ], [ 14.539532723929774, 35.831852412919851 ], [ 14.539497032066897, 35.831941643308483 ], [ 14.539348315971614, 35.832060615790034 ], [ 14.539373999703894, 35.832135960250717 ], [ 14.539317018667106, 35.832149897653522 ], [ 14.539125067555519, 35.832142085221406 ], [ 14.538953747152739, 35.832277714236412 ], [ 14.538850509167045, 35.832444714990068 ], [ 14.538848628993152, 35.832506764830782 ], [ 14.538830783061716, 35.832530558880585 ], [ 14.538687267313597, 35.832568572101643 ], [ 14.538508937356664, 35.832836068281935 ], [ 14.53837273658991, 35.832774454216334 ], [ 14.538337044727035, 35.832804196859243 ], [ 14.538484354060596, 35.832872942312022 ], [ 14.538376464598331, 35.833034776066754 ], [ 14.538154884353713, 35.833087046731038 ], [ 14.537589785649537, 35.83303460564742 ], [ 14.537141366422622, 35.832869632236523 ], [ 14.537049710415872, 35.832877996640413 ], [ 14.536833202957665, 35.832818715320045 ], [ 14.536647627189643, 35.832833940219253 ], [ 14.536596861596307, 35.83278091487955 ], [ 14.536500346602192, 35.832765478037658 ], [ 14.536421578724797, 35.832780402891501 ], [ 14.536344246355265, 35.832774454216334 ], [ 14.536243119410484, 35.832691172717787 ], [ 14.536094403315165, 35.832619789234869 ], [ 14.535880251239647, 35.832619789234869 ], [ 14.535725585602256, 35.832554353651553 ], [ 14.535588766794561, 35.8325186622207 ], [ 14.535541177644093, 35.83248891874252 ], [ 14.535469793918342, 35.832494866710725 ], [ 14.535303264230985, 35.832467930793698 ], [ 14.534214629175805, 35.832018974677048 ], [ 14.534113502231024, 35.832018974677048 ], [ 14.534059964436711, 35.832036820871011 ], [ 14.533946939306006, 35.832042770329736 ], [ 14.533863535223428, 35.832114342232188 ], [ 14.533699897212957, 35.832199192356633 ], [ 14.533565726638777, 35.8322599613184 ], [ 14.533446792390098, 35.832283486701428 ], [ 14.533135963623682, 35.832238453306267 ], [ 14.532433527783892, 35.832370190881591 ], [ 14.532406772361474, 35.832331171062648 ], [ 14.532368224754325, 35.832312611206234 ], [ 14.532313973697683, 35.832312611206234 ], [ 14.532261149165731, 35.832334026704892 ], [ 14.532258384151264, 35.832399016754181 ], [ 14.531776199049487, 35.832432575067301 ], [ 14.53152269088303, 35.832431189124819 ], [ 14.53079100589761, 35.832334821274038 ], [ 14.530712484158622, 35.832120669670893 ], [ 14.530562576897253, 35.831899380166263 ], [ 14.530568105129527, 35.831804823678098 ], [ 14.530597789958078, 35.831804823678098 ], [ 14.530680787103808, 35.831578875077682 ], [ 14.530999398873838, 35.831395189995405 ], [ 14.531091585784909, 35.831322983091766 ], [ 14.53108563714113, 35.831269444744549 ], [ 14.530960715621061, 35.831090985268418 ], [ 14.530870568784001, 35.831062517975525 ], [ 14.530216366186766, 35.830500257170222 ], [ 14.529948676316931, 35.830236136132413 ], [ 14.529912985352384, 35.830154044948706 ], [ 14.529959384235132, 35.830061245990372 ], [ 14.530130706434537, 35.829836387086075 ], [ 14.530523316027779, 35.829529435714797 ], [ 14.53086640868591, 35.829641720745975 ], [ 14.530826299806806, 35.829723172996154 ], [ 14.530927665703452, 35.829752439006128 ], [ 14.530959148959225, 35.829669795984707 ], [ 14.531618042558872, 35.829847686927998 ], [ 14.531624114271887, 35.829907390706694 ], [ 14.531885853701247, 35.829895493653595 ], [ 14.532175851434536, 35.829857801796429 ], [ 14.532368587673686, 35.830278966788164 ], [ 14.532390002611761, 35.830393180786096 ], [ 14.532361449660451, 35.830457425905578 ], [ 14.532372156680321, 35.830496686988624 ], [ 14.532414986556432, 35.830503825894951 ], [ 14.532429264379568, 35.830493118263561 ], [ 14.532461386337477, 35.830378903681144 ], [ 14.532261512983387, 35.82990777088802 ], [ 14.532204404385846, 35.829807832673374 ], [ 14.532190128359339, 35.829729311262824 ], [ 14.532257293596521, 35.829667311689136 ], [ 14.532507364808682, 35.829609770838346 ], [ 14.532650133158452, 35.82952411023799 ], [ 14.5327548291099, 35.82942893184655 ], [ 14.532850008309167, 35.829295681761124 ], [ 14.532973739561479, 35.828905450109779 ], [ 14.533021328711982, 35.828800753930715 ], [ 14.533040364911139, 35.82867702203707 ], [ 14.533173613813865, 35.82836293290972 ], [ 14.533197202674913, 35.828112967925044 ], [ 14.533246609117246, 35.827826931334265 ], [ 14.533457192186129, 35.827462874797888 ], [ 14.53369275830139, 35.827184479081367 ], [ 14.533717743144397, 35.826981034067551 ], [ 14.533710604232828, 35.826866820985522 ], [ 14.533682051281518, 35.826716913698775 ], [ 14.533659040037202, 35.826688149856572 ], [ 14.533745860412779, 35.826521364960982 ], [ 14.533545984363764, 35.82650470910378 ], [ 14.53426458179384, 35.82538636168087 ], [ 14.534288377267385, 35.825403017772821 ], [ 14.5343454840683, 35.825312599362285 ], [ 14.53420747499289, 35.825255491641308 ], [ 14.534150368191973, 35.825336394112526 ], [ 14.534209853731769, 35.825357809308798 ], [ 14.533448144354596, 35.826548422345525 ], [ 14.5333465466926, 35.826506331134453 ], [ 14.53316451837162, 35.826374271362539 ], [ 14.533057441884695, 35.826242210642569 ], [ 14.532907536419989, 35.826195811803203 ], [ 14.532802419158699, 35.826069133306682 ], [ 14.532687845332397, 35.826060859229095 ], [ 14.532512038743114, 35.826010020975943 ], [ 14.531727607379125, 35.825629273843283 ], [ 14.531546902276567, 35.825605815681378 ], [ 14.531165349147836, 35.825479026261227 ], [ 14.531098723798177, 35.825279151662237 ], [ 14.530480064841791, 35.825421918660005 ], [ 14.530289708239822, 35.825421918660005 ], [ 14.530280189691076, 35.825479026261227 ], [ 14.530403921841685, 35.825488543705191 ], [ 14.530467893567987, 35.825686277140463 ], [ 14.530191381343759, 35.825706832054834 ], [ 14.53011285960477, 35.825703263114384 ], [ 14.529852308646502, 35.825549788324253 ], [ 14.529734525139707, 35.825410589053597 ], [ 14.529684556352027, 35.825324929019175 ], [ 14.529520391030497, 35.824482271080313 ], [ 14.529585386836255, 35.82438447398863 ], [ 14.52951939300222, 35.824089105922688 ], [ 14.529509666044317, 35.823775900363877 ], [ 14.529448990236766, 35.823740207898283 ], [ 14.529434713311963, 35.823675961711167 ], [ 14.529431700362496, 35.823522271772092 ], [ 14.52954017732293, 35.823394618811101 ], [ 14.529671048385106, 35.823097185748701 ], [ 14.529682944774434, 35.823013905019863 ], [ 14.529754329398484, 35.822906828732229 ], [ 14.529737625225758, 35.822692345037815 ], [ 14.529709357040396, 35.822651513341498 ], [ 14.529701819276852, 35.822585167071018 ], [ 14.529745233057907, 35.822444591051884 ], [ 14.529871108588791, 35.822318991863796 ], [ 14.530041474980722, 35.822009150305163 ], [ 14.530132514743196, 35.821972242091519 ], [ 14.530325512392102, 35.821768775704825 ], [ 14.53047691714503, 35.821152544054854 ], [ 14.53054651771491, 35.820742475891535 ], [ 14.53061093500564, 35.820658237757826 ], [ 14.530646626868515, 35.820515470932513 ], [ 14.53065852415614, 35.820325114280436 ], [ 14.530630391616373, 35.820185293257815 ], [ 14.530644670337802, 35.820021109679999 ], [ 14.530687500213917, 35.819956864853182 ], [ 14.530726760185095, 35.819928311256369 ], [ 14.530915928315942, 35.819839081928613 ], [ 14.531037279931043, 35.819853358015926 ], [ 14.531097955738593, 35.819992556834727 ], [ 14.531422388591684, 35.819753308805161 ], [ 14.532290300395008, 35.820556499667859 ], [ 14.533484700396778, 35.82172269984143 ], [ 14.542005217273367, 35.815976188238402 ], [ 14.542445417813731, 35.816321210843348 ], [ 14.543155612402623, 35.81656417114354 ], [ 14.54384987986154, 35.816924969842049 ], [ 14.538768234266783, 35.821230915160712 ], [ 14.538810582645917, 35.821324299876714 ], [ 14.539699570722442, 35.822018143725053 ], [ 14.540127873975182, 35.822000298191696 ], [ 14.542201229668363, 35.821502229192767 ], [ 14.542305985806919, 35.821800379869721 ], [ 14.542662905333907, 35.822074017700004 ], [ 14.543047950214158, 35.821676835185023 ], [ 14.546565793290952, 35.818706942662111 ], [ 14.546776870433272, 35.81867436919584 ], [ 14.546841115247425, 35.818600605738787 ], [ 14.546825659732965, 35.81848075791229 ], [ 14.546663856980631, 35.81794775918916 ], [ 14.546434673395447, 35.817681824839077 ], [ 14.54305950793858, 35.815056365874263 ], [ 14.543273659115801, 35.8148065228863 ], [ 14.542888619625469, 35.814556767255496 ], [ 14.542334242314185, 35.814507331928958 ], [ 14.542352088245623, 35.814400255822576 ], [ 14.542387780108466, 35.81432887191427 ], [ 14.542375881922545, 35.814275333758808 ], [ 14.54239372785398, 35.814198001856063 ], [ 14.542494854798765, 35.814037387745103 ], [ 14.542573131297678, 35.813866724151438 ], [ 14.54267951428521, 35.813736902321153 ], [ 14.542756596024786, 35.813573393080027 ], [ 14.542822031106725, 35.813525803805035 ], [ 14.542923158051506, 35.813400881822396 ], [ 14.543042131826057, 35.813323549796472 ], [ 14.543201950199935, 35.813468501116695 ], [ 14.543820780734531, 35.813915435784182 ], [ 14.543958223871337, 35.813824723829846 ], [ 14.544470498043562, 35.814263993819949 ], [ 14.546126559337827, 35.815491567219453 ], [ 14.548383136314701, 35.817292456824383 ], [ 14.549492374230908, 35.818154484871229 ], [ 14.549616106381482, 35.818137828715123 ], [ 14.549706525408094, 35.818042651237647 ], [ 14.549718421797426, 35.817959368848044 ], [ 14.54869990923334, 35.817183103020689 ], [ 14.544281831172661, 35.813708130133051 ], [ 14.544281831172661, 35.813658161769737 ], [ 14.544331799062011, 35.813565363193213 ], [ 14.544181892698974, 35.813408318024443 ], [ 14.544067679097111, 35.813336933952833 ], [ 14.543175380728783, 35.812630233863352 ], [ 14.542932675701955, 35.81241608299991 ], [ 14.542825601011657, 35.812337561139003 ], [ 14.542732802347865, 35.812237622655907 ], [ 14.542682832661855, 35.812123408757763 ], [ 14.542582895984827, 35.812151962976174 ], [ 14.542532927197147, 35.812101994362067 ], [ 14.542490361425715, 35.812092585313572 ], [ 14.542390158847349, 35.812130547859674 ], [ 14.542425850710224, 35.812059164096354 ], [ 14.542532927197147, 35.811980641882499 ], [ 14.542625725860939, 35.811952088330983 ], [ 14.542704247599927, 35.811894981197057 ], [ 14.542811324086854, 35.811859289217537 ], [ 14.542946952626755, 35.811766489995627 ], [ 14.543004060326004, 35.811616584059678 ], [ 14.543111135914597, 35.811473816273185 ], [ 14.543096858989795, 35.811423847960853 ], [ 14.543054029113682, 35.811381017329367 ], [ 14.542925537688685, 35.811338186674767 ], [ 14.542889845825842, 35.811288218277035 ], [ 14.542839877038164, 35.811252526753229 ], [ 14.542718525423062, 35.811209696029337 ], [ 14.542675694648619, 35.811216835213393 ], [ 14.542647140798978, 35.811252526753229 ], [ 14.542604310922867, 35.811266802927598 ], [ 14.542511512259075, 35.811174003741797 ], [ 14.542447265648262, 35.811174003741797 ], [ 14.542390158847349, 35.811145451357184 ], [ 14.542375881922545, 35.811102621303988 ], [ 14.542090347019602, 35.810938437884026 ], [ 14.541983271430976, 35.810859915290457 ], [ 14.541790535191824, 35.810788531841865 ], [ 14.541761981342217, 35.810752840093471 ], [ 14.541654905753591, 35.810695732825657 ], [ 14.541419338740029, 35.810617209992103 ], [ 14.541161162927358, 35.810465512702812 ], [ 14.541105249987451, 35.810460166277586 ], [ 14.540891098810226, 35.810381643939657 ], [ 14.540833992009313, 35.810324537133361 ], [ 14.54080922994852, 35.810279068750766 ], [ 14.540705500584346, 35.810317397869035 ], [ 14.540634116858595, 35.81031026006108 ], [ 14.540534180181567, 35.81028884517643 ], [ 14.540428767374532, 35.810247937893436 ], [ 14.540205813605853, 35.810224599030775 ], [ 14.540134429880133, 35.810196046304803 ], [ 14.540063046154383, 35.810196046304803 ], [ 14.539955970565789, 35.810167492111546 ], [ 14.539870309915234, 35.810160354290126 ], [ 14.539734681375327, 35.810196046304803 ], [ 14.539641881813207, 35.81031026006108 ], [ 14.539356346011937, 35.810767117086179 ], [ 14.53934206998543, 35.810824224302657 ], [ 14.539262457691699, 35.810921526699282 ], [ 14.539189057248164, 35.811141733150265 ], [ 14.539071656423662, 35.811289600946225 ], [ 14.539014899965716, 35.811324284955624 ], [ 14.538999427383242, 35.811402432648002 ], [ 14.538928042759192, 35.811438124832861 ], [ 14.53882406635832, 35.811463379256772 ], [ 14.538799553130854, 35.811502369996731 ], [ 14.538756722356412, 35.811509507697529 ], [ 14.538740785344974, 35.811463379256772 ], [ 14.538749207050762, 35.81137073401139 ], [ 14.538920904745957, 35.81119541911626 ], [ 14.538963734622067, 35.811124035969243 ], [ 14.539006566294809, 35.811038375088202 ], [ 14.539006566294809, 35.810981268025721 ], [ 14.539070811108994, 35.810881330749623 ], [ 14.539106502971869, 35.810752840093471 ], [ 14.539170747786022, 35.810610072211098 ], [ 14.539185024710857, 35.810524410775692 ], [ 14.539156471759549, 35.810467304072056 ], [ 14.539170747786022, 35.810046140318235 ], [ 14.539206439648899, 35.809917649039228 ], [ 14.53919930163566, 35.809782019696904 ], [ 14.539213578560464, 35.809732051048485 ], [ 14.53924213241007, 35.809703496688385 ], [ 14.53924213241007, 35.809624975059251 ], [ 14.539192163622392, 35.809610697861267 ], [ 14.539092226047034, 35.809617837189066 ], [ 14.53904663115649, 35.809582144914515 ], [ 14.538999427383242, 35.809582144914515 ], [ 14.538942319683995, 35.809517898925648 ], [ 14.538888143187545, 35.809495055231096 ], [ 14.538599677980139, 35.809482208063208 ], [ 14.538456909630337, 35.809453654341802 ], [ 14.538414079754224, 35.809432239226147 ], [ 14.538342696028508, 35.809382270357631 ], [ 14.538342696028508, 35.809332302186142 ], [ 14.538385525904621, 35.80928233325475 ], [ 14.538421217767461, 35.809260918092903 ], [ 14.53851107983861, 35.809253778733009 ], [ 14.53851107983861, 35.809199505006539 ], [ 14.538399802829421, 35.809160980108842 ], [ 14.538271312302754, 35.809068180647714 ], [ 14.538057161125533, 35.80901107435394 ], [ 14.538057161125533, 35.808911136783948 ], [ 14.538014330351123, 35.808882582857258 ], [ 14.537927029376867, 35.808877954635925 ], [ 14.537848684605974, 35.808905731973361 ], [ 14.537785902249098, 35.808896860186152 ], [ 14.537744313844707, 35.808932506872608 ], [ 14.537579292428672, 35.808949017801005 ], [ 14.53749322843459, 35.808989659118936 ], [ 14.53744325964691, 35.80899679777405 ], [ 14.537376972962088, 35.808969260876353 ], [ 14.537350460983117, 35.80901107435394 ], [ 14.53724338539449, 35.80899679777405 ], [ 14.537207692633316, 35.80896824387812 ], [ 14.537172000770441, 35.808911136783948 ], [ 14.537179139682008, 35.808854029648721 ], [ 14.53724338539449, 35.808775507908202 ], [ 14.53722196955812, 35.808732677305386 ], [ 14.537182066393218, 35.808724896808272 ], [ 14.537107755956256, 35.808739815983586 ], [ 14.537086341018217, 35.8086898466794 ], [ 14.537107755956256, 35.808618462737151 ], [ 14.53714864816633, 35.808572656805069 ], [ 14.537036372230537, 35.808539940763723 ], [ 14.537000680367662, 35.808539940763723 ], [ 14.536954642607681, 35.808474743221858 ], [ 14.536893603880735, 35.808487592738302 ], [ 14.536788907929319, 35.808478074713086 ], [ 14.536579515128189, 35.80838289731242 ], [ 14.536398676176631, 35.808278200291468 ], [ 14.536084588322382, 35.807935557775942 ], [ 14.536067749402386, 35.807877580816317 ], [ 14.53579905162281, 35.807726165330699 ], [ 14.535684838020947, 35.807621468901104 ], [ 14.535503999069421, 35.807535807884562 ], [ 14.535328904844135, 35.807470253999405 ], [ 14.535237498569046, 35.807450148232704 ], [ 14.534970999865264, 35.807621468901104 ], [ 14.534847267714655, 35.807640505155668 ], [ 14.534571249563831, 35.807726165330699 ], [ 14.534471956978855, 35.807715963862279 ], [ 14.534388031873426, 35.807740442139 ], [ 14.534330925072508, 35.807740442139 ], [ 14.534200054010332, 35.807678576194107 ], [ 14.534184848227532, 35.80761971607923 ], [ 14.534142947209418, 35.807592915967682 ], [ 14.533990662107499, 35.807650023281212 ], [ 14.533905000558647, 35.807659539948659 ], [ 14.533771750757591, 35.80775471894475 ], [ 14.533659507161163, 35.807778766654387 ], [ 14.533595671080455, 35.807826102934776 ], [ 14.53358139505395, 35.807883210080682 ], [ 14.533510653623622, 35.807893627897677 ], [ 14.533419591403286, 35.807878450667737 ], [ 14.53334344840318, 35.807830862350862 ], [ 14.533305376903126, 35.807783271819936 ], [ 14.53329595896569, 35.80766320295097 ], [ 14.533118726750011, 35.807552324202959 ], [ 14.533068943913596, 35.807537006303079 ], [ 14.533010324349737, 35.807564362295523 ], [ 14.532867555999935, 35.80752629120235 ], [ 14.532781896247712, 35.807488219362384 ], [ 14.532816554149695, 35.807468002136289 ], [ 14.532800930650277, 35.807450148232704 ], [ 14.532800930650277, 35.807412076356293 ], [ 14.532705753247603, 35.807393040775452 ], [ 14.532591538747443, 35.807345452167716 ], [ 14.53244877129597, 35.807250272681166 ], [ 14.532196547720364, 35.807197925262756 ], [ 14.532003812379545, 35.807197925262756 ], [ 14.531890111715722, 35.807141715167539 ], [ 14.531833080373264, 35.807137019820452 ], [ 14.531714081445894, 35.80705168174709 ], [ 14.531691020794241, 35.807047838770551 ], [ 14.531668307790595, 35.807088470133543 ], [ 14.531592164790485, 35.807050398083703 ], [ 14.531592164790485, 35.807012326744143 ], [ 14.531614406178589, 35.806980202352463 ], [ 14.531512895653179, 35.806899966719115 ], [ 14.531430362038121, 35.806869558694025 ], [ 14.53139228963977, 35.806821969772635 ], [ 14.531430362038121, 35.80680732707787 ], [ 14.531401808188514, 35.806745826856286 ], [ 14.531325666086703, 35.806707756099279 ], [ 14.53107956722474, 35.806682387969445 ], [ 14.531049647935879, 35.80661257803407 ], [ 14.530802183634661, 35.80661257803407 ], [ 14.530705101803608, 35.806596396644267 ], [ 14.530716523882438, 35.806536434916978 ], [ 14.530830738382599, 35.806479328259769 ], [ 14.530811702183438, 35.806403185014922 ], [ 14.530659416183191, 35.806336559980096 ], [ 14.530545201683029, 35.806308007313277 ], [ 14.530449650581197, 35.806328897270632 ], [ 14.530383398930699, 35.806384149192333 ], [ 14.530297738280142, 35.806526916657923 ], [ 14.530338581082843, 35.806547338112281 ], [ 14.53034134340235, 35.806568058258954 ], [ 14.53025966678009, 35.806593542261666 ], [ 14.530059791629371, 35.806603059784145 ], [ 14.530012203377201, 35.806726791844298 ], [ 14.529964614226701, 35.806783899052128 ], [ 14.529774256726432, 35.80681245227634 ], [ 14.529650524575823, 35.806793417280332 ], [ 14.529583900124459, 35.806755345089108 ], [ 14.529488721823455, 35.80676486332073 ], [ 14.529384024973741, 35.80680293405036 ], [ 14.529345954371985, 35.80680293405036 ], [ 14.529260292823132, 35.806774380822723 ], [ 14.529292279135449, 35.80671976809279 ], [ 14.529288846672738, 35.806669685323968 ], [ 14.52919309434829, 35.806671304845807 ], [ 14.528956178065156, 35.806555545013232 ], [ 14.528793918968667, 35.806555470703124 ], [ 14.528736812167718, 35.806593542261666 ], [ 14.528727293618974, 35.806698237860751 ], [ 14.528784401318221, 35.806831487996334 ], [ 14.528812955167828, 35.806993291067492 ], [ 14.528812955167828, 35.807212202165964 ], [ 14.528661702230206, 35.807284012101796 ], [ 14.5285911198017, 35.807243281031027 ], [ 14.528451277264779, 35.807202683987896 ], [ 14.528356098065476, 35.807202683987896 ], [ 14.52832754511417, 35.807221720342895 ], [ 14.528108633764258, 35.807126540708055 ], [ 14.528022974012035, 35.806993291067492 ], [ 14.527924594115376, 35.806973615011067 ], [ 14.527849611738619, 35.807023554068401 ], [ 14.527870688011818, 35.807107505058781 ], [ 14.527832617410063, 35.807145577081251 ], [ 14.527693625577728, 35.80712743970868 ], [ 14.527632742259348, 35.807050398083703 ], [ 14.527575634560101, 35.807031363144709 ], [ 14.527442384759079, 35.807031363144709 ], [ 14.527405854768043, 35.80708577167313 ], [ 14.527252028157106, 35.807059916279968 ], [ 14.527128296006497, 35.806993291067492 ], [ 14.527085281077449, 35.806874999341062 ], [ 14.527007999911852, 35.806793039902473 ], [ 14.526917738988725, 35.806788614818906 ], [ 14.526804689603502, 35.806736310079408 ], [ 14.526471564651727, 35.806717274336599 ], [ 14.526328797200257, 35.806660167080928 ], [ 14.52625265509848, 35.806679202837365 ], [ 14.526094309961643, 35.806748250672726 ], [ 14.525824351845737, 35.806793417280332 ], [ 14.52571965499599, 35.806841006218832 ], [ 14.525595922845381, 35.806860041931976 ], [ 14.525348459442492, 35.806850523711702 ], [ 14.525015335389051, 35.806793417280332 ], [ 14.524892630012825, 35.806805172818812 ], [ 14.524739317238225, 35.80680293405036 ], [ 14.524701245738173, 35.80681245227634 ], [ 14.524682210437312, 35.806869558694025 ], [ 14.524606068335499, 35.806974256114877 ], [ 14.524539442985839, 35.807002809270656 ], [ 14.524463299985733, 35.807059916279968 ], [ 14.524177765082758, 35.807069433746605 ], [ 14.52389222928152, 35.807193165808734 ], [ 14.523625729679441, 35.807221720342895 ], [ 14.523540069028885, 35.807269309024761 ], [ 14.523530551378439, 35.807307380241127 ], [ 14.523292604727667, 35.807345452167716 ], [ 14.522949963023775, 35.807345452167716 ], [ 14.52275008787306, 35.807316897678056 ], [ 14.522521659771067, 35.807250272681166 ], [ 14.522474070620568, 35.807278827194786 ], [ 14.522476267001437, 35.807355132060941 ], [ 14.521609523906305, 35.807151591787409 ], [ 14.521550839663719, 35.807069433746605 ], [ 14.52140807221225, 35.807069433746605 ], [ 14.521336190819836, 35.807087404299963 ], [ 14.52129077379572, 35.807076738678319 ], [ 14.521207473019405, 35.80700878027605 ], [ 14.521062749935552, 35.806964737908295 ], [ 14.520418215905742, 35.806926665799146 ], [ 14.520208824002905, 35.806888595128818 ], [ 14.520085091852296, 35.806879076911962 ], [ 14.519666307148299, 35.806907630830501 ], [ 14.519371252798285, 35.806860041931976 ], [ 14.518971504293477, 35.806821969772635 ], [ 14.518790665341953, 35.806783899052128 ], [ 14.518666933191344, 35.806736310079408 ], [ 14.518552718691183, 35.806707756099279 ], [ 14.518457540390216, 35.806660167080928 ], [ 14.518267183788243, 35.806641131319878 ], [ 14.518133933987185, 35.80661257803407 ], [ 14.518029237137471, 35.806564988230157 ], [ 14.517911223661951, 35.806576228002719 ], [ 14.517479219350236, 35.8064245528643 ], [ 14.517485173383964, 35.806347155761983 ], [ 14.517110923558468, 35.806214800182175 ], [ 14.517048899379709, 35.806241382198614 ], [ 14.516854426697103, 35.806235722219469 ], [ 14.516849025127287, 35.806317524141534 ], [ 14.516800570899184, 35.806361939876886 ], [ 14.516790855619375, 35.8064332493515 ], [ 14.516696739127076, 35.806488845795982 ], [ 14.516506381626771, 35.806479328259769 ], [ 14.516373431863046, 35.806421294140144 ], [ 14.516344578874438, 35.806336559980096 ], [ 14.516296989723939, 35.806308007313277 ], [ 14.516059043971499, 35.806384149192333 ], [ 14.515744509654557, 35.806466696977985 ], [ 14.515649776019618, 35.806479328259769 ], [ 14.515554597718648, 35.806526916657923 ], [ 14.515516527116892, 35.806564988230157 ], [ 14.515540320793844, 35.806598301023023 ], [ 14.515459420315974, 35.806650648836708 ], [ 14.515278579567823, 35.80658402400946 ], [ 14.515145330665096, 35.806593542261666 ], [ 14.515088223864147, 35.806660167080928 ], [ 14.514926420213486, 35.80676486332073 ], [ 14.514793170412462, 35.806821969772635 ], [ 14.514659920611408, 35.806850523711702 ], [ 14.514288725057909, 35.806831487996334 ], [ 14.514031743106276, 35.806831487996334 ], [ 14.513850904154754, 35.806850523711702 ], [ 14.513727172004144, 35.806850523711702 ], [ 14.513574886003928, 35.806917149043933 ], [ 14.513451153853319, 35.806955219700569 ], [ 14.513213208100845, 35.806898113344531 ], [ 14.51306092299896, 35.806898113344531 ], [ 14.512880084047403, 35.806926665799146 ], [ 14.512767533227168, 35.806974903046886 ], [ 14.512642138294963, 35.806983774320273 ], [ 14.512613584445324, 35.806974256114877 ], [ 14.512575512945272, 35.80693618401029 ], [ 14.512529388048705, 35.806850523711702 ], [ 14.512413709294606, 35.806850523711702 ], [ 14.512185281192615, 35.806917149043933 ], [ 14.511941554781284, 35.806953010805977 ], [ 14.51193269200269, 35.80705624669308 ], [ 14.511528832807166, 35.807208781741622 ], [ 14.510477159832661, 35.807480009643726 ], [ 14.510318122993091, 35.807941777135945 ], [ 14.51003258809015, 35.808429565914182 ], [ 14.509829511343744, 35.808640454325094 ], [ 14.50898809804467, 35.808488923003338 ], [ 14.508860130337512, 35.808375373946575 ], [ 14.50850471279367, 35.808265817719438 ], [ 14.508180718318462, 35.808347984721841 ], [ 14.507608784333238, 35.808553402220163 ], [ 14.507259400773163, 35.808799902079656 ], [ 14.506941021666812, 35.80896423707982 ], [ 14.506566771841353, 35.809114875801576 ], [ 14.506180639999616, 35.809468089653436 ], [ 14.50560686806133, 35.809754437904374 ], [ 14.50522375006739, 35.809826993711972 ], [ 14.504920873187881, 35.809950245039069 ], [ 14.504673867027485, 35.810087191947879 ], [ 14.504181727694004, 35.810388474315943 ], [ 14.503986848972909, 35.810484337012163 ], [ 14.50375440899481, 35.810566505361685 ], [ 14.503008706697686, 35.810908872812242 ], [ 14.502703018091328, 35.810991040722477 ], [ 14.502239074179711, 35.811169073331236 ], [ 14.501803326588222, 35.811223852010841 ], [ 14.501515014094389, 35.811292324760856 ], [ 14.501302756565817, 35.811401884097698 ], [ 14.50029693360343, 35.811689473996928 ], [ 14.500416025955596, 35.811871825667481 ], [ 14.500466262441211, 35.812007683825954 ], [ 14.500551923091766, 35.812757214997497 ], [ 14.500501954304088, 35.813149825821284 ], [ 14.500587614954645, 35.8133282848436 ], [ 14.500651859768828, 35.813628097982878 ], [ 14.500687551631671, 35.813920771778278 ], [ 14.501827640389694, 35.813734234682208 ], [ 14.502929003674112, 35.813635236949551 ], [ 14.502943280598915, 35.813713758255645 ], [ 14.503107463886757, 35.813742311902153 ], [ 14.503164570687705, 35.814299104864546 ], [ 14.503235955311755, 35.814470428240597 ], [ 14.50315029376287, 35.814670300917491 ], [ 14.50278623712094, 35.815284202308213 ], [ 14.502507840231235, 35.815676812292331 ], [ 14.501879661827777, 35.816076562724383 ], [ 14.501558435061959, 35.816247882993579 ], [ 14.501537020123921, 35.816433481780692 ], [ 14.501451358575068, 35.816861785298315 ], [ 14.501437081650229, 35.817154458828888 ], [ 14.501522743199116, 35.817782635682342 ], [ 14.501522743199116, 35.817932542360502 ], [ 14.501065886096734, 35.818168109321718 ], [ 14.500965949419706, 35.818346568719583 ], [ 14.500894564795658, 35.81878200988988 ], [ 14.500937395570064, 35.81898902330947 ], [ 14.50107951533623, 35.819216495905252 ], [ 14.501144408734051, 35.819274557823256 ], [ 14.501230069384606, 35.819388773089401 ], [ 14.501187238610164, 35.819695722889286 ], [ 14.501222931371339, 35.820623712975319 ], [ 14.501215793358099, 35.820802171951897 ], [ 14.501130131809251, 35.820952078027126 ], [ 14.500923118645261, 35.821159092343407 ], [ 14.500847574821451, 35.821326359778865 ], [ 14.500832016899055, 35.821871827714148 ], [ 14.500909447184968, 35.822109812160761 ], [ 14.501512222130511, 35.822575609946163 ], [ 14.502172335642319, 35.822986517930957 ], [ 14.502343656943395, 35.823029348128983 ], [ 14.502629191846335, 35.822972240950328 ], [ 14.502750545258065, 35.822858027198144 ], [ 14.502914727647605, 35.822572491006163 ], [ 14.503264508263065, 35.82217988016064 ], [ 14.50334303090035, 35.822001420639452 ], [ 14.503257370249793, 35.821887206947125 ], [ 14.503250232236558, 35.821787268830029 ], [ 14.503507213289893, 35.821351828119383 ], [ 14.503685672604242, 35.821251890785078 ], [ 14.505191871552892, 35.821723023975771 ], [ 14.505784358093477, 35.821644501850123 ], [ 14.506433952333303, 35.821373242933959 ], [ 14.507647474772522, 35.820666542991489 ], [ 14.508111470786472, 35.82045239195125 ], [ 14.508546911154122, 35.820181133331843 ], [ 14.508682540592355, 35.820202547733814 ], [ 14.50876106322964, 35.820245377977166 ], [ 14.508853861893467, 35.820409561091132 ], [ 14.508875277729837, 35.820545191219026 ], [ 14.508968076393629, 35.820695097051122 ], [ 14.509289027376635, 35.820838656052437 ], [ 14.510099879989758, 35.820866969678292 ], [ 14.510609904780514, 35.820916387205358 ], [ 14.511121066838431, 35.821134106868385 ], [ 14.512405547201947, 35.821433476075036 ], [ 14.514288704396675, 35.821715525910811 ], [ 14.514615301291244, 35.821908435877745 ], [ 14.515840684187172, 35.822727605315322 ], [ 14.515932536924987, 35.822800675159961 ], [ 14.516753388685501, 35.823193754923992 ], [ 14.516722458791971, 35.823243519895513 ], [ 14.516607416045121, 35.823274237766178 ], [ 14.51637759465606, 35.823292021101089 ], [ 14.516216838441046, 35.823285137934867 ], [ 14.515910370995341, 35.823315085166392 ], [ 14.515749538423508, 35.823320673275575 ], [ 14.515458763647498, 35.82328832094408 ], [ 14.515061059708286, 35.823211884256516 ], [ 14.514838706014199, 35.823260874951238 ], [ 14.51483824967004, 35.823335706977183 ], [ 14.51497936871297, 35.824053426708616 ], [ 14.51499346866968, 35.824253039268193 ], [ 14.514931529830841, 35.8243650382326 ], [ 14.514371160756617, 35.824593510764529 ], [ 14.514171241588445, 35.824729897069126 ], [ 14.514002634996128, 35.824754160332077 ], [ 14.513856921968841, 35.824790987132133 ], [ 14.513680352709853, 35.824865106104959 ], [ 14.513395975735307, 35.825038566271068 ], [ 14.512882761925283, 35.825174733302923 ], [ 14.512513472596828, 35.825325527730051 ], [ 14.512249080442409, 35.825589989958168 ], [ 14.51207432578029, 35.825999512306758 ], [ 14.511657098754993, 35.826501832129637 ], [ 14.511409635352104, 35.826635083264442 ], [ 14.511362046201604, 35.826777850008163 ], [ 14.51122879640058, 35.827015795709812 ], [ 14.511219278750135, 35.827149046710041 ], [ 14.511285903201495, 35.827329884342078 ], [ 14.511390600051243, 35.827482169225867 ], [ 14.511343010900744, 35.827653491100627 ], [ 14.511181207250077, 35.827843846929781 ], [ 14.511066992749919, 35.828043723081571 ], [ 14.510943260599309, 35.82822456231662 ], [ 14.510857599948753, 35.828452990235064 ], [ 14.510733867798145, 35.828890810030877 ], [ 14.510667244245113, 35.829052614034239 ], [ 14.510372189895095, 35.829585613937887 ], [ 14.510343636943785, 35.829728381200383 ], [ 14.510277011594125, 35.829852112911382 ], [ 14.510115208841761, 35.82989970332428 ], [ 14.509972441390291, 35.830013917139695 ], [ 14.509487031336633, 35.830689684131116 ], [ 14.50932522768597, 35.830870523163064 ], [ 14.509677387938606, 35.83094666479343 ], [ 14.509856539854013, 35.83103666966187 ], [ 14.511760049279815, 35.829482135679775 ], [ 14.513473261392454, 35.828206745855276 ], [ 14.513720724795341, 35.828492280714649 ], [ 14.512692797887077, 35.829310816296008 ], [ 14.510328028715717, 35.831387237654766 ], [ 14.510475320082973, 35.831495534060096 ], [ 14.510627606083188, 35.831638302256202 ], [ 14.510822721061217, 35.831757275192572 ], [ 14.511036873136737, 35.831776310030158 ], [ 14.511241506663513, 35.831700167739243 ], [ 14.511546077765679, 35.831614507210539 ], [ 14.511941067894393, 35.831519329141443 ], [ 14.512255156646972, 35.831457462789039 ], [ 14.512547831359813, 35.831512190326471 ], [ 14.512997548652299, 35.83156215910455 ], [ 14.513187906152567, 35.831566917826102 ], [ 14.513363985829736, 35.831552640932394 ], [ 14.513616209405308, 35.83157643599661 ], [ 14.514063547060616, 35.831676372712124 ], [ 14.514211073786443, 35.831700167739243 ], [ 14.514515644888574, 35.831723962030914 ], [ 14.515591160947341, 35.831961908196774 ], [ 14.515771999898865, 35.831966666894303 ], [ 14.515839198373708, 35.831953660952308 ], [ 14.515929045173468, 35.832028532849698 ], [ 14.51607181172661, 35.83211776304023 ], [ 14.516280015158349, 35.83235570875344 ], [ 14.516946264163535, 35.832897037035458 ], [ 14.517071185683564, 35.833111187999862 ], [ 14.517130673020024, 35.833325339842823 ], [ 14.517035493820721, 35.833712002298576 ], [ 14.516910572300656, 35.833991589156838 ], [ 14.516910572300656, 35.834122459355562 ], [ 14.517011700143769, 35.834526967202038 ], [ 14.517023597431393, 35.83464594017682 ], [ 14.51699385421233, 35.83484819520821 ], [ 14.516964110094969, 35.834925526657166 ], [ 14.516791599424437, 35.835098037747485 ], [ 14.516791599424437, 35.83517536968116 ], [ 14.516862983150189, 35.835276497678926 ], [ 14.51689272726755, 35.835383573299438 ], [ 14.516976008280894, 35.835371676339101 ], [ 14.517136620765505, 35.835585827178733 ], [ 14.517231799964804, 35.835782132821095 ], [ 14.517190160356447, 35.835996284737583 ], [ 14.517112827088585, 35.836258024860278 ], [ 14.516958162349487, 35.83652571469846 ], [ 14.516714267054905, 35.83673986606442 ], [ 14.516696421123468, 35.836811250210069 ], [ 14.516720215698683, 35.83690048011978 ], [ 14.516886777725407, 35.837025402261752 ], [ 14.517047391108315, 35.837102733773314 ], [ 14.517368618772464, 35.837191964083452 ], [ 14.517844511175706, 35.837251449687386 ], [ 14.518177635229149, 35.837310938159703 ], [ 14.519367366686373, 35.837340679830248 ], [ 14.519950333779882, 35.837287143358708 ], [ 14.520376007663787, 35.837607655247361 ], [ 14.520433162973744, 35.837636129659209 ], [ 14.520741505203429, 35.837899853204135 ], [ 14.520896169044226, 35.837995032358364 ], [ 14.520985539736893, 35.837911341240968 ], [ 14.521104371577637, 35.837757086079321 ], [ 14.521235242639779, 35.837554831909273 ], [ 14.521598110810617, 35.837197911699157 ], [ 14.521758724193525, 35.837084887990578 ], [ 14.521883645713556, 35.837025402261752 ], [ 14.522002617691479, 35.837013504091082 ], [ 14.522210822021483, 35.837096784694005 ], [ 14.522604525762754, 35.837379263149735 ], [ 14.523129341314689, 35.837564449859421 ], [ 14.523413879985981, 35.837879012335357 ], [ 14.523406501224224, 35.838102108679323 ], [ 14.523382705750674, 35.838268669696909 ], [ 14.523210195080141, 35.83845902773438 ], [ 14.522918712431684, 35.838702922323833 ], [ 14.523073376272482, 35.838958714044097 ], [ 14.523216143723955, 35.839107430120073 ], [ 14.523341066142317, 35.839107430120073 ], [ 14.523436244443287, 35.839083635129711 ], [ 14.523567114607133, 35.839012252300527 ], [ 14.523733676633851, 35.838958714044097 ], [ 14.523965673742513, 35.83899440621903 ], [ 14.524401609081897, 35.838892918115107 ], [ 14.524768741555356, 35.838792150834081 ], [ 14.524857972110841, 35.838827843084012 ], [ 14.525052462759755, 35.838983114233805 ], [ 14.525357659089336, 35.838905177208026 ], [ 14.525776742034004, 35.838952170865312 ], [ 14.525890955635834, 35.839018796202538 ], [ 14.526119383737861, 35.839123491279373 ], [ 14.526347811839885, 35.839256742338293 ], [ 14.526785632743076, 35.839409024723381 ], [ 14.527071167646017, 35.839475651133348 ], [ 14.527023579393846, 35.839627936011112 ], [ 14.527014839684417, 35.839931038973376 ], [ 14.52734718579684, 35.840351292652315 ], [ 14.527432846447395, 35.84056068570461 ], [ 14.527547060947558, 35.840931882014424 ], [ 14.527749675061557, 35.841290468323024 ], [ 14.527878840223014, 35.84141603967015 ], [ 14.528095919908038, 35.842785030302977 ], [ 14.528041987753333, 35.843416038674022 ], [ 14.527950336238169, 35.843831025832522 ], [ 14.528085965676404, 35.843831025832522 ], [ 14.528542821880421, 35.843531213906601 ], [ 14.529607920176847, 35.842932000270906 ], [ 14.529877701324658, 35.842803099088478 ], [ 14.530270310917894, 35.842660331321554 ], [ 14.530534430882764, 35.84258180879462 ], [ 14.530691476157369, 35.842481871979743 ], [ 14.530841381622109, 35.842331965793193 ], [ 14.53092704317096, 35.842096399188435 ] ] ] } },
{ "type": "Feature", "properties": { "LocalityId": 20, "LAU_Name": "Il-Gudja", "LAU_Latin": "Gudja", "Region": "Nofsinhar (Southern)", "Area_Km2": 2.301729, "Population": 3229.0, "NUTS3": "MT001", "LAU": "MT01320", "GREAT_CID": null, "GREAT_CIN": null, "FUA_ID": "MT001L", "FUA_Name": "Malta", "Shape__Are": 3510890.00293, "Shape__Len": 9447.4657708499999 }, "geometry": { "type": "Polygon", "coordinates": [ [ [ 14.501193742412816, 35.85898837275677 ], [ 14.501497666727939, 35.859036865216204 ], [ 14.501922382109441, 35.858998866135508 ], [ 14.502536282689768, 35.858998866135508 ], [ 14.503121630318786, 35.858913205964171 ], [ 14.503449995996167, 35.858813267888515 ], [ 14.504506476754038, 35.858884651825115 ], [ 14.505101330355407, 35.858884651825115 ], [ 14.505542804706858, 35.858977925971793 ], [ 14.505671161384527, 35.858988990142841 ], [ 14.506583040331121, 35.858814030158214 ], [ 14.508715295862553, 35.857984198107253 ], [ 14.509332024339407, 35.857942385675784 ], [ 14.509385828035029, 35.857911639727838 ], [ 14.509968119595454, 35.857855980285407 ], [ 14.510375148047338, 35.857551135136305 ], [ 14.511259386730941, 35.857299931216915 ], [ 14.511640759298288, 35.857168977671208 ], [ 14.512001643988967, 35.857027201912409 ], [ 14.511215553436669, 35.855448562247496 ], [ 14.511129175032202, 35.855158334338171 ], [ 14.511318539894077, 35.855125615656043 ], [ 14.511568382934177, 35.854994745889087 ], [ 14.511806328686617, 35.854721108008476 ], [ 14.511734945859192, 35.854447469911513 ], [ 14.511687355810396, 35.854161935271762 ], [ 14.511520793783674, 35.853816913362181 ], [ 14.511383215899603, 35.853605959314955 ], [ 14.511163399946215, 35.853219631919487 ], [ 14.510773168193527, 35.853210114161506 ], [ 14.510725579043028, 35.853153006861454 ], [ 14.510763649644785, 35.852581936695451 ], [ 14.510763649644785, 35.85202990185968 ], [ 14.510744614343889, 35.850250065120953 ], [ 14.510706542843835, 35.850078743982976 ], [ 14.510763649644785, 35.85003115475272 ], [ 14.51105870309647, 35.850012119198276 ], [ 14.5109635247955, 35.849593333659556 ], [ 14.510725579043028, 35.849003226816322 ], [ 14.51037341879039, 35.84898419174322 ], [ 14.509992704688148, 35.848993710008472 ], [ 14.509034257077227, 35.849046093213275 ], [ 14.508463187271341, 35.849034196117515 ], [ 14.508534570098766, 35.848962812049308 ], [ 14.508689235736156, 35.848677277318274 ], [ 14.508772515851204, 35.848391742287227 ], [ 14.508843898678625, 35.847630313909512 ], [ 14.508879592338129, 35.847059243289685 ], [ 14.509438765754718, 35.846987860356322 ], [ 14.509272202829697, 35.846428686239449 ], [ 14.509129436276524, 35.846428686239449 ], [ 14.508665441160938, 35.845357929163676 ], [ 14.508427495408466, 35.845191367011886 ], [ 14.508189548757695, 35.845119983125414 ], [ 14.508011087646722, 35.844965318181863 ], [ 14.507594682579935, 35.844763064185891 ], [ 14.507880219279503, 35.84457270671286 ], [ 14.507689860880905, 35.844310966352865 ], [ 14.506987921809472, 35.844453734061403 ], [ 14.506666694145327, 35.844418042158352 ], [ 14.506428749291183, 35.844334761231543 ], [ 14.50634546558288, 35.844227685313577 ], [ 14.506357363768837, 35.844049225129105 ], [ 14.506690487822279, 35.843382975808758 ], [ 14.50692843357472, 35.842978467969274 ], [ 14.507416224163885, 35.842086170095634 ], [ 14.507440018739137, 35.841895812751829 ], [ 14.507642272628734, 35.841574584881577 ], [ 14.507785040080204, 35.841265256157989 ], [ 14.508044621756268, 35.840968948171664 ], [ 14.508046781306225, 35.840813158049379 ], [ 14.508222802592881, 35.840591217002213 ], [ 14.507963362850626, 35.840444855858209 ], [ 14.507350921134321, 35.840283029936131 ], [ 14.505719039792559, 35.83979397023068 ], [ 14.50517364114253, 35.839389280964873 ], [ 14.504644151656196, 35.839159433163694 ], [ 14.504513211423747, 35.838812317845736 ], [ 14.50413535037082, 35.838351109322502 ], [ 14.502374549107712, 35.839826374819587 ], [ 14.499328838984674, 35.842253424736057 ], [ 14.497401475694812, 35.843847664217257 ], [ 14.497187323619293, 35.844323555932277 ], [ 14.496877994141101, 35.845441902966002 ], [ 14.496973172442072, 35.845846412077066 ], [ 14.497377681119563, 35.846346097725018 ], [ 14.498519821629692, 35.847250293825788 ], [ 14.499138482382703, 35.847916542697796 ], [ 14.499186070634874, 35.848225873151058 ], [ 14.498957047848137, 35.848754311310074 ], [ 14.498314594316502, 35.849646609162278 ], [ 14.495828055813423, 35.851621562355334 ], [ 14.49501904025507, 35.852371092219464 ], [ 14.494876273701928, 35.852775600207039 ], [ 14.495080452681172, 35.853118730666417 ], [ 14.495386809634068, 35.853253697649357 ], [ 14.495609879285441, 35.853222960076522 ], [ 14.496162003621972, 35.853015740353143 ], [ 14.497029684558274, 35.85252575728196 ], [ 14.497243834837199, 35.852466270027051 ], [ 14.497422295948175, 35.852490064643106 ], [ 14.497469081106471, 35.853239809096678 ], [ 14.497464513173266, 35.853476750020569 ], [ 14.497201057961684, 35.854026626173948 ], [ 14.496565690340987, 35.854667271645987 ], [ 14.496054106074897, 35.855309726325203 ], [ 14.49539975435731, 35.855833207841712 ], [ 14.494566943325404, 35.856535148968682 ], [ 14.495138014029617, 35.856773094973938 ], [ 14.495590110060983, 35.857034834973291 ], [ 14.495911336826801, 35.857486933073027 ], [ 14.496173078052822, 35.858069900781771 ], [ 14.49624446267687, 35.858188874118618 ], [ 14.496351538265465, 35.858295950114695 ], [ 14.496387229230011, 35.85840302596619 ], [ 14.496292051827337, 35.858617177235232 ], [ 14.496292051827337, 35.858712354825045 ], [ 14.496672765031283, 35.858914609645197 ], [ 14.496613278593157, 35.858997891277198 ], [ 14.496982095407807, 35.859140658025488 ], [ 14.497529370638439, 35.859176349854422 ], [ 14.497981469364762, 35.859140658025488 ], [ 14.498067283627222, 35.859052366838149 ], [ 14.498515981331831, 35.859028896717398 ], [ 14.49878691681478, 35.859081172093653 ], [ 14.49944222344152, 35.858980447936041 ], [ 14.500472765345567, 35.858916988913627 ], [ 14.500879190129568, 35.859011772996794 ], [ 14.501193742412816, 35.85898837275677 ] ] ] } },
{ "type": "Feature", "properties": { "LocalityId": 26, "LAU_Name": "Ħal Għaxaq", "LAU_Latin": "Għaxaq", "Region": "Nofsinhar (Southern)", "Area_Km2": 3.902052, "Population": 5538.0, "NUTS3": "MT001", "LAU": "MT01326", "GREAT_CID": null, "GREAT_CIN": null, "FUA_ID": "MT001L", "FUA_Name": "Malta", "Shape__Are": 5951096.7241200004, "Shape__Len": 12304.7716418 }, "geometry": { "type": "Polygon", "coordinates": [ [ [ 14.515592859661519, 35.861654940029311 ], [ 14.516091345592461, 35.861087695749731 ], [ 14.516933676071474, 35.860045492328084 ], [ 14.518175754156928, 35.858346557270984 ], [ 14.519660538167541, 35.856404917136494 ], [ 14.520759848801557, 35.854934410081185 ], [ 14.52213041831201, 35.853977867079116 ], [ 14.522601552339161, 35.853478180009482 ], [ 14.52347243397282, 35.852007671822001 ], [ 14.523900737225564, 35.851607923989164 ], [ 14.524900111182518, 35.849951819645959 ], [ 14.526185020042416, 35.847895963682703 ], [ 14.526813198445874, 35.846782377023921 ], [ 14.527185683081804, 35.845746019899515 ], [ 14.527614960108302, 35.844885989657953 ], [ 14.527950336238169, 35.843831025832522 ], [ 14.528041987753333, 35.843416038674022 ], [ 14.528095919908038, 35.842785030302977 ], [ 14.527878840223014, 35.84141603967015 ], [ 14.527749675061557, 35.841290468323024 ], [ 14.527547060947558, 35.840931882014424 ], [ 14.527432846447395, 35.84056068570461 ], [ 14.52734718579684, 35.840351292652315 ], [ 14.527014839684417, 35.839931038973376 ], [ 14.527023579393846, 35.839627936011112 ], [ 14.527071167646017, 35.839475651133348 ], [ 14.526785632743076, 35.839409024723381 ], [ 14.526347811839885, 35.839256742338293 ], [ 14.526119383737861, 35.839123491279373 ], [ 14.525890955635834, 35.839018796202538 ], [ 14.525776742034004, 35.838952170865312 ], [ 14.525357659089336, 35.838905177208026 ], [ 14.525052462759755, 35.838983114233805 ], [ 14.524857972110841, 35.838827843084012 ], [ 14.524768741555356, 35.838792150834081 ], [ 14.524401609081897, 35.838892918115107 ], [ 14.523965673742513, 35.83899440621903 ], [ 14.523733676633851, 35.838958714044097 ], [ 14.523567114607133, 35.839012252300527 ], [ 14.523436244443287, 35.839083635129711 ], [ 14.523341066142317, 35.839107430120073 ], [ 14.523216143723955, 35.839107430120073 ], [ 14.523073376272482, 35.838958714044097 ], [ 14.522918712431684, 35.838702922323833 ], [ 14.523210195080141, 35.83845902773438 ], [ 14.523382705750674, 35.838268669696909 ], [ 14.523406501224224, 35.838102108679323 ], [ 14.523413879985981, 35.837879012335357 ], [ 14.523129341314689, 35.837564449859421 ], [ 14.522604525762754, 35.837379263149735 ], [ 14.522210822021483, 35.837096784694005 ], [ 14.522002617691479, 35.837013504091082 ], [ 14.521883645713556, 35.837025402261752 ], [ 14.521758724193525, 35.837084887990578 ], [ 14.521598110810617, 35.837197911699157 ], [ 14.521235242639779, 35.837554831909273 ], [ 14.521104371577637, 35.837757086079321 ], [ 14.520985539736893, 35.837911341240968 ], [ 14.520896169044226, 35.837995032358364 ], [ 14.520741505203429, 35.837899853204135 ], [ 14.520433162973744, 35.837636129659209 ], [ 14.520376007663787, 35.837607655247361 ], [ 14.519950333779882, 35.837287143358708 ], [ 14.519367366686373, 35.837340679830248 ], [ 14.518177635229149, 35.837310938159703 ], [ 14.517844511175706, 35.837251449687386 ], [ 14.517368618772464, 35.837191964083452 ], [ 14.517047391108315, 35.837102733773314 ], [ 14.516886777725407, 35.837025402261752 ], [ 14.516720215698683, 35.83690048011978 ], [ 14.516696421123468, 35.836811250210069 ], [ 14.516714267054905, 35.83673986606442 ], [ 14.516958162349487, 35.83652571469846 ], [ 14.517112827088585, 35.836258024860278 ], [ 14.517190160356447, 35.835996284737583 ], [ 14.517231799964804, 35.835782132821095 ], [ 14.517136620765505, 35.835585827178733 ], [ 14.516976008280894, 35.835371676339101 ], [ 14.51689272726755, 35.835383573299438 ], [ 14.516862983150189, 35.835276497678926 ], [ 14.516791599424437, 35.83517536968116 ], [ 14.516791599424437, 35.835098037747485 ], [ 14.516964110094969, 35.834925526657166 ], [ 14.51699385421233, 35.83484819520821 ], [ 14.517023597431393, 35.83464594017682 ], [ 14.517011700143769, 35.834526967202038 ], [ 14.516910572300656, 35.834122459355562 ], [ 14.516910572300656, 35.833991589156838 ], [ 14.517035493820721, 35.833712002298576 ], [ 14.517130673020024, 35.833325339842823 ], [ 14.517071185683564, 35.833111187999862 ], [ 14.516946264163535, 35.832897037035458 ], [ 14.516280015158349, 35.83235570875344 ], [ 14.51607181172661, 35.83211776304023 ], [ 14.515929045173468, 35.832028532849698 ], [ 14.515839198373708, 35.831953660952308 ], [ 14.515771999898865, 35.831966666894303 ], [ 14.515591160947341, 35.831961908196774 ], [ 14.514515644888574, 35.831723962030914 ], [ 14.514211073786443, 35.831700167739243 ], [ 14.514063547060616, 35.831676372712124 ], [ 14.513616209405308, 35.83157643599661 ], [ 14.513363985829736, 35.831552640932394 ], [ 14.513187906152567, 35.831566917826102 ], [ 14.512997548652299, 35.83156215910455 ], [ 14.512547831359813, 35.831512190326471 ], [ 14.512255156646972, 35.831457462789039 ], [ 14.511941067894393, 35.831519329141443 ], [ 14.511546077765679, 35.831614507210539 ], [ 14.511241506663513, 35.831700167739243 ], [ 14.511036873136737, 35.831776310030158 ], [ 14.510822721061217, 35.831757275192572 ], [ 14.510627606083188, 35.831638302256202 ], [ 14.510475320082973, 35.831495534060096 ], [ 14.510328028715717, 35.831387237654766 ], [ 14.508600124656617, 35.832965668066514 ], [ 14.508174114802797, 35.833322966361088 ], [ 14.508442174778535, 35.833853928255941 ], [ 14.508656325955725, 35.834353615168069 ], [ 14.508418380203286, 35.834853301846323 ], [ 14.507300034268406, 35.835781290949356 ], [ 14.50580097333299, 35.836971022261913 ], [ 14.50413535037082, 35.838351109322502 ], [ 14.504513211423747, 35.838812317845736 ], [ 14.504644151656196, 35.839159433163694 ], [ 14.50517364114253, 35.839389280964873 ], [ 14.505719039792559, 35.83979397023068 ], [ 14.507350921134321, 35.840283029936131 ], [ 14.507963362850626, 35.840444855858209 ], [ 14.508222802592881, 35.840591217002213 ], [ 14.508046781306225, 35.840813158049379 ], [ 14.508044621756268, 35.840968948171664 ], [ 14.507785040080204, 35.841265256157989 ], [ 14.507642272628734, 35.841574584881577 ], [ 14.507440018739137, 35.841895812751829 ], [ 14.507416224163885, 35.842086170095634 ], [ 14.50692843357472, 35.842978467969274 ], [ 14.506690487822279, 35.843382975808758 ], [ 14.506357363768837, 35.844049225129105 ], [ 14.50634546558288, 35.844227685313577 ], [ 14.506428749291183, 35.844334761231543 ], [ 14.506666694145327, 35.844418042158352 ], [ 14.506987921809472, 35.844453734061403 ], [ 14.507689860880905, 35.844310966352865 ], [ 14.507880219279503, 35.84457270671286 ], [ 14.507594682579935, 35.844763064185891 ], [ 14.508011087646722, 35.844965318181863 ], [ 14.508189548757695, 35.845119983125414 ], [ 14.508427495408466, 35.845191367011886 ], [ 14.508665441160938, 35.845357929163676 ], [ 14.509129436276524, 35.846428686239449 ], [ 14.509272202829697, 35.846428686239449 ], [ 14.509438765754718, 35.846987860356322 ], [ 14.508879592338129, 35.847059243289685 ], [ 14.508843898678625, 35.847630313909512 ], [ 14.508772515851204, 35.848391742287227 ], [ 14.508689235736156, 35.848677277318274 ], [ 14.508534570098766, 35.848962812049308 ], [ 14.508463187271341, 35.849034196117515 ], [ 14.509034257077227, 35.849046093213275 ], [ 14.509992704688148, 35.848993710008472 ], [ 14.51037341879039, 35.84898419174322 ], [ 14.510725579043028, 35.849003226816322 ], [ 14.5109635247955, 35.849593333659556 ], [ 14.51105870309647, 35.850012119198276 ], [ 14.510763649644785, 35.85003115475272 ], [ 14.510706542843835, 35.850078743982976 ], [ 14.510744614343889, 35.850250065120953 ], [ 14.510763649644785, 35.85202990185968 ], [ 14.510763649644785, 35.852581936695451 ], [ 14.510725579043028, 35.853153006861454 ], [ 14.510773168193527, 35.853210114161506 ], [ 14.511163399946215, 35.853219631919487 ], [ 14.511383215899603, 35.853605959314955 ], [ 14.511520793783674, 35.853816913362181 ], [ 14.511687355810396, 35.854161935271762 ], [ 14.511734945859192, 35.854447469911513 ], [ 14.511806328686617, 35.854721108008476 ], [ 14.511568382934177, 35.854994745889087 ], [ 14.511318539894077, 35.855125615656043 ], [ 14.511129175032202, 35.855158334338171 ], [ 14.511215553436669, 35.855448562247496 ], [ 14.512001643988967, 35.857027201912409 ], [ 14.511640759298288, 35.857168977671208 ], [ 14.511259386730941, 35.857299931216915 ], [ 14.511408840343073, 35.857386990287019 ], [ 14.511880080371451, 35.857932029760363 ], [ 14.512287313639206, 35.858375447965464 ], [ 14.512563331790027, 35.858832304242227 ], [ 14.51296109591638, 35.8597604197724 ], [ 14.513126956358867, 35.860080088778048 ], [ 14.51347704509643, 35.86035515913926 ], [ 14.513933901300479, 35.860659729956907 ], [ 14.51424274389178, 35.861040456757856 ], [ 14.514362203654892, 35.861402121973214 ], [ 14.514492756713462, 35.86189361689047 ], [ 14.515202159886577, 35.861784031159324 ], [ 14.515592859661519, 35.861654940029311 ] ] ] } },
{ "type": "Feature", "properties": { "LocalityId": 31, "LAU_Name": "Ħal Kirkop", "LAU_Latin": "Kirkop", "Region": "Punent (Western)", "Area_Km2": 1.146175, "Population": 2527.0, "NUTS3": "MT001", "LAU": "MT01331", "GREAT_CID": null, "GREAT_CIN": null, "FUA_ID": "MT001L", "FUA_Name": "Malta", "Shape__Are": 1747998.3837900001, "Shape__Len": 6742.4552294799996 }, "geometry": { "type": "Polygon", "coordinates": [ [ [ 14.492095493824174, 35.843726080646078 ], [ 14.491712391101585, 35.842829049885736 ], [ 14.491391164335768, 35.842186596033855 ], [ 14.491153217684996, 35.841746394813413 ], [ 14.490617838843626, 35.841032556278783 ], [ 14.490320405754762, 35.840568562119302 ], [ 14.488855391866903, 35.840590710162076 ], [ 14.488678578266173, 35.840437690902199 ], [ 14.487798426917097, 35.840539606679044 ], [ 14.487155722755473, 35.840580459028544 ], [ 14.487096237215678, 35.840378204774574 ], [ 14.486406192736947, 35.840354410893632 ], [ 14.486263425285442, 35.840021286343863 ], [ 14.486311014435945, 35.839212269997951 ], [ 14.486334809011195, 35.839081398727977 ], [ 14.486860385436172, 35.838902704125132 ], [ 14.486720039842675, 35.838682021222382 ], [ 14.48614404008252, 35.83786104074106 ], [ 14.485684816817685, 35.836672956250489 ], [ 14.485369350947787, 35.836212577885142 ], [ 14.485322887386349, 35.836043602737362 ], [ 14.48428847194678, 35.836809013744265 ], [ 14.483797919038143, 35.837290981230332 ], [ 14.483571090835612, 35.837771693207877 ], [ 14.482895572115014, 35.838651972010716 ], [ 14.481974544725581, 35.839401907008721 ], [ 14.481774518657884, 35.839482620282759 ], [ 14.481412336799931, 35.839511627084832 ], [ 14.479517653321809, 35.839711955932387 ], [ 14.479017966343347, 35.839926106707807 ], [ 14.478508779680748, 35.84022692118581 ], [ 14.477364503875187, 35.840439681127371 ], [ 14.477074920265261, 35.840477968738902 ], [ 14.477501458328474, 35.841200060005008 ], [ 14.478066182435192, 35.84187726605596 ], [ 14.479339194007466, 35.845196614250334 ], [ 14.479588436972934, 35.845637582020316 ], [ 14.479837919788597, 35.84590217898149 ], [ 14.480933433243882, 35.846850339241428 ], [ 14.481899535399343, 35.848224352048902 ], [ 14.481782899939471, 35.848356537830675 ], [ 14.481383151434667, 35.848327984258326 ], [ 14.480369499654609, 35.847999618893937 ], [ 14.478770502940462, 35.847685529803726 ], [ 14.477742575133865, 35.847699806706821 ], [ 14.477442763306122, 35.848028171856356 ], [ 14.477799681934815, 35.848299430675702 ], [ 14.478856162692686, 35.848770564202191 ], [ 14.47925591299412, 35.849056100053623 ], [ 14.47949861802095, 35.849198867229759 ], [ 14.479926921273693, 35.849355912210029 ], [ 14.480212456176632, 35.849570063160364 ], [ 14.480469438128264, 35.849812768036543 ], [ 14.480797802907352, 35.850084027304653 ], [ 14.481211830133589, 35.850326732064026 ], [ 14.482106608750433, 35.850820404297593 ], [ 14.482420595993377, 35.851109574834304 ], [ 14.482837001958492, 35.851145265910176 ], [ 14.483312894361704, 35.850788347875316 ], [ 14.484170727067561, 35.850107674824962 ], [ 14.487878880033946, 35.847144000245365 ], [ 14.489392416421856, 35.845839067750845 ], [ 14.490451276816906, 35.845089538039645 ], [ 14.491342654412108, 35.844387665980555 ], [ 14.492095493824174, 35.843726080646078 ] ] ] } },
{ "type": "Feature", "properties": { "LocalityId": 35, "LAU_Name": "Marsaskala", "LAU_Latin": "Marsaskala", "Region": "Nofsinhar (Southern)", "Area_Km2": 5.375903, "Population": 16804.0, "NUTS3": "MT001", "LAU": "MT01335", "GREAT_CID": null, "GREAT_CIN": null, "FUA_ID": "MT001L", "FUA_Name": "Malta", "Shape__Are": 8202097.598629999, "Shape__Len": 19412.2020242 }, "geometry": { "type": "Polygon", "coordinates": [ [ [ 14.567401302719457, 35.845343209108613 ], [ 14.56714446539659, 35.845496524737868 ], [ 14.565183788982731, 35.844639919340743 ], [ 14.564898254079791, 35.845049186085937 ], [ 14.564612719176818, 35.845582184841561 ], [ 14.564494079575555, 35.845541010302902 ], [ 14.564051166123051, 35.845496524737868 ], [ 14.563632381419053, 35.845391827878153 ], [ 14.563337327069039, 35.845344238747984 ], [ 14.563194559617566, 35.845268097099705 ], [ 14.563004203015593, 35.845134846672785 ], [ 14.562756738714411, 35.845030150063756 ], [ 14.562633006563802, 35.845068222103507 ], [ 14.562356989311274, 35.845287132336601 ], [ 14.562004829058639, 35.845705917314554 ], [ 14.561843026306306, 35.846105667229843 ], [ 14.561652668806037, 35.846343613223489 ], [ 14.561129188150622, 35.846096149346131 ], [ 14.560729437849188, 35.845867721250464 ], [ 14.560301134596449, 35.846296023936247 ], [ 14.560158368043275, 35.846457826668193 ], [ 14.559739582440978, 35.846077112847055 ], [ 14.559311279188236, 35.845829648866328 ], [ 14.558833441932411, 35.845682623101297 ], [ 14.558511395903071, 35.845665090178187 ], [ 14.557531442624235, 35.845753506955887 ], [ 14.557531442624235, 35.846029524128092 ], [ 14.557483851677105, 35.846343613223489 ], [ 14.557388675172763, 35.846562522848842 ], [ 14.557322049823103, 35.846581559231403 ], [ 14.556655078572422, 35.846596980278001 ], [ 14.555037767006251, 35.846829023050418 ], [ 14.554609464651804, 35.847057451289899 ], [ 14.554247785850427, 35.847314432818983 ], [ 14.554057430146784, 35.847533342677245 ], [ 14.553353108743218, 35.84792357518284 ], [ 14.55282011043739, 35.84840898480514 ], [ 14.55250267276543, 35.848659043854028 ], [ 14.552039646932011, 35.84938932427589 ], [ 14.551953986281459, 35.849551125793603 ], [ 14.551611343679271, 35.850055571923988 ], [ 14.551268701077083, 35.85047435793404 ], [ 14.551048948904057, 35.85077813300979 ], [ 14.550654799598426, 35.850750376150366 ], [ 14.550197944292705, 35.850657575799396 ], [ 14.549998069141989, 35.850793205924781 ], [ 14.549741087190357, 35.851078741046194 ], [ 14.549426998437776, 35.85127147769127 ], [ 14.549277092074739, 35.851200092724589 ], [ 14.549191432322514, 35.851214369723067 ], [ 14.549184293410947, 35.851414243063147 ], [ 14.549212847260554, 35.851921069197466 ], [ 14.549205709247317, 35.852335095160754 ], [ 14.549155739561307, 35.852513554902423 ], [ 14.549155739561307, 35.852677738238135 ], [ 14.549191432322514, 35.852849058129408 ], [ 14.549177155397711, 35.852998964823925 ], [ 14.549205709247317, 35.853163147882611 ], [ 14.54953407402637, 35.85379132584054 ], [ 14.549733949177089, 35.85414110668502 ], [ 14.549805332902839, 35.854569409827683 ], [ 14.549769641039964, 35.854969158747565 ], [ 14.549712534239047, 35.855097649901872 ], [ 14.549712534239047, 35.855169034271867 ], [ 14.550197944292705, 35.855447430807828 ], [ 14.550711907297671, 35.85571155090814 ], [ 14.551090241762735, 35.855947117843655 ], [ 14.551090241762735, 35.856018500720758 ], [ 14.550490617208917, 35.856189822858298 ], [ 14.549805332902839, 35.85636828193244 ], [ 14.549712534239047, 35.856375419966668 ], [ 14.549926685416237, 35.85658957234466 ], [ 14.550083729792545, 35.856860830998883 ], [ 14.550359675179839, 35.857834075868062 ], [ 14.550374023969876, 35.857944079869611 ], [ 14.550481099558468, 35.858158231650414 ], [ 14.550504894133722, 35.858360485700224 ], [ 14.550457304983219, 35.858586534932584 ], [ 14.550326434819373, 35.858717405322821 ], [ 14.550040899018102, 35.858824481333052 ], [ 14.549695876778737, 35.858979146183138 ], [ 14.549481725601513, 35.859002940300662 ], [ 14.54925596369924, 35.858873932735513 ], [ 14.549101012397569, 35.858824481333052 ], [ 14.548779784733455, 35.858824481333052 ], [ 14.548410968817135, 35.858860173304336 ], [ 14.548315789617837, 35.859014838084782 ], [ 14.547958870989142, 35.860597178682184 ], [ 14.547804206250047, 35.860799433061437 ], [ 14.547423492147807, 35.861013585136782 ], [ 14.547078469908444, 35.861239634811724 ], [ 14.546983291607438, 35.861691730771639 ], [ 14.547030880757941, 35.861953472003144 ], [ 14.546412220903226, 35.862476953329278 ], [ 14.545163003906206, 35.863143203113509 ], [ 14.544853672631385, 35.863416841043303 ], [ 14.544841776242057, 35.863809450937339 ], [ 14.54472039767751, 35.864182257964366 ], [ 14.545458826315775, 35.864101585844992 ], [ 14.54594661510831, 35.864696451342091 ], [ 14.546398712936304, 35.86512475496761 ], [ 14.547064961941519, 35.865683928270343 ], [ 14.547100653804362, 35.865779106110594 ], [ 14.546815118901423, 35.866040846947769 ], [ 14.547183935716037, 35.866231203840584 ], [ 14.547279114017043, 35.86636207471264 ], [ 14.547683621796201, 35.866147923256712 ], [ 14.548110178724022, 35.865869733921457 ], [ 14.548280866712844, 35.865810039739443 ], [ 14.549158888156402, 35.865860008022089 ], [ 14.550008355750318, 35.865931392164399 ], [ 14.550101155312408, 35.866231203840584 ], [ 14.550929207069956, 35.866466770817837 ], [ 14.551471723924562, 35.866459632964329 ], [ 14.55197854891626, 35.86663095364711 ], [ 14.55222125394312, 35.866773721206435 ], [ 14.552280741279546, 35.867080671862105 ], [ 14.552768530072084, 35.867437590800684 ], [ 14.553101655023823, 35.867651743139341 ], [ 14.553220627900078, 35.867913482887353 ], [ 14.553446677263222, 35.868210916083207 ], [ 14.553648931152788, 35.868389375028038 ], [ 14.553946364241684, 35.868567835026916 ], [ 14.554374666596095, 35.868793884267177 ], [ 14.554576922282321, 35.868936650841697 ], [ 14.55480296984884, 35.869162699757766 ], [ 14.554993327349139, 35.869448235688317 ], [ 14.555017121026061, 35.86976946274433 ], [ 14.554933840012716, 35.869995512196489 ], [ 14.554933840012716, 35.870185869053039 ], [ 14.55504091560131, 35.870459506688206 ], [ 14.555315880028308, 35.870815980195054 ], [ 14.555672651333277, 35.871173688864367 ], [ 14.555866609281246, 35.871169608773435 ], [ 14.557066857315489, 35.871235733882706 ], [ 14.557322818780987, 35.87114003192935 ], [ 14.557313301130536, 35.871463639025905 ], [ 14.557417997081954, 35.871692066897367 ], [ 14.557608353683925, 35.871872906344798 ], [ 14.557674979033585, 35.872177477304326 ], [ 14.557979550135721, 35.872491566176727 ], [ 14.558436407238103, 35.872853243920972 ], [ 14.558712423592299, 35.873138779654937 ], [ 14.558902781092568, 35.873414796844138 ], [ 14.558969406442261, 35.873548047055998 ], [ 14.559036030893624, 35.873785992941563 ], [ 14.559207352194701, 35.873909725800786 ], [ 14.559569030097784, 35.874223814357279 ], [ 14.559949744200026, 35.874499830678012 ], [ 14.560692136205315, 35.874928133726513 ], [ 14.56112043855976, 35.875194633931024 ], [ 14.561548377096482, 35.875413805276246 ], [ 14.563284754963668, 35.876594090861296 ], [ 14.563658965263258, 35.876859896153995 ], [ 14.564004742087485, 35.877186242930009 ], [ 14.564249330881461, 35.877378419681435 ], [ 14.564308122921863, 35.877275473263431 ], [ 14.564355712072366, 35.877251678080938 ], [ 14.564538386282026, 35.877357868695078 ], [ 14.564737858089179, 35.877551454204109 ], [ 14.565008305786902, 35.877509796215882 ], [ 14.56523611315307, 35.877329008940421 ], [ 14.565499919605948, 35.877243960349148 ], [ 14.565694402169992, 35.877037489090114 ], [ 14.565965660148127, 35.876694847952898 ], [ 14.566094150674797, 35.876452143129661 ], [ 14.566136982347535, 35.876237989827359 ], [ 14.566222642099795, 35.876080947149809 ], [ 14.566968001240463, 35.875870020328627 ], [ 14.567425920151514, 35.87534703000032 ], [ 14.56782891876102, 35.875019136134128 ], [ 14.568092897690409, 35.874567608995299 ], [ 14.568483625313128, 35.874377197153983 ], [ 14.568618960103915, 35.874212039689326 ], [ 14.569049440872924, 35.874096475918329 ], [ 14.569141633173908, 35.873981950709016 ], [ 14.569292145899752, 35.87355395918869 ], [ 14.569817161775971, 35.873338139127355 ], [ 14.570105921630791, 35.873011441655805 ], [ 14.570639866760931, 35.872826483309787 ], [ 14.571168839715998, 35.872361009700981 ], [ 14.571720000160244, 35.870598990150697 ], [ 14.571957960285769, 35.870300010298536 ], [ 14.572067346341266, 35.870220024308765 ], [ 14.572176053270423, 35.869870553180895 ], [ 14.572076115695065, 35.869713508801048 ], [ 14.572161777243949, 35.869627847834302 ], [ 14.57254820193644, 35.869516217786234 ], [ 14.57300412029932, 35.869255019835101 ], [ 14.573665080024128, 35.869031010190987 ], [ 14.574160079593465, 35.86841801965025 ], [ 14.575021919683776, 35.867627010352578 ], [ 14.575205880280945, 35.867297970010043 ], [ 14.57474687979829, 35.867223989687545 ], [ 14.57435504185789, 35.867188418686375 ], [ 14.573503792904763, 35.866986647243351 ], [ 14.572946999125353, 35.86692953967593 ], [ 14.572504002129522, 35.867017357640229 ], [ 14.572233000171254, 35.86692501020476 ], [ 14.571684432264899, 35.866845406636322 ], [ 14.570746716872419, 35.866639302114869 ], [ 14.569934601228011, 35.866429852711398 ], [ 14.56960623465233, 35.866501237068398 ], [ 14.569195212290687, 35.866738457938048 ], [ 14.568899177878704, 35.866784126925161 ], [ 14.568671248341666, 35.866843497151393 ], [ 14.568591874101466, 35.866843497151393 ], [ 14.568428101343734, 35.866770425649406 ], [ 14.568305360034856, 35.86676129316286 ], [ 14.568300333062533, 35.866688222313009 ], [ 14.56776645081446, 35.866560348345658 ], [ 14.567742138809612, 35.86660089100242 ], [ 14.567664595335964, 35.866629727729695 ], [ 14.567486570806212, 35.866547227959437 ], [ 14.567459047324244, 35.866552143281666 ], [ 14.567183029173419, 35.866452206101684 ], [ 14.566990293832568, 35.866235675112705 ], [ 14.567033123708677, 35.866209501205041 ], [ 14.566983155819331, 35.866171429124648 ], [ 14.566926048120086, 35.86619284421716 ], [ 14.566628615031187, 35.866012004910331 ], [ 14.566413316705372, 35.865861319853821 ], [ 14.566402566566341, 35.865697915833252 ], [ 14.565721810667631, 35.865228483749675 ], [ 14.565700624799986, 35.86524343816658 ], [ 14.565390120325389, 35.865162989893236 ], [ 14.565357983096094, 35.865088773891749 ], [ 14.56534132833074, 35.864896038078008 ], [ 14.565288978109223, 35.864877001724601 ], [ 14.565265184432302, 35.864924590779552 ], [ 14.56529849575967, 35.864960282916009 ], [ 14.565300876295179, 35.865131604656035 ], [ 14.564404789731258, 35.86525632872317 ], [ 14.564410029604328, 35.865175108790545 ], [ 14.564278683333388, 35.865207944171594 ], [ 14.564274400166092, 35.865259341882251 ], [ 14.564050255231361, 35.865289322772803 ], [ 14.564011707624177, 35.865237925809531 ], [ 14.563896065701028, 35.865256485969468 ], [ 14.563914427265434, 35.865366649292312 ], [ 14.563757160106983, 35.865402029649644 ], [ 14.563386573611249, 35.865429072316644 ], [ 14.561793519252671, 35.863729421267919 ], [ 14.561819441038512, 35.863717660328582 ], [ 14.561897103988111, 35.863781595263397 ], [ 14.5619324814406, 35.863763328144444 ], [ 14.561754443436126, 35.863571521685053 ], [ 14.561791578891672, 35.863320678280871 ], [ 14.561844875039167, 35.863288380117424 ], [ 14.56214777976645, 35.863165076943375 ], [ 14.562414538981626, 35.863137676050179 ], [ 14.562503219768189, 35.863159196796069 ], [ 14.562696511166179, 35.863242712027898 ], [ 14.56276775385642, 35.863302081267143 ], [ 14.562869181736827, 35.863422049219288 ], [ 14.563006269140752, 35.863543895977955 ], [ 14.56317527099179, 35.863628397253983 ], [ 14.563380992378384, 35.863690793983203 ], [ 14.563441222621542, 35.863692266012194 ], [ 14.563631571138671, 35.863877498296922 ], [ 14.563948395261281, 35.863690258898458 ], [ 14.565820633433725, 35.863657170998259 ], [ 14.566120714756066, 35.863671991758444 ], [ 14.566385139249849, 35.863699393194878 ], [ 14.56657175975856, 35.863749627074448 ], [ 14.566880669723506, 35.863891199344813 ], [ 14.567360439255488, 35.864297646186856 ], [ 14.567462840011357, 35.864366148127452 ], [ 14.567505579157629, 35.864366148127452 ], [ 14.568347996773191, 35.865074010180045 ], [ 14.568285411147345, 35.86522928308527 ], [ 14.568371831772646, 35.865242983899471 ], [ 14.568427998037466, 35.865083142861032 ], [ 14.568597853288013, 35.864960917727466 ], [ 14.569426080217029, 35.864924038959238 ], [ 14.570362079827321, 35.864745029853054 ], [ 14.571078119753755, 35.864431018746707 ], [ 14.571830159665238, 35.863982999944596 ], [ 14.572434960311735, 35.863430041300781 ], [ 14.572820880151054, 35.863341029793581 ], [ 14.573094279712839, 35.863212939302308 ], [ 14.573789327807702, 35.86227531403879 ], [ 14.574032032834566, 35.861804182131991 ], [ 14.574819960441626, 35.861473979707981 ], [ 14.57514374021946, 35.861554390228349 ], [ 14.575575838854274, 35.861492553853779 ], [ 14.575580790368141, 35.861355916968385 ], [ 14.575944847010071, 35.861355916968385 ], [ 14.576003198875961, 35.861608773757204 ], [ 14.576130718323801, 35.861618583173168 ], [ 14.576316315651416, 35.861575751966427 ], [ 14.576416253226776, 35.861461537728829 ], [ 14.57643053015158, 35.861318770792408 ], [ 14.576325120039503, 35.861130000126479 ], [ 14.576159880332877, 35.860771979660115 ], [ 14.575555870203829, 35.860721606294966 ], [ 14.574260460936557, 35.860490718072697 ], [ 14.573803604732541, 35.860176628955948 ], [ 14.573318194678848, 35.859905370727134 ], [ 14.573175427227378, 35.859862540050749 ], [ 14.57297555207666, 35.859434237110477 ], [ 14.572592567033393, 35.859009920110971 ], [ 14.572434960311735, 35.858950019820568 ], [ 14.572254212090051, 35.858767120346748 ], [ 14.571704920141567, 35.858434863805577 ], [ 14.571519321915687, 35.858206436307171 ], [ 14.571376555362514, 35.857978006694445 ], [ 14.571348000614579, 35.857678195105024 ], [ 14.571405108313824, 35.85746404421166 ], [ 14.571472792777229, 35.857045775644032 ], [ 14.571243000134277, 35.856978029664106 ], [ 14.570434287308176, 35.857135678093641 ], [ 14.570091645604288, 35.857406937063388 ], [ 14.569747183015346, 35.857169016986809 ], [ 14.569371000015398, 35.857187009688417 ], [ 14.569006610098478, 35.857149954751343 ], [ 14.568821011872567, 35.857092848104955 ], [ 14.568649692368115, 35.856978633960665 ], [ 14.568549753894427, 35.856678822232034 ], [ 14.568478370168711, 35.856393286163637 ], [ 14.568335602717237, 35.856093473677511 ], [ 14.567978683190214, 35.855722277706093 ], [ 14.567811821126197, 35.855591170113577 ], [ 14.567557247557851, 35.855523858283348 ], [ 14.567493002743662, 35.855381090846073 ], [ 14.56754297242964, 35.855288292274423 ], [ 14.567607487636719, 35.855294358666917 ], [ 14.567884919735807, 35.855231040126277 ], [ 14.567530841580069, 35.854912447337718 ], [ 14.567278850668144, 35.854831435232057 ], [ 14.56701313080371, 35.854918872705866 ], [ 14.566416840796219, 35.85494700015834 ], [ 14.566031999833546, 35.855096040105074 ], [ 14.565623019342567, 35.855051270122061 ], [ 14.565296123309002, 35.854781085759292 ], [ 14.564437621358275, 35.85476992416519 ], [ 14.56406407132042, 35.854600579363947 ], [ 14.564130922147218, 35.85456401977558 ], [ 14.564069056071947, 35.854492636316991 ], [ 14.563979611717418, 35.854544908131686 ], [ 14.563436943945831, 35.853947201868493 ], [ 14.56336728857873, 35.853837744946539 ], [ 14.563210244202422, 35.85319529071716 ], [ 14.563181691251112, 35.852781264148845 ], [ 14.563837305999987, 35.852613125215804 ], [ 14.56378495757513, 35.85254649964812 ], [ 14.563295904852978, 35.852638496869638 ], [ 14.563361507021543, 35.851969356283021 ], [ 14.563932485199288, 35.851946877213237 ], [ 14.563922966650543, 35.851889769731471 ], [ 14.56336728857873, 35.851910381931503 ], [ 14.56326735100337, 35.851767613084263 ], [ 14.563295904852978, 35.851624846164235 ], [ 14.563549821752879, 35.85152610029585 ], [ 14.563638546556867, 35.851339312281205 ], [ 14.564123956610523, 35.850768240702422 ], [ 14.564766411938786, 35.850297106666488 ], [ 14.564966287089501, 35.849911633996165 ], [ 14.565256960355876, 35.849911465069326 ], [ 14.565580187669829, 35.850054401816379 ], [ 14.566079873749993, 35.850154340011343 ], [ 14.566536730852341, 35.850282830230945 ], [ 14.56708723462814, 35.850241947200431 ], [ 14.567107800658258, 35.850068679021142 ], [ 14.567179185282306, 35.849997295884158 ], [ 14.567425920151514, 35.849988001275968 ], [ 14.567893024336321, 35.850140062822 ], [ 14.568178558340932, 35.850211448014889 ], [ 14.568406987341286, 35.850211448014889 ], [ 14.568649692368115, 35.850311383827552 ], [ 14.568892397394944, 35.850368490989801 ], [ 14.56903516394812, 35.850311383827552 ], [ 14.569042029771834, 35.850227179267172 ], [ 14.569020614833763, 35.850184347730796 ], [ 14.568820739683044, 35.850027302934905 ], [ 14.568598127274161, 35.849987808320954 ], [ 14.568621139416809, 35.849854527232992 ], [ 14.569649066325074, 35.849954465679843 ], [ 14.569834663652657, 35.850068679021142 ], [ 14.570005984953765, 35.850068679021142 ], [ 14.570177306254841, 35.849954465679843 ], [ 14.571233787012712, 35.849940189182668 ], [ 14.571459380031699, 35.849770992799222 ], [ 14.57204516334364, 35.84971778800908 ], [ 14.571662090265455, 35.849540438936316 ], [ 14.570334350631118, 35.849026474909479 ], [ 14.569492021050468, 35.848541064698054 ], [ 14.569334975775863, 35.848284082774938 ], [ 14.56907799382423, 35.848069931992569 ], [ 14.568778181996453, 35.847770120071281 ], [ 14.568435541190894, 35.847270433201452 ], [ 14.568146354636319, 35.84676932690838 ], [ 14.567907300362794, 35.846014076757072 ], [ 14.567401302719457, 35.845343209108613 ] ] ] } },
{ "type": "Feature", "properties": { "LocalityId": 36, "LAU_Name": "Marsaxlokk", "LAU_Latin": "Marsaxlokk", "Region": "Nofsinhar (Southern)", "Area_Km2": 4.725971, "Population": 3988.0, "NUTS3": "MT001", "LAU": "MT01336", "GREAT_CID": null, "GREAT_CIN": null, "FUA_ID": "MT001L", "FUA_Name": "Malta", "Shape__Are": 7206578.3642600002, "Shape__Len": 27678.5654344 }, "geometry": { "type": "MultiPolygon", "coordinates": [ [ [ [ 14.55250267276543, 35.848659043854028 ], [ 14.55282011043739, 35.84840898480514 ], [ 14.553353108743218, 35.84792357518284 ], [ 14.554057430146784, 35.847533342677245 ], [ 14.554247785850427, 35.847314432818983 ], [ 14.554609464651804, 35.847057451289899 ], [ 14.555037767006251, 35.846829023050418 ], [ 14.556655078572422, 35.846596980278001 ], [ 14.557322049823103, 35.846581559231403 ], [ 14.557388675172763, 35.846562522848842 ], [ 14.557483851677105, 35.846343613223489 ], [ 14.557531442624235, 35.846029524128092 ], [ 14.557531442624235, 35.845753506955887 ], [ 14.558511395903071, 35.845665090178187 ], [ 14.558833441932411, 35.845682623101297 ], [ 14.559311279188236, 35.845829648866328 ], [ 14.559739582440978, 35.846077112847055 ], [ 14.560158368043275, 35.846457826668193 ], [ 14.560301134596449, 35.846296023936247 ], [ 14.560729437849188, 35.845867721250464 ], [ 14.561129188150622, 35.846096149346131 ], [ 14.561652668806037, 35.846343613223489 ], [ 14.561843026306306, 35.846105667229843 ], [ 14.562004829058639, 35.845705917314554 ], [ 14.562356989311274, 35.845287132336601 ], [ 14.562633006563802, 35.845068222103507 ], [ 14.562756738714411, 35.845030150063756 ], [ 14.563004203015593, 35.845134846672785 ], [ 14.563194559617566, 35.845268097099705 ], [ 14.563337327069039, 35.845344238747984 ], [ 14.563632381419053, 35.845391827878153 ], [ 14.564051166123051, 35.845496524737868 ], [ 14.564494079575555, 35.845541010302902 ], [ 14.564612719176818, 35.845582184841561 ], [ 14.564898254079791, 35.845049186085937 ], [ 14.565183788982731, 35.844639919340743 ], [ 14.56714446539659, 35.845496524737868 ], [ 14.567401302719457, 35.845343209108613 ], [ 14.567393337357826, 35.845128917856627 ], [ 14.567407614282629, 35.844871935799326 ], [ 14.567807363685766, 35.844629231093421 ], [ 14.567950130238907, 35.84444363270471 ], [ 14.568506924018314, 35.844115267277225 ], [ 14.56852120004482, 35.84398677725914 ], [ 14.568621139416809, 35.843858286304702 ], [ 14.56876390507165, 35.843801178823391 ], [ 14.569113959673256, 35.843804010022517 ], [ 14.569049440872924, 35.843572749943327 ], [ 14.568806735846092, 35.843387151995152 ], [ 14.568721076093835, 35.843258662253881 ], [ 14.568706799169032, 35.843044510280698 ], [ 14.568835289695699, 35.842873188868431 ], [ 14.569113795281554, 35.8428274230913 ], [ 14.56961535884065, 35.842890299326051 ], [ 14.570018523638483, 35.842900963777126 ], [ 14.570405734356866, 35.842987402941681 ], [ 14.570691270158141, 35.843030233267768 ], [ 14.570848313636118, 35.843015956980437 ], [ 14.570783999651654, 35.842862970070641 ], [ 14.570534224883536, 35.84271614415821 ], [ 14.570805483759971, 35.842501992904843 ], [ 14.571048188786833, 35.842344948916043 ], [ 14.571319446764971, 35.84240205598946 ], [ 14.571866159650254, 35.842310009753923 ], [ 14.571804857716925, 35.842073690120046 ], [ 14.571676367190259, 35.84183098486173 ], [ 14.571676367190259, 35.841673940272628 ], [ 14.571891158866279, 35.841542277130472 ], [ 14.572205247618861, 35.841432821290766 ], [ 14.572347374571532, 35.841359852346251 ], [ 14.572475865996498, 35.841245638114053 ], [ 14.572433035222089, 35.841060039818089 ], [ 14.572504418947805, 35.840960101814133 ], [ 14.572761400899473, 35.840774502850067 ], [ 14.572561525748755, 35.840631737257596 ], [ 14.572347374571532, 35.840560352908611 ], [ 14.57211894557121, 35.840403307988488 ], [ 14.571876241442679, 35.840317648117349 ], [ 14.571682920400285, 35.840204009136492 ], [ 14.571290893813661, 35.84018915631669 ], [ 14.570991081985884, 35.840032112118109 ], [ 14.570976805061079, 35.839817960900675 ], [ 14.570762653883857, 35.839532426015694 ], [ 14.57032500006733, 35.839292039678249 ], [ 14.569820386727853, 35.839289720992305 ], [ 14.569406361298244, 35.83947531906103 ], [ 14.569177933196219, 35.839703745904856 ], [ 14.569092271647332, 35.839860790753455 ], [ 14.569049440872924, 35.840032112118109 ], [ 14.569135102421773, 35.840246264213931 ], [ 14.569220763072328, 35.840389031956583 ], [ 14.569220763072328, 35.840488967767136 ], [ 14.569113959673256, 35.840682000318054 ], [ 14.568663969292919, 35.840617459810389 ], [ 14.568278495017992, 35.840431860772846 ], [ 14.568192835265767, 35.840646013245831 ], [ 14.568307049765931, 35.84090299515902 ], [ 14.568050067814262, 35.841274191323436 ], [ 14.567621764561554, 35.841659663741169 ], [ 14.567356371683898, 35.8416581359592 ], [ 14.567107800658258, 35.841574002313898 ], [ 14.566965035003413, 35.841802431124613 ], [ 14.566619160262835, 35.842056029691427 ], [ 14.565694402169992, 35.842387778860839 ], [ 14.564923456315059, 35.84275897535894 ], [ 14.564238172009015, 35.842916019256208 ], [ 14.563552886804606, 35.842701867814327 ], [ 14.563424396277975, 35.842444885903433 ], [ 14.563210244202422, 35.84211652021132 ], [ 14.562765512559761, 35.841804006965496 ], [ 14.561739737116611, 35.841802431124613 ], [ 14.561539862864223, 35.841574002313898 ], [ 14.561425649262361, 35.841317019661737 ], [ 14.561425649262361, 35.840974379199722 ], [ 14.561639800439583, 35.840674566671062 ], [ 14.561868227643279, 35.840488967767136 ], [ 14.561996719068278, 35.840217709178127 ], [ 14.562068102793996, 35.839889343733091 ], [ 14.562196594218992, 35.839603807648629 ], [ 14.562639174396541, 35.838961356075401 ], [ 14.562896156348168, 35.838818587219727 ], [ 14.563181691251112, 35.838761479751128 ], [ 14.563724208105718, 35.838433116288826 ], [ 14.563966913132548, 35.838261792927369 ], [ 14.564509429987154, 35.837919150920357 ], [ 14.564695028213034, 35.837690723307219 ], [ 14.564709305137873, 35.83740518731976 ], [ 14.564552259863268, 35.8372053129007 ], [ 14.564366661637353, 35.837133929109569 ], [ 14.563995466982186, 35.837433741183197 ], [ 14.563467226154087, 35.838090472108824 ], [ 14.562910432374675, 35.838261792927369 ], [ 14.562325084745662, 35.838647266875384 ], [ 14.561968166116968, 35.838718650761308 ], [ 14.561721000056419, 35.838575009769066 ], [ 14.561295847195398, 35.838617693917378 ], [ 14.561106484130116, 35.838594600800455 ], [ 14.560592520226852, 35.838651709117379 ], [ 14.56042119892574, 35.838632673016299 ], [ 14.560261819828042, 35.838561838143939 ], [ 14.559997655845685, 35.83838099115323 ], [ 14.559863958683641, 35.83821672869805 ], [ 14.559625629350572, 35.837876888049145 ], [ 14.559583628619448, 35.837680888355287 ], [ 14.559565244597149, 35.837564457870165 ], [ 14.55959736116521, 35.837406723194349 ], [ 14.559599108388429, 35.837270113256366 ], [ 14.559507485619342, 35.836938496345027 ], [ 14.559559292360081, 35.836553081093577 ], [ 14.559684424984232, 35.836238788641978 ], [ 14.559751050333892, 35.836167404709457 ], [ 14.55980101912157, 35.83603653497071 ], [ 14.559924751272179, 35.835936597920693 ], [ 14.559850819924293, 35.835836691331842 ], [ 14.559907235022443, 35.835739246874752 ], [ 14.560192770823715, 35.835453711874571 ], [ 14.560953653750827, 35.835140406969657 ], [ 14.561812080243097, 35.834945039936656 ], [ 14.562730418974885, 35.835035054106818 ], [ 14.562852514395049, 35.835096911843607 ], [ 14.562963465315789, 35.835096911843607 ], [ 14.56325669069588, 35.835001812235213 ], [ 14.563478591639063, 35.835017662299215 ], [ 14.563763893878324, 35.834985962168027 ], [ 14.563914470384594, 35.834946336257921 ], [ 14.563992224064, 35.834908898781634 ], [ 14.564012351716263, 35.83487914381881 ], [ 14.564064798955801, 35.834543483731743 ], [ 14.563941119805788, 35.834391990196927 ], [ 14.563905017412839, 35.834307012784187 ], [ 14.563811444401281, 35.834248932731654 ], [ 14.563791834178613, 35.834139118711896 ], [ 14.563752443951719, 35.834121214000284 ], [ 14.563543052048887, 35.833930857206973 ], [ 14.563552310984536, 35.833909252786519 ], [ 14.563613318270416, 35.833892305711309 ], [ 14.563599383603741, 35.833799414991681 ], [ 14.563714373349995, 35.83349303608734 ], [ 14.563684914896879, 35.833331021195946 ], [ 14.563534067099416, 35.833242453653448 ], [ 14.563470666701603, 35.833186977902614 ], [ 14.563335941866878, 35.833044328290697 ], [ 14.563320091991994, 35.832941301712182 ], [ 14.563232915883566, 35.832877901962767 ], [ 14.563161591446658, 35.832862052199602 ], [ 14.563034790651029, 35.832893751722821 ], [ 14.56299516506553, 35.832941301712182 ], [ 14.562907989855402, 35.833004702867477 ], [ 14.562836663621866, 35.833020553330449 ], [ 14.562773264122347, 35.833076027741093 ], [ 14.562798230100748, 35.83313871506752 ], [ 14.562781189059809, 35.833226603963112 ], [ 14.562662314099938, 35.833218678024281 ], [ 14.562511737593699, 35.833060178017504 ], [ 14.562464187969072, 35.833060178017504 ], [ 14.562424563281901, 35.833139428060498 ], [ 14.562384936798074, 35.833155277768249 ], [ 14.562345312110905, 35.833107727907127 ], [ 14.562337387173478, 35.833044328290697 ], [ 14.562289836650516, 35.833004702867477 ], [ 14.562115486230296, 35.833052252790345 ], [ 14.562052085832482, 35.833020553330449 ], [ 14.561956984786628, 35.833012626642777 ], [ 14.561949060747498, 35.832965076696169 ], [ 14.561980761395571, 35.832941301712182 ], [ 14.562131558887362, 35.832933117930622 ], [ 14.562226437151034, 35.832893751722821 ], [ 14.562258136900775, 35.832854126952661 ], [ 14.562345312110905, 35.832806576911054 ], [ 14.562408713407015, 35.832798651658621 ], [ 14.562472112906532, 35.832695626217664 ], [ 14.562638539287624, 35.832576750822781 ], [ 14.562935164791064, 35.832424737172694 ], [ 14.562844590355919, 35.83194274813647 ], [ 14.562749489310068, 35.831728771723746 ], [ 14.562590987866367, 35.831491020772106 ], [ 14.562472112906532, 35.831395921211609 ], [ 14.562424563281901, 35.831340444898025 ], [ 14.562416637446145, 35.831205720292026 ], [ 14.562329462236015, 35.831126469046026 ], [ 14.562234362088462, 35.831134393737223 ], [ 14.562115486230296, 35.831126469046026 ], [ 14.562028311020166, 35.831102694239448 ], [ 14.561925285036887, 35.831158169990928 ], [ 14.561722989824789, 35.831143137771051 ], [ 14.561671460663455, 35.831100528258396 ], [ 14.561647908633351, 35.831039293749306 ], [ 14.561703384093704, 35.830975893936817 ], [ 14.561776788130528, 35.830971063805791 ], [ 14.561893585287113, 35.830872868314167 ], [ 14.561861884639075, 35.830801542916753 ], [ 14.561726804969796, 35.830613826295107 ], [ 14.561632058758464, 35.830571716847572 ], [ 14.561608283946148, 35.830492465696643 ], [ 14.561632058758464, 35.830452841183977 ], [ 14.56171923396859, 35.830452841183977 ], [ 14.561786876211167, 35.830486213144198 ], [ 14.561949060747498, 35.830532091646162 ], [ 14.562083785582223, 35.830484540941349 ], [ 14.562131336105182, 35.830413215923265 ], [ 14.562131336105182, 35.830254714682376 ], [ 14.562115486230296, 35.830151690308277 ], [ 14.562155111815795, 35.83004866434387 ], [ 14.562281911713089, 35.829874314199806 ], [ 14.562337387173478, 35.829731663002462 ], [ 14.562487962781386, 35.829652413197572 ], [ 14.562947615440903, 35.829533536885215 ], [ 14.5631536656109, 35.829485987038716 ], [ 14.563471581186581, 35.829449997072842 ], [ 14.563534067099416, 35.82940673626014 ], [ 14.563613318270416, 35.829327486130744 ], [ 14.563890693775653, 35.829208610788271 ], [ 14.56393824429858, 35.829176911249547 ], [ 14.563993719758933, 35.829105585056105 ], [ 14.564136370429447, 35.829026335354307 ], [ 14.564160145241727, 35.828978785203894 ], [ 14.564223545639541, 35.82896293393356 ], [ 14.56427902109993, 35.828931234296704 ], [ 14.564342420599411, 35.828812359088992 ], [ 14.564302795912242, 35.828598382975009 ], [ 14.564239396412727, 35.828495357178909 ], [ 14.564104669781377, 35.828368557080012 ], [ 14.56400956963382, 35.828305155862097 ], [ 14.563996838709624, 35.828262720353514 ], [ 14.563554839742064, 35.828132039325126 ], [ 14.563554839742064, 35.828114956274419 ], [ 14.56340726720212, 35.828099106288185 ], [ 14.563288392242249, 35.828138731247826 ], [ 14.563217066008711, 35.828138731247826 ], [ 14.563145740673439, 35.828107031281689 ], [ 14.563145740673439, 35.8280515548539 ], [ 14.563181374145838, 35.827991722220439 ], [ 14.563494442412249, 35.827940604795245 ], [ 14.563573692684916, 35.827908904750025 ], [ 14.563617013939508, 35.827755593002415 ], [ 14.563922394423694, 35.827797953763586 ], [ 14.564001644696393, 35.827790028739216 ], [ 14.564049195219319, 35.82770285414729 ], [ 14.564049195219319, 35.827639453854189 ], [ 14.56393824429858, 35.827536428269902 ], [ 14.563740119066042, 35.827449252671059 ], [ 14.563795593628099, 35.827362076976442 ], [ 14.563840651326112, 35.827353966910181 ], [ 14.563854649773182, 35.827317353974721 ], [ 14.563752443951719, 35.827039938097336 ], [ 14.563428838447056, 35.826392724812244 ], [ 14.563245515653755, 35.826176072040063 ], [ 14.562820813746976, 35.825832545332183 ], [ 14.562797038934663, 35.825784994724899 ], [ 14.562812889707846, 35.825713669853037 ], [ 14.562892139980548, 35.825713669853037 ], [ 14.562923839730288, 35.825618569924231 ], [ 14.562979315190644, 35.8255551686945 ], [ 14.562963465315789, 35.825460069304086 ], [ 14.562860440230807, 35.825357043075769 ], [ 14.562914561930036, 35.825310846202633 ], [ 14.562868365168235, 35.825254018170398 ], [ 14.562817663355288, 35.825090145889519 ], [ 14.562762587645212, 35.825041191285266 ], [ 14.562728678039877, 35.824980151671788 ], [ 14.56265438916251, 35.824937015885872 ], [ 14.56262268941277, 35.824889466198819 ], [ 14.562583062928939, 35.824730964850971 ], [ 14.562701938787106, 35.824683415040468 ], [ 14.562733639435178, 35.824627939861301 ], [ 14.562717788661995, 35.824342638743701 ], [ 14.562646464225052, 35.824247539357259 ], [ 14.562606838639553, 35.824215837836888 ], [ 14.562456263031645, 35.824207913183201 ], [ 14.562172388215338, 35.824024170250986 ], [ 14.561901510224571, 35.824001861712262 ], [ 14.561758859554091, 35.823867137030042 ], [ 14.56171923396859, 35.82384336223376 ], [ 14.561616208883574, 35.82384336223376 ], [ 14.56152903367348, 35.823859212341539 ], [ 14.56144978340078, 35.823890911819191 ], [ 14.561437506125817, 35.823927742661695 ], [ 14.561392869737642, 35.823930718787615 ], [ 14.561362608190686, 35.82390676191747 ], [ 14.561354683253224, 35.823835436086171 ], [ 14.561307132730301, 35.823835436086171 ], [ 14.561172406997244, 35.823890911819191 ], [ 14.561093155826248, 35.82390676191747 ], [ 14.560879180718857, 35.824033561861334 ], [ 14.56078407967297, 35.824033561861334 ], [ 14.560728605110913, 35.824152437671728 ], [ 14.560712755236059, 35.824279238679829 ], [ 14.560609730151043, 35.824326788732471 ], [ 14.56051087414729, 35.824302183005948 ], [ 14.560332352849214, 35.824184137760668 ], [ 14.560268953349693, 35.824128662960916 ], [ 14.560205552951915, 35.824128662960916 ], [ 14.560142151655771, 35.824152437671728 ], [ 14.560015351758473, 35.824287164054788 ], [ 14.55992817565005, 35.824310938718128 ], [ 14.559777600940436, 35.824382264122129 ], [ 14.559571549872143, 35.824398114122282 ], [ 14.559531925184974, 35.824390188758414 ], [ 14.559571549872143, 35.824271313304095 ], [ 14.55973797535494, 35.8240890367275 ], [ 14.559790985838156, 35.823916210354682 ], [ 14.559844135560258, 35.823840912717721 ], [ 14.559959876298119, 35.823740336091973 ], [ 14.560039126570789, 35.823692785687946 ], [ 14.5600629022814, 35.823613534951335 ], [ 14.560053331630391, 35.823532192242176 ], [ 14.560113737943347, 35.823438226694478 ], [ 14.560118376843457, 35.823336159299281 ], [ 14.560158003327285, 35.823288608653129 ], [ 14.56025310257651, 35.823225209204061 ], [ 14.56047500441799, 35.823138033240085 ], [ 14.560601804315288, 35.82310633273336 ], [ 14.560720680173487, 35.823058782677919 ], [ 14.560839555133356, 35.822963683209977 ], [ 14.561029756326764, 35.822860656654711 ], [ 14.561124857372649, 35.822781407272387 ], [ 14.561243732332484, 35.822741781823169 ], [ 14.561362608190686, 35.822725932220649 ], [ 14.561467429906228, 35.822740225269996 ], [ 14.561560734321521, 35.82271800596142 ], [ 14.561654038736846, 35.822672683068724 ], [ 14.562177740377813, 35.822603697153568 ], [ 14.56221058727618, 35.822511954993054 ], [ 14.562329462236015, 35.822448554923646 ], [ 14.562411086756015, 35.822128619870092 ], [ 14.562323207266692, 35.822000896927598 ], [ 14.562218512213608, 35.822044378837056 ], [ 14.562194735604665, 35.822020602766408 ], [ 14.562184607998155, 35.821913874037641 ], [ 14.562147185980036, 35.821767002071972 ], [ 14.562091711417981, 35.821648127059319 ], [ 14.562103128106925, 35.821496912646495 ], [ 14.562020197436549, 35.821386338745747 ], [ 14.561933210872612, 35.821386600967877 ], [ 14.561895551699292, 35.821424690909659 ], [ 14.561764267412086, 35.821465559656723 ], [ 14.561774710327276, 35.821553025901302 ], [ 14.561750934616631, 35.821703602135919 ], [ 14.561703384093704, 35.821743226646646 ], [ 14.561671684343963, 35.821790776761766 ], [ 14.561616208883574, 35.821806627279408 ], [ 14.561584509133834, 35.821703602135919 ], [ 14.561544884446667, 35.821656051968581 ], [ 14.561481483150521, 35.821632277238436 ], [ 14.561386383003001, 35.821560950820057 ], [ 14.561299206894542, 35.821568875738009 ], [ 14.561172406997244, 35.821529251140298 ], [ 14.56115655712239, 35.821450001157075 ], [ 14.561174173085105, 35.821357516885335 ], [ 14.561109006599432, 35.821323199999647 ], [ 14.561109006599432, 35.821243949810757 ], [ 14.561172406997244, 35.821125074014809 ], [ 14.561235989753071, 35.821092620997952 ], [ 14.561388456314669, 35.820920268115934 ], [ 14.561505258861168, 35.820887323345737 ], [ 14.561738425576317, 35.820623029005979 ], [ 14.562115374839188, 35.820434554078311 ], [ 14.562324767640353, 35.820110947751026 ], [ 14.562287869340073, 35.819914156098314 ], [ 14.562321537298589, 35.81979366925453 ], [ 14.562146973079326, 35.81976378115246 ], [ 14.561814335014445, 35.819738192843189 ], [ 14.561182626231925, 35.819654091313389 ], [ 14.561064690011523, 35.819581515348894 ], [ 14.560990130741263, 35.819476667015081 ], [ 14.560839555133356, 35.819381566169241 ], [ 14.560720680173487, 35.819270615645472 ], [ 14.560601804315288, 35.819278540792084 ], [ 14.56048292935545, 35.819349866347622 ], [ 14.560433671135142, 35.81935608408515 ], [ 14.560371979333006, 35.8192864659379 ], [ 14.560364052598953, 35.819199290747164 ], [ 14.560300653099469, 35.819159664966584 ], [ 14.560205552951915, 35.81915174126496 ], [ 14.560054977343972, 35.819199290747164 ], [ 14.559841001338253, 35.819183441165706 ], [ 14.55980930069018, 35.8191675908527 ], [ 14.559730051315809, 35.819064565197849 ], [ 14.559666650019697, 35.819032865249582 ], [ 14.55961910039507, 35.819048714861111 ], [ 14.559571549872143, 35.819088339968594 ], [ 14.559539850122402, 35.819088339968594 ], [ 14.559500223638571, 35.819064565197849 ], [ 14.55939719855359, 35.819056640029878 ], [ 14.559262472820537, 35.819017014906514 ], [ 14.559183223446166, 35.819017014906514 ], [ 14.559096048236068, 35.819032865249582 ], [ 14.559055297959837, 35.81907714712883 ], [ 14.559040572775682, 35.819135890945631 ], [ 14.558977172377869, 35.819215141053832 ], [ 14.558916701386222, 35.819267084293095 ], [ 14.558961321604686, 35.819334016067842 ], [ 14.558834521707389, 35.819777819063354 ], [ 14.558842445746519, 35.819833293990222 ], [ 14.558818671832535, 35.819928394294912 ], [ 14.558763833277689, 35.819993202932253 ], [ 14.558737429096537, 35.820093178999969 ], [ 14.558750441193427, 35.820276335196517 ], [ 14.558690953857003, 35.820335821826966 ], [ 14.558641923808791, 35.820350306877003 ], [ 14.558631843812993, 35.820377447218064 ], [ 14.558643900102405, 35.820479926323522 ], [ 14.558631468317207, 35.820597561888455 ], [ 14.558661530438172, 35.820629771093103 ], [ 14.558678054947848, 35.820731160185218 ], [ 14.558738543007506, 35.820781969769925 ], [ 14.558750441193427, 35.820823610951933 ], [ 14.558732595261988, 35.820912841358229 ], [ 14.558702852042927, 35.820963405356295 ], [ 14.558702852042927, 35.821168632885666 ], [ 14.558601724199846, 35.821745652190486 ], [ 14.5585184440848, 35.821918162797793 ], [ 14.558482751323595, 35.82206093074231 ], [ 14.558441110816938, 35.822126366237519 ], [ 14.55832983290942, 35.822197584346526 ], [ 14.558262131378038, 35.822407283885489 ], [ 14.558256702858779, 35.822483285045323 ], [ 14.558191267776841, 35.822596309886102 ], [ 14.558155575913963, 35.822739077339307 ], [ 14.558072294002288, 35.822911587972747 ], [ 14.557971167057508, 35.822977022766757 ], [ 14.557947373380587, 35.823024612932038 ], [ 14.557828399606036, 35.823161430947508 ], [ 14.557709760903069, 35.823223257879498 ], [ 14.557519070127842, 35.823292302254735 ], [ 14.557417942284733, 35.823280404938295 ], [ 14.557340609915167, 35.823322044809657 ], [ 14.557233535224869, 35.82335178808178 ], [ 14.557197843362026, 35.823399377293974 ], [ 14.557132407381792, 35.823399377293974 ], [ 14.557037229080789, 35.823441017831314 ], [ 14.556889099585376, 35.823594228657221 ], [ 14.556826895743528, 35.823620354720532 ], [ 14.55637692871942, 35.823601631856057 ], [ 14.556287699062228, 35.823643273015627 ], [ 14.556234161267946, 35.823690862053056 ], [ 14.556186572117447, 35.823780090693099 ], [ 14.556109238849585, 35.824000190829544 ], [ 14.556174673931491, 35.82444039218494 ], [ 14.556246057657242, 35.824553415695675 ], [ 14.55625684193223, 35.824905343775441 ], [ 14.556365031431794, 35.825035257325574 ], [ 14.556365031431794, 35.825231562848664 ], [ 14.556582986075892, 35.825702770746219 ], [ 14.556656514978547, 35.825903760115793 ], [ 14.556710954681382, 35.825919772234919 ], [ 14.556849957293517, 35.826155480101335 ], [ 14.556882564341691, 35.826379651676888 ], [ 14.556953948067443, 35.826546214724353 ], [ 14.55698963903199, 35.826570009104699 ], [ 14.5570431777246, 35.826635445252734 ], [ 14.557084818231289, 35.826867442263399 ], [ 14.557150253313194, 35.827093490951562 ], [ 14.557150253313194, 35.827147029202791 ], [ 14.557108612806541, 35.827266002317742 ], [ 14.557108612806541, 35.82730764228311 ], [ 14.557049727341338, 35.827369728187719 ], [ 14.557029250244435, 35.827609284654571 ], [ 14.557078868689146, 35.827700253256275 ], [ 14.557072920943664, 35.827920354175028 ], [ 14.556942049881487, 35.828122608141449 ], [ 14.556619729406599, 35.828349175366213 ], [ 14.556501295451223, 35.828298981401673 ], [ 14.556209248083984, 35.82847247779651 ], [ 14.554747665407398, 35.826778962177315 ], [ 14.554748338327599, 35.826621557230936 ], [ 14.554642016935841, 35.826620466034377 ], [ 14.554643362776245, 35.826540808645078 ], [ 14.554401111503878, 35.826540808645078 ], [ 14.554395728142275, 35.82682888430481 ], [ 14.554616782428303, 35.826831885087437 ], [ 14.554616782428308, 35.826838432249097 ], [ 14.554637979414643, 35.826838432249097 ], [ 14.554638315874763, 35.826774597399663 ], [ 14.554663213922201, 35.826774870198285 ], [ 14.55613859146292, 35.828500302654746 ], [ 14.555881844544336, 35.828646089215567 ], [ 14.555734474289453, 35.828705576128328 ], [ 14.555523858881205, 35.828810533902278 ], [ 14.55513960900999, 35.829080341342426 ], [ 14.554949252408019, 35.829389670963565 ], [ 14.554931405578282, 35.829502694709312 ], [ 14.554940687870126, 35.829730175776589 ], [ 14.554982326580152, 35.829818449357582 ], [ 14.55502063613377, 35.830014279112582 ], [ 14.555169352229054, 35.830406889805005 ], [ 14.555169352229054, 35.830567504299289 ], [ 14.555146040049111, 35.830643266042628 ], [ 14.555050379352833, 35.830811397657513 ], [ 14.554898743732885, 35.831178446003911 ], [ 14.554839284244204, 35.831399572194329 ], [ 14.554788638126812, 35.831489545232017 ], [ 14.554735100332499, 35.831531185894534 ], [ 14.555567912262731, 35.832030872140159 ], [ 14.555383504304572, 35.832203382969432 ], [ 14.554941129841227, 35.831956997284699 ], [ 14.5547547833187, 35.831839865059074 ], [ 14.552494590622812, 35.83440129610041 ], [ 14.552313732806645, 35.83471779812713 ], [ 14.552025058291784, 35.834777764789074 ], [ 14.551901820214612, 35.834751739258969 ], [ 14.551674345225107, 35.834651225983123 ], [ 14.551340267160812, 35.834619768220541 ], [ 14.551237292381501, 35.834559049860445 ], [ 14.55110642221762, 35.834523357874836 ], [ 14.551035037593572, 35.834529307147122 ], [ 14.550993397985215, 35.834576896211402 ], [ 14.550999345730697, 35.834618535981939 ], [ 14.551181797158179, 35.834736886874865 ], [ 14.551471993419126, 35.834816940711519 ], [ 14.552147436681267, 35.835052788197153 ], [ 14.55107073035478, 35.837051534827154 ], [ 14.55095770612234, 35.837009894877006 ], [ 14.550910116971872, 35.837045587200535 ], [ 14.551029089848093, 35.83712291869243 ], [ 14.550856579177555, 35.837384660195916 ], [ 14.549976178096822, 35.837949782275594 ], [ 14.549910743014916, 35.838021165332627 ], [ 14.549885522813305, 35.838112588072605 ], [ 14.549687332902076, 35.838263092835653 ], [ 14.549643054043379, 35.838384033006889 ], [ 14.549559773030035, 35.838449468151744 ], [ 14.549547874844079, 35.838520852215595 ], [ 14.54947649111836, 35.838574390039291 ], [ 14.549345620954515, 35.838610081658942 ], [ 14.548923267243882, 35.838681466306518 ], [ 14.54886232822995, 35.838836860814503 ], [ 14.548566755552041, 35.8389852989338 ], [ 14.548109900246288, 35.839042404784742 ], [ 14.547353231316194, 35.83903526664664 ], [ 14.546789298625217, 35.839235142281034 ], [ 14.546660808098551, 35.839349354310443 ], [ 14.546418103071721, 35.83952781487406 ], [ 14.546054046429791, 35.8397062750362 ], [ 14.546153983106818, 35.839863319151569 ], [ 14.546703637974661, 35.839684857886304 ], [ 14.547032003652046, 35.839470707916014 ], [ 14.547524143883823, 35.839196618850877 ], [ 14.547661159422548, 35.839456227083922 ], [ 14.5481285268137, 35.839329869058773 ], [ 14.548247499689955, 35.839572573959273 ], [ 14.547833688059358, 35.83974825219628 ], [ 14.548038106888791, 35.840081779143674 ], [ 14.546562841426923, 35.840719473665594 ], [ 14.546529529201258, 35.840681403179495 ], [ 14.546505733727676, 35.840686162082271 ], [ 14.546599560962477, 35.840914937895704 ], [ 14.546562841426923, 35.840928867202408 ], [ 14.54657715877593, 35.840977546935157 ], [ 14.545943919264154, 35.84114314722747 ], [ 14.545172974307558, 35.840914718702848 ], [ 14.544863765203608, 35.84037496929075 ], [ 14.544830594013421, 35.840295929648896 ], [ 14.545033730048601, 35.840205686232039 ], [ 14.54500374877601, 35.840152861711005 ], [ 14.544824336349141, 35.840225673013471 ], [ 14.544768224881542, 35.84021328522936 ], [ 14.544516242952788, 35.839786854735223 ], [ 14.544013281615108, 35.839038862660381 ], [ 14.544152757639377, 35.838990157706291 ], [ 14.544138480714542, 35.83893543022922 ], [ 14.544236037754427, 35.838873563105302 ], [ 14.544212244975803, 35.838828354304781 ], [ 14.544031405125947, 35.838906876906229 ], [ 14.543947871685988, 35.838873901734239 ], [ 14.543920767717228, 35.838675142303984 ], [ 14.544101813281285, 35.838246909157796 ], [ 14.544256477122083, 35.838296877335786 ], [ 14.544315962661882, 35.838132696269469 ], [ 14.544425418785984, 35.838094623813667 ], [ 14.544601497564821, 35.838196940220129 ], [ 14.544651468149128, 35.838144592815773 ], [ 14.544394486197495, 35.837997064882877 ], [ 14.544377719142707, 35.837931517943638 ], [ 14.544593390269386, 35.837733509157381 ], [ 14.54461623263041, 35.837563139744248 ], [ 14.544671437697906, 35.837572657923701 ], [ 14.544651468149128, 35.837725807239991 ], [ 14.544779958675797, 35.837640145934117 ], [ 14.544979833826513, 35.837456927853665 ], [ 14.544901716329418, 35.837388358239181 ], [ 14.544816317088621, 35.83721690809076 ], [ 14.544802040163782, 35.83704082807936 ], [ 14.545035228438493, 35.837012274074453 ], [ 14.545016192239336, 35.836783846034891 ], [ 14.544697344212365, 35.836807640986791 ], [ 14.544673288227393, 35.836531751939575 ], [ 14.544704719380869, 35.836511641880449 ], [ 14.545063781389803, 35.83648879284457 ], [ 14.545059022115449, 35.836431685155432 ], [ 14.544859147863027, 35.836431685155432 ], [ 14.544854387690341, 35.836393614068051 ], [ 14.54505426284106, 35.836374578153411 ], [ 14.545059887193053, 35.836295846948445 ], [ 14.545184720678202, 35.836258397000293 ], [ 14.545282690943086, 35.836160427257973 ], [ 14.545425459292886, 35.836065248087522 ], [ 14.545515879217797, 35.836055731183762 ], [ 14.545611056620467, 35.836079526354034 ], [ 14.545691958894965, 35.836117596863872 ], [ 14.545720511846241, 35.836089043254951 ], [ 14.545544432169107, 35.835917722113919 ], [ 14.545582502770829, 35.835884409970788 ], [ 14.545839484722496, 35.836079526354034 ], [ 14.545882316395234, 35.836036695187978 ], [ 14.545644368846135, 35.83582730184655 ], [ 14.545687199620577, 35.835779712804054 ], [ 14.545896592421741, 35.835941515869095 ], [ 14.545934663921795, 35.835917722113919 ], [ 14.545759561611669, 35.83576346526069 ], [ 14.545886813361538, 35.835104075097192 ], [ 14.545782377921547, 35.834813651837017 ], [ 14.545592022217903, 35.834861240730753 ], [ 14.545313195933486, 35.834430968219024 ], [ 14.545282690943086, 35.834337759873428 ], [ 14.545201789566919, 35.834190232872537 ], [ 14.545141156878495, 35.834127354839801 ], [ 14.545062395289316, 35.833936756272408 ], [ 14.545120888190752, 35.833428805806427 ], [ 14.545166872950139, 35.833274595094139 ], [ 14.54523722002004, 35.833215973169125 ], [ 14.545315741759028, 35.833187419972546 ], [ 14.545572723710659, 35.833237387695725 ], [ 14.54563906968429, 35.833224486835157 ], [ 14.545691958894965, 35.833186101045598 ], [ 14.545739548045432, 35.833181341692921 ], [ 14.545764994622479, 35.833200001849661 ], [ 14.545829705662292, 35.833187419972546 ], [ 14.546015303888204, 35.833101758864487 ], [ 14.546131199136271, 35.833004337995099 ], [ 14.546191645873426, 35.832976708192085 ], [ 14.546215440448677, 35.832943396270736 ], [ 14.546220198824736, 35.832891046856595 ], [ 14.54620800239811, 35.832873430265899 ], [ 14.546229454167097, 35.832816223840197 ], [ 14.546293856186441, 35.83276255613648 ], [ 14.546377244099338, 35.83276255613648 ], [ 14.546415314701063, 35.832734002776725 ], [ 14.546458144577176, 35.832648343364021 ], [ 14.546581876727785, 35.83257219972505 ], [ 14.546667538276671, 35.832500816135109 ], [ 14.546667538276671, 35.832462743889813 ], [ 14.546702720794759, 35.832411957805085 ], [ 14.546703815841088, 35.832375291124542 ], [ 14.546643742803088, 35.83231521777244 ], [ 14.546567599802982, 35.83231521777244 ], [ 14.546520010652479, 35.832267628808246 ], [ 14.546481940050755, 35.83218196816383 ], [ 14.546477180776366, 35.831958298752902 ], [ 14.546348690249699, 35.831715593863912 ], [ 14.546263028700848, 35.831644210231673 ], [ 14.546226963138812, 35.831644210231673 ], [ 14.546108101653699, 35.831581282841732 ], [ 14.545893951374808, 35.8314242390828 ], [ 14.5458290525871, 35.831361837353342 ], [ 14.545772860271132, 35.831344398129247 ], [ 14.545663405045326, 35.831244460267257 ], [ 14.545620575169213, 35.831154041228885 ], [ 14.545568226744356, 35.831106452296616 ], [ 14.545493502184065, 35.831087771254943 ], [ 14.545382327582814, 35.830992261174501 ], [ 14.545330280991882, 35.830901817814627 ], [ 14.545305121875741, 35.83081236412265 ], [ 14.54546353079294, 35.830611524106672 ], [ 14.545483991720161, 35.830621754679044 ], [ 14.545552761348425, 35.830549657774867 ], [ 14.545582502770829, 35.830561554729968 ], [ 14.545594400956785, 35.830525863131072 ], [ 14.54526577297135, 35.830446279824244 ], [ 14.545101242933795, 35.830374983904214 ], [ 14.54481466598512, 35.830225440117893 ], [ 14.54470897919194, 35.830075084706735 ], [ 14.544687825663623, 35.830021417334038 ], [ 14.544687825663623, 35.829964310816379 ], [ 14.544716380411558, 35.829897685886955 ], [ 14.544759210287671, 35.829859613849344 ], [ 14.544796666441778, 35.82985418424532 ], [ 14.544803230431535, 35.829817973766261 ], [ 14.544773487212472, 35.829722794998951 ], [ 14.544773487212472, 35.829675205936674 ], [ 14.544809179075349, 35.829556232791916 ], [ 14.544809179075349, 35.829508644358029 ], [ 14.544755641281068, 35.829455106243323 ], [ 14.544731845807487, 35.829318286695575 ], [ 14.54469615484294, 35.829294491682546 ], [ 14.54461882157508, 35.829413465219716 ], [ 14.544571233322909, 35.829544335686101 ], [ 14.544509104939518, 35.829589674319536 ], [ 14.544184682866257, 35.829741418096496 ], [ 14.544127499708525, 35.829790036960333 ], [ 14.544101288665148, 35.829913151691088 ], [ 14.54400611126251, 35.829936947246942 ], [ 14.543962605853279, 35.829931521289858 ], [ 14.54394662392605, 35.82997858726754 ], [ 14.543904984317694, 35.830002382075492 ], [ 14.543857394268894, 35.830002382075492 ], [ 14.54380954191201, 35.829968009205501 ], [ 14.543774113255518, 35.829919101309031 ], [ 14.543715487403476, 35.829939792050638 ], [ 14.543590291897262, 35.829902232768113 ], [ 14.543536166604746, 35.829812024869064 ], [ 14.543423143270672, 35.829734692806326 ], [ 14.543310118139933, 35.829633565756886 ], [ 14.543220889381075, 35.829514591821365 ], [ 14.543167349790133, 35.82949079832381 ], [ 14.543113812894148, 35.829520540740859 ], [ 14.543066109657616, 35.829633206695547 ], [ 14.542954364626175, 35.829674621096679 ], [ 14.542862449006298, 35.829749739859352 ], [ 14.542654552798396, 35.829800733033537 ], [ 14.542597445997483, 35.829795974206121 ], [ 14.542447539634445, 35.829746004315801 ], [ 14.542402330121121, 35.829774558750813 ], [ 14.542369016997124, 35.829824527166494 ], [ 14.542352361333441, 35.829884013924215 ], [ 14.542352361333441, 35.829967294727439 ], [ 14.542288115620959, 35.830017263021745 ], [ 14.542121416152014, 35.830040692203767 ], [ 14.542077195683829, 35.830282375294011 ], [ 14.542813081191541, 35.831073959662518 ], [ 14.542498361821631, 35.831403100821987 ], [ 14.542012950869644, 35.832009863677897 ], [ 14.541092100448305, 35.833052067805269 ], [ 14.540735180023015, 35.83352320086528 ], [ 14.540299738757003, 35.834558266965992 ], [ 14.53994995814158, 35.835514809704385 ], [ 14.539914266278705, 35.83603591230812 ], [ 14.539835743641421, 35.836578428755246 ], [ 14.539815177611304, 35.836871489841037 ], [ 14.539692976189947, 35.837035286816047 ], [ 14.539450350214832, 35.837135413283676 ], [ 14.539079075609589, 35.837220884333192 ], [ 14.538422344254855, 35.837663462900174 ], [ 14.538115394413841, 35.837913306769266 ], [ 14.537722783023975, 35.838113182317549 ], [ 14.536866177416822, 35.838377303351542 ], [ 14.536237999013363, 35.838848434647325 ], [ 14.535859665446596, 35.83923390865769 ], [ 14.535738312034866, 35.839597964349885 ], [ 14.535738312034866, 35.839769286282163 ], [ 14.535716897096828, 35.839969160067106 ], [ 14.535517021946111, 35.840561646953475 ], [ 14.535288593844086, 35.841168408949784 ], [ 14.534995920029576, 35.841425391355237 ], [ 14.534860290591343, 35.841525328044753 ], [ 14.53445340317497, 35.841739479750323 ], [ 14.533925163245202, 35.84199646176198 ], [ 14.533703873156412, 35.842132090679797 ], [ 14.53351113691726, 35.842360519339685 ], [ 14.533339815616149, 35.84238907287596 ], [ 14.533225601115991, 35.842317688651953 ], [ 14.533075694752952, 35.842082122004797 ], [ 14.532811574788084, 35.841846554658041 ], [ 14.532518901871871, 35.841653819137477 ], [ 14.532286291213895, 35.841550776795287 ], [ 14.532004937968575, 35.841596712253569 ], [ 14.531712264154068, 35.841710925980202 ], [ 14.531408875234847, 35.842062815106452 ], [ 14.531233993910272, 35.842089261325157 ], [ 14.531141194348184, 35.842039291894956 ], [ 14.530934182082529, 35.841989323161549 ], [ 14.53092704317096, 35.842096399188435 ], [ 14.530841381622109, 35.842331965793193 ], [ 14.530691476157369, 35.842481871979743 ], [ 14.530534430882764, 35.84258180879462 ], [ 14.530270310917894, 35.842660331321554 ], [ 14.529877701324658, 35.842803099088478 ], [ 14.529607920176847, 35.842932000270906 ], [ 14.528542821880421, 35.843531213906601 ], [ 14.528085965676404, 35.843831025832522 ], [ 14.527950336238169, 35.843831025832522 ], [ 14.527614960108302, 35.844885989657953 ], [ 14.527185683081804, 35.845746019899515 ], [ 14.526813198445874, 35.846782377023921 ], [ 14.527726910853945, 35.846782377023921 ], [ 14.53138242703627, 35.846932416062216 ], [ 14.53480906326393, 35.846947748205054 ], [ 14.534828174023314, 35.847087899261084 ], [ 14.534749652284326, 35.847487648763874 ], [ 14.534599745921289, 35.847915952167071 ], [ 14.534713960421451, 35.848072996047264 ], [ 14.534806759085244, 35.848172933826817 ], [ 14.534756790297562, 35.848308563104887 ], [ 14.534442700646684, 35.848558406211275 ], [ 14.533957290593026, 35.848915324817433 ], [ 14.534178580681784, 35.849000986325393 ], [ 14.535449212616877, 35.849193722195579 ], [ 14.535820409068704, 35.849158030241306 ], [ 14.536341510985237, 35.849150893013551 ], [ 14.536712707437031, 35.84917944628954 ], [ 14.53691258168945, 35.849158030241306 ], [ 14.536964116240672, 35.84907618217575 ], [ 14.536976827401931, 35.848993848355349 ], [ 14.537298055066046, 35.848665482107393 ], [ 14.537412268667911, 35.848579820965185 ], [ 14.537776326208171, 35.848494161186693 ], [ 14.53806186200941, 35.848444192150986 ], [ 14.538247460235322, 35.848458468917556 ], [ 14.538483026350587, 35.848415639338363 ], [ 14.538604378864017, 35.84842991465375 ], [ 14.538854221904117, 35.848701174283363 ], [ 14.539196863607973, 35.8491294776857 ], [ 14.540317590976658, 35.849486395905942 ], [ 14.540403250728881, 35.849293660018951 ], [ 14.540517465229076, 35.849086647012662 ], [ 14.540486133788576, 35.848848530126091 ], [ 14.540538880167116, 35.848644066648461 ], [ 14.540581710941558, 35.848244317149742 ], [ 14.54147376406981, 35.847968829770082 ], [ 14.542480522178407, 35.84773035418835 ], [ 14.543144389749783, 35.847394849691682 ], [ 14.543351403812069, 35.847230667067969 ], [ 14.543858228803797, 35.847202113818412 ], [ 14.544200871405986, 35.847137867695061 ], [ 14.544322222122757, 35.847230667067969 ], [ 14.545128859840563, 35.846973685267443 ], [ 14.545257706100079, 35.846954000916519 ], [ 14.545385841792227, 35.846916577844873 ], [ 14.545364425955825, 35.84678808726796 ], [ 14.545585716942941, 35.846709565186757 ], [ 14.545878390757453, 35.846652458302124 ], [ 14.546263864134048, 35.846723842265554 ], [ 14.54617106457196, 35.846573936086578 ], [ 14.546128233797518, 35.846395476084325 ], [ 14.546018778571712, 35.846259847175176 ], [ 14.546285279072121, 35.846164669199752 ], [ 14.546447081824452, 35.846059971765754 ], [ 14.546713582324863, 35.846021900930204 ], [ 14.546370938824346, 35.845412759251232 ], [ 14.546580331625512, 35.845212883891463 ], [ 14.546761170577033, 35.845127224117093 ], [ 14.547046706378309, 35.845032044782414 ], [ 14.54758922323288, 35.84502252676986 ], [ 14.54776054543232, 35.845003492197655 ], [ 14.547912829635907, 35.845003492197655 ], [ 14.548017525587326, 35.845165294653917 ], [ 14.548122223335369, 35.845450829651 ], [ 14.548179330136286, 35.845869615220934 ], [ 14.548179330136286, 35.846231292847961 ], [ 14.548207883087596, 35.846412132135185 ], [ 14.548436312087949, 35.846792845804359 ], [ 14.548740883190085, 35.847230667067969 ], [ 14.549188220845357, 35.847649451977276 ], [ 14.549359542146469, 35.847782701820044 ], [ 14.549245327646306, 35.847877880038048 ], [ 14.550330363152113, 35.848648825801639 ], [ 14.550844326157081, 35.848924843090956 ], [ 14.551491538963104, 35.849134236809753 ], [ 14.552039646932011, 35.84938932427589 ], [ 14.55250267276543, 35.848659043854028 ] ] ], [ [ [ 14.567652680980361, 35.840020692113214 ], [ 14.567606281199318, 35.84004210771603 ], [ 14.567538467378498, 35.840052814787001 ], [ 14.567484928685884, 35.840038537963828 ], [ 14.567445667816409, 35.840013554063141 ], [ 14.567427821884971, 35.839956446726603 ], [ 14.567377853097289, 35.839906478137522 ], [ 14.567210100802816, 35.839910047895664 ], [ 14.567220807822688, 35.839952877698785 ], [ 14.567338592227779, 35.840102784012139 ], [ 14.567402837041964, 35.840156322224672 ], [ 14.567538467378498, 35.840359766228779 ], [ 14.567517050643829, 35.840413304267813 ], [ 14.567517050643829, 35.840466840814308 ], [ 14.567592004274479, 35.840509671773205 ], [ 14.567674095918401, 35.840438288042542 ], [ 14.567745479644152, 35.840306228153551 ], [ 14.567813294363269, 35.840238413255001 ], [ 14.567681233931671, 35.840099214990907 ], [ 14.567681233931671, 35.840052814787001 ], [ 14.567652680980361, 35.840020692113214 ] ] ] ] } },
{ "type": "Feature", "properties": { "LocalityId": 40, "LAU_Name": "L-Imqabba", "LAU_Latin": "Mqabba", "Region": "Punent (Western)", "Area_Km2": 2.618072, "Population": 3525.0, "NUTS3": "MT001", "LAU": "MT01340", "GREAT_CID": null, "GREAT_CIN": null, "FUA_ID": "MT001L", "FUA_Name": "Malta", "Shape__Are": 3992874.1049799998, "Shape__Len": 11842.245043700001 }, "geometry": { "type": "Polygon", "coordinates": [ [ [ 14.481211830133589, 35.850326732064026 ], [ 14.480797802907352, 35.850084027304653 ], [ 14.480469438128264, 35.849812768036543 ], [ 14.480212456176632, 35.849570063160364 ], [ 14.479926921273693, 35.849355912210029 ], [ 14.47949861802095, 35.849198867229759 ], [ 14.47925591299412, 35.849056100053623 ], [ 14.478856162692686, 35.848770564202191 ], [ 14.477799681934815, 35.848299430675702 ], [ 14.477442763306122, 35.848028171856356 ], [ 14.477742575133865, 35.847699806706821 ], [ 14.478770502940462, 35.847685529803726 ], [ 14.480369499654609, 35.847999618893937 ], [ 14.481383151434667, 35.848327984258326 ], [ 14.481782899939471, 35.848356537830675 ], [ 14.481899535399343, 35.848224352048902 ], [ 14.480933433243882, 35.846850339241428 ], [ 14.479837919788597, 35.84590217898149 ], [ 14.479588436972934, 35.845637582020316 ], [ 14.479339194007466, 35.845196614250334 ], [ 14.478066182435192, 35.84187726605596 ], [ 14.477501458328474, 35.841200060005008 ], [ 14.477074920265261, 35.840477968738902 ], [ 14.476994521047338, 35.840584670316986 ], [ 14.476844614684302, 35.840641777201263 ], [ 14.47614505255509, 35.840963003751597 ], [ 14.475802410851232, 35.84107721911893 ], [ 14.474745930093329, 35.840677469347149 ], [ 14.474074921813758, 35.840491869721788 ], [ 14.473639481446108, 35.840377657152743 ], [ 14.47317548633049, 35.840349104348874 ], [ 14.472918504378859, 35.840313412055238 ], [ 14.472718629228142, 35.840177780755951 ], [ 14.472418817400365, 35.840013599941265 ], [ 14.472190388400042, 35.839913661347168 ], [ 14.472019067997261, 35.839870830794688 ], [ 14.471869161634222, 35.839849417330349 ], [ 14.471733532195989, 35.839849417330349 ], [ 14.471547934868406, 35.839906523287468 ], [ 14.471376611770669, 35.839942215036011 ], [ 14.471233846115824, 35.839942215036011 ], [ 14.471119631615665, 35.839920800134458 ], [ 14.471012556925366, 35.839920800134458 ], [ 14.470948311212885, 35.839956491148342 ], [ 14.470962588137688, 35.84002787604075 ], [ 14.47102683385017, 35.840120674994111 ], [ 14.47098400307576, 35.840142089841649 ], [ 14.47076271298697, 35.840142089841649 ], [ 14.470619944637168, 35.840084983325866 ], [ 14.470548560911451, 35.839956491148342 ], [ 14.470548560911451, 35.839820862879868 ], [ 14.470412933269843, 35.839663817952221 ], [ 14.469906107379817, 35.839471082225685 ], [ 14.4695634638793, 35.839442529095514 ], [ 14.469192268325802, 35.839449667196959 ], [ 14.469007917859825, 35.839407954954375 ], [ 14.468904802943298, 35.839464123998717 ], [ 14.468833079654409, 35.839484009743167 ], [ 14.468534152667209, 35.8396797442769 ], [ 14.467693208288683, 35.840327688100757 ], [ 14.467586131801756, 35.840284857771827 ], [ 14.467144776926288, 35.839904640098005 ], [ 14.466965742690132, 35.839811984352366 ], [ 14.466137039654019, 35.839142717331214 ], [ 14.465944304313201, 35.839028502819666 ], [ 14.465530277985263, 35.838921427749099 ], [ 14.465182871617101, 35.838895901690442 ], [ 14.464216815275725, 35.839028502819666 ], [ 14.463859895748735, 35.839049917962036 ], [ 14.463709990283995, 35.839028502819666 ], [ 14.463415306039881, 35.83882873735628 ], [ 14.462724893251876, 35.838750106170401 ], [ 14.461424783999059, 35.838703856650461 ], [ 14.460519997251618, 35.838948158298003 ], [ 14.459505482190549, 35.839085610095992 ], [ 14.458834474809308, 35.839242654711896 ], [ 14.457977868303823, 35.839542466098486 ], [ 14.456778341616717, 35.839862122677502 ], [ 14.456617491976905, 35.83989058098738 ], [ 14.455622201761219, 35.840013599941265 ], [ 14.455265283132528, 35.840142089841649 ], [ 14.454451507401487, 35.840477592977628 ], [ 14.454358707839397, 35.840613223764286 ], [ 14.454073172936424, 35.840834513724481 ], [ 14.453737669245802, 35.841027249051223 ], [ 14.452903420011111, 35.841255147841316 ], [ 14.452474205866679, 35.841421209239833 ], [ 14.452089626313761, 35.841605225748488 ], [ 14.451296342052675, 35.84175536487858 ], [ 14.451167850627678, 35.841898132817995 ], [ 14.451125745691989, 35.842089629068575 ], [ 14.450947834349972, 35.842280339853943 ], [ 14.450741999775678, 35.842347989889483 ], [ 14.450500069096615, 35.842355442312915 ], [ 14.450538140596668, 35.842745674080966 ], [ 14.450699944247331, 35.842926513305734 ], [ 14.450956926198963, 35.84314542289632 ], [ 14.451080658349571, 35.843307226230372 ], [ 14.451194871951435, 35.843383369032928 ], [ 14.451394747102153, 35.843478546705143 ], [ 14.451756425005202, 35.843554690071429 ], [ 14.45192774630631, 35.84360227881902 ], [ 14.451946781607175, 35.843821190185473 ], [ 14.452051477558591, 35.843925886205795 ], [ 14.452451227860024, 35.844021064683389 ], [ 14.452651102112442, 35.844049618350027 ], [ 14.452927120263269, 35.844002029142644 ], [ 14.453231691365399, 35.843821190185473 ], [ 14.453564815418845, 35.843716494026943 ], [ 14.453793244419167, 35.843754565240879 ], [ 14.453983600122843, 35.843821190185473 ], [ 14.454192992923971, 35.843935404349963 ], [ 14.454440457225189, 35.844182867687486 ], [ 14.454916587681966, 35.844556720931429 ], [ 14.454906990081474, 35.844652704748661 ], [ 14.454926025382338, 35.844900168760873 ], [ 14.45477374028042, 35.844995346797432 ], [ 14.454526275979234, 35.845033418125766 ], [ 14.45441206237737, 35.84516666799491 ], [ 14.454431096779935, 35.845509310735942 ], [ 14.45458338278015, 35.845851952724836 ], [ 14.454649866196002, 35.846038104866892 ], [ 14.454897732044154, 35.846382494352632 ], [ 14.455061536242955, 35.847037712347806 ], [ 14.455818157562367, 35.8473029199303 ], [ 14.456114565673511, 35.847474525220704 ], [ 14.45635637328337, 35.847724132120504 ], [ 14.457261197760026, 35.848114143058034 ], [ 14.456392041790059, 35.849133368866724 ], [ 14.457924217321779, 35.850001795741079 ], [ 14.458142622920185, 35.850095397803962 ], [ 14.45843123095973, 35.850399606839815 ], [ 14.458883644096373, 35.85146043711589 ], [ 14.459421858919079, 35.851327832742335 ], [ 14.459429659889006, 35.851156227781075 ], [ 14.459960073741753, 35.850976822793044 ], [ 14.460014676039695, 35.851171829240343 ], [ 14.460256482751225, 35.851109427025534 ], [ 14.460287683935977, 35.85100022394154 ], [ 14.460513889606016, 35.850883221042487 ], [ 14.460732296102725, 35.850813018928953 ], [ 14.461153508054613, 35.850859819859458 ], [ 14.461356314408091, 35.850844219795079 ], [ 14.461403114837777, 35.850719416256901 ], [ 14.461381705289584, 35.850453775213971 ], [ 14.460522517924305, 35.849944627151544 ], [ 14.459475554816848, 35.84925934065167 ], [ 14.459129060238739, 35.84899794997586 ], [ 14.457705235903294, 35.848079127797156 ], [ 14.457675746907476, 35.847733242771305 ], [ 14.457798284298745, 35.84739354629226 ], [ 14.458184945248172, 35.846858167701093 ], [ 14.458422891000613, 35.846412019269579 ], [ 14.459255702032547, 35.845876639877645 ], [ 14.459952906084114, 35.846316148262773 ], [ 14.461463841849293, 35.847211517248631 ], [ 14.462594085970094, 35.847925356240808 ], [ 14.463688638228019, 35.848520220799919 ], [ 14.464009865892168, 35.848817653954647 ], [ 14.464533347445878, 35.849126985261854 ], [ 14.465961023757245, 35.849912206308723 ], [ 14.466627272762461, 35.850126357212964 ], [ 14.467054385747451, 35.850166807793485 ], [ 14.4679109922529, 35.850066871070467 ], [ 14.46818225112937, 35.850066871070467 ], [ 14.468938919161165, 35.850181084977997 ], [ 14.469363653407273, 35.850216777928082 ], [ 14.469920448085015, 35.850159669928367 ], [ 14.470120322337399, 35.850259607990665 ], [ 14.470213120102894, 35.850352405894867 ], [ 14.470255950877304, 35.850595111289088 ], [ 14.470384442302302, 35.850623664773238 ], [ 14.470470102952858, 35.850609387668406 ], [ 14.470520070842204, 35.850652218247049 ], [ 14.470598592581196, 35.850773572034413 ], [ 14.470698531953181, 35.850987722068673 ], [ 14.4707699147806, 35.85105910722659 ], [ 14.470912682232074, 35.85105910722659 ], [ 14.471005481794194, 35.851209012208351 ], [ 14.471105417572923, 35.851408886290052 ], [ 14.47133384567495, 35.851551654327004 ], [ 14.471462337099915, 35.851587345932025 ], [ 14.471555135763706, 35.851508822777909 ], [ 14.471705042126745, 35.851487408086868 ], [ 14.471812117715372, 35.851494545832459 ], [ 14.47196202318008, 35.8515730690007 ], [ 14.472090514605078, 35.851701559105713 ], [ 14.472361774379843, 35.851901434858306 ], [ 14.472454573043635, 35.851922850165664 ], [ 14.472697278070463, 35.851929989328255 ], [ 14.472825768597129, 35.851987095324851 ], [ 14.472954260022096, 35.852079894847954 ], [ 14.473261209863109, 35.852137002192784 ], [ 14.473518868246154, 35.852130717124908 ], [ 14.473619318759557, 35.852227421343187 ], [ 14.474095211162766, 35.852453469860365 ], [ 14.474404540640958, 35.852691415738114 ], [ 14.475974985302129, 35.852382085957814 ], [ 14.476642920445128, 35.852304958651487 ], [ 14.479080823260384, 35.851614026341018 ], [ 14.479341923089311, 35.8515730690007 ], [ 14.480079555820247, 35.851358918362969 ], [ 14.480300892621418, 35.850905080780386 ], [ 14.48057987970425, 35.850701969638038 ], [ 14.481211830133589, 35.850326732064026 ] ] ] } },
{ "type": "Feature", "properties": { "LocalityId": 49, "LAU_Name": "Il-Qrendi", "LAU_Latin": "Qrendi", "Region": "Punent (Western)", "Area_Km2": 4.922133, "Population": 3148.0, "NUTS3": "MT001", "LAU": "MT01349", "GREAT_CID": null, "GREAT_CIN": null, "FUA_ID": "MT001L", "FUA_Name": "Malta", "Shape__Are": 7570123.9052699991, "Shape__Len": 17584.188054499999 }, "geometry": { "type": "Polygon", "coordinates": [ [ [ 14.450500069096615, 35.842355442312915 ], [ 14.450741999775678, 35.842347989889483 ], [ 14.450947834349972, 35.842280339853943 ], [ 14.451125745691989, 35.842089629068575 ], [ 14.451167850627678, 35.841898132817995 ], [ 14.451296342052675, 35.84175536487858 ], [ 14.452089626313761, 35.841605225748488 ], [ 14.452474205866679, 35.841421209239833 ], [ 14.452903420011111, 35.841255147841316 ], [ 14.453737669245802, 35.841027249051223 ], [ 14.454073172936424, 35.840834513724481 ], [ 14.454358707839397, 35.840613223764286 ], [ 14.454451507401487, 35.840477592977628 ], [ 14.455265283132528, 35.840142089841649 ], [ 14.455622201761219, 35.840013599941265 ], [ 14.456617491976905, 35.83989058098738 ], [ 14.456778341616717, 35.839862122677502 ], [ 14.457977868303823, 35.839542466098486 ], [ 14.458834474809308, 35.839242654711896 ], [ 14.459505482190549, 35.839085610095992 ], [ 14.460519997251618, 35.838948158298003 ], [ 14.461424783999059, 35.838703856650461 ], [ 14.462724893251876, 35.838750106170401 ], [ 14.463415306039881, 35.83882873735628 ], [ 14.463709990283995, 35.839028502819666 ], [ 14.463859895748735, 35.839049917962036 ], [ 14.464216815275725, 35.839028502819666 ], [ 14.465182871617101, 35.838895901690442 ], [ 14.465530277985263, 35.838921427749099 ], [ 14.465944304313201, 35.839028502819666 ], [ 14.466137039654019, 35.839142717331214 ], [ 14.466965742690132, 35.839811984352366 ], [ 14.467144776926288, 35.839904640098005 ], [ 14.467586131801756, 35.840284857771827 ], [ 14.467693208288683, 35.840327688100757 ], [ 14.468534152667209, 35.8396797442769 ], [ 14.468833079654409, 35.839484009743167 ], [ 14.468904802943298, 35.839464123998717 ], [ 14.469007917859825, 35.839407954954375 ], [ 14.469206545250605, 35.839299761105821 ], [ 14.469784753968087, 35.839099887090732 ], [ 14.46992038430462, 35.83892856589744 ], [ 14.469887977580763, 35.838774606192516 ], [ 14.469673824606911, 35.838496208652238 ], [ 14.469488227279328, 35.838167844091927 ], [ 14.469166156995437, 35.837431981008834 ], [ 14.468864040090674, 35.836939979794522 ], [ 14.46748359270534, 35.836725775078001 ], [ 14.466475830280288, 35.836586692268902 ], [ 14.466218848328621, 35.836272603134518 ], [ 14.46551928709774, 35.83597279104238 ], [ 14.465219474371667, 35.835758639062419 ], [ 14.465119536796307, 35.835587317936188 ], [ 14.465319411947025, 35.835344613223747 ], [ 14.466290232054373, 35.834702159202216 ], [ 14.467218222285577, 35.833816999332399 ], [ 14.468220460969976, 35.832794676651154 ], [ 14.466750839623035, 35.831680020040494 ], [ 14.466361615780093, 35.831489886077428 ], [ 14.464878119953616, 35.832149009860629 ], [ 14.464505636215982, 35.832289385161019 ], [ 14.464048780011964, 35.832246554862088 ], [ 14.463877457812524, 35.832175170979184 ], [ 14.463748968184186, 35.832075234163561 ], [ 14.463791798060299, 35.831946742850661 ], [ 14.464177271436929, 35.831661207311441 ], [ 14.463920288586966, 35.831332842137613 ], [ 14.463606199834384, 35.831104413040819 ], [ 14.463334940957949, 35.830676111354919 ], [ 14.463206450431283, 35.829919442161192 ], [ 14.46304940605501, 35.829319818356801 ], [ 14.46266393267838, 35.828905790966282 ], [ 14.462164246598215, 35.828563149340418 ], [ 14.461678835646225, 35.82842038070995 ], [ 14.461721667318967, 35.827692266313534 ], [ 14.461521792168249, 35.827192579696515 ], [ 14.461150595716457, 35.826550125950199 ], [ 14.460550972060933, 35.825993332235555 ], [ 14.460051285082439, 35.82545081406542 ], [ 14.459608704006596, 35.824879744013032 ], [ 14.459080464975125, 35.824294396022452 ], [ 14.458495118244404, 35.823880370092738 ], [ 14.458181028593527, 35.823594834664874 ], [ 14.457924046641894, 35.823137977883285 ], [ 14.457638511738919, 35.822781059105793 ], [ 14.457352975937681, 35.822538353828243 ], [ 14.457024611158596, 35.822438417259356 ], [ 14.456811960167926, 35.822095020051918 ], [ 14.456683080670748, 35.821961010325253 ], [ 14.456756879966262, 35.821752029986541 ], [ 14.456628852970296, 35.821654400703075 ], [ 14.45657374941244, 35.821454249152218 ], [ 14.456585527224153, 35.82135837784832 ], [ 14.456636732093637, 35.821303593777913 ], [ 14.456850885965819, 35.821221419058105 ], [ 14.456881910182474, 35.821139244253274 ], [ 14.456785677259347, 35.821070764698668 ], [ 14.456508757199972, 35.820769457307222 ], [ 14.456464663394241, 35.820659891229226 ], [ 14.456491019964682, 35.820509237989341 ], [ 14.456573249050825, 35.820372279919283 ], [ 14.456563912860091, 35.820235323069767 ], [ 14.456485059642775, 35.820153147972512 ], [ 14.456338556996339, 35.820153147972512 ], [ 14.456015459938099, 35.820249017818398 ], [ 14.455823353417944, 35.820385976101129 ], [ 14.455606397700418, 35.820427063175636 ], [ 14.455537216643783, 35.820501077691418 ], [ 14.455416960075011, 35.820496979696266 ], [ 14.455234080151145, 35.820512010290656 ], [ 14.455123919747855, 35.82027198006282 ], [ 14.455429446657465, 35.820249017818398 ], [ 14.4554778505799, 35.820153147972512 ], [ 14.455412643670057, 35.820002495956125 ], [ 14.455406110223, 35.819906625812521 ], [ 14.455476184205052, 35.819771042668641 ], [ 14.455618920215489, 35.819720010271794 ], [ 14.455680446727625, 35.819632711727245 ], [ 14.45567391238224, 35.819536841865478 ], [ 14.45564906498149, 35.819440973344747 ], [ 14.455588525717866, 35.819358798882064 ], [ 14.455032120010667, 35.819271000248193 ], [ 14.454772480842388, 35.819293283893586 ], [ 14.454657371620216, 35.819399885759843 ], [ 14.45434791997112, 35.819327228709014 ], [ 14.453894879810406, 35.819017020005468 ], [ 14.453747999871588, 35.818972019873591 ], [ 14.453535607595683, 35.818990890241807 ], [ 14.45341745757627, 35.819098875047338 ], [ 14.453284207775214, 35.819117910007357 ], [ 14.453065079033008, 35.819032693343331 ], [ 14.452904160222918, 35.819046989971341 ], [ 14.452335000235301, 35.819181990162939 ], [ 14.451589111986907, 35.819459754735178 ], [ 14.451569231371378, 35.819767697811422 ], [ 14.451616819623549, 35.820041336093027 ], [ 14.45177148526094, 35.820255486785328 ], [ 14.451910316294862, 35.820555361903232 ], [ 14.452180137866844, 35.82083112221234 ], [ 14.452048257098294, 35.820877280902373 ], [ 14.451723896110472, 35.82055292029812 ], [ 14.451497846747294, 35.820350665980349 ], [ 14.451203943139161, 35.819571348181981 ], [ 14.451073655981929, 35.81948206018 ], [ 14.450925286636361, 35.81945466823047 ], [ 14.450743092127047, 35.819468363842205 ], [ 14.450628960271887, 35.819555039775516 ], [ 14.450242796989153, 35.819772749332465 ], [ 14.450086213448591, 35.819669945171327 ], [ 14.449914891249183, 35.819631874054657 ], [ 14.449380839219526, 35.819868959804595 ], [ 14.448976919836827, 35.819838990149044 ], [ 14.448831029841447, 35.819883208207031 ], [ 14.448582393238782, 35.820050658975909 ], [ 14.448430108136867, 35.820241016286118 ], [ 14.44825878683579, 35.820298123244456 ], [ 14.447957270005622, 35.820342303169689 ], [ 14.44785779596093, 35.82039204006427 ], [ 14.44769315902389, 35.82039204006427 ], [ 14.446651778047597, 35.820832066947027 ], [ 14.446456708883652, 35.820974801153397 ], [ 14.44639246317117, 35.82106046078372 ], [ 14.446520954596167, 35.821160399087503 ], [ 14.446754966625983, 35.821307015051893 ], [ 14.446754966625983, 35.821345086093594 ], [ 14.445976286276444, 35.821181813953658 ], [ 14.44585708432983, 35.821217506112859 ], [ 14.44592846895388, 35.821424519008588 ], [ 14.445903316125918, 35.821534100784213 ], [ 14.446085512431857, 35.82158870186894 ], [ 14.446214003856822, 35.82172433071058 ], [ 14.44622114276839, 35.821809990988825 ], [ 14.446078919695994, 35.821916009677075 ], [ 14.445971629410025, 35.822023361175582 ], [ 14.445650896717613, 35.822163621092059 ], [ 14.445441504814779, 35.82227783511501 ], [ 14.445039000278676, 35.822219999736888 ], [ 14.444700665996603, 35.821981312724922 ], [ 14.444693527983333, 35.821895651903091 ], [ 14.444707804009839, 35.821824268178503 ], [ 14.444907679160554, 35.821652946831918 ], [ 14.444879126209248, 35.821610117347959 ], [ 14.444771930246405, 35.821507387677286 ], [ 14.444538535359165, 35.821542397185475 ], [ 14.444206919577082, 35.821721969992915 ], [ 14.443248664205633, 35.822052758949695 ], [ 14.443123083322165, 35.82219546401079 ], [ 14.442958900932656, 35.822416754352751 ], [ 14.442973176959127, 35.8225095527809 ], [ 14.44291607015821, 35.822602351828948 ], [ 14.442634679183682, 35.822699279970628 ], [ 14.441932079850483, 35.823006989780801 ], [ 14.441583960220026, 35.823230999808636 ], [ 14.441253119684038, 35.823305970254438 ], [ 14.440740119673059, 35.823484979679762 ], [ 14.440302710198274, 35.823484979679762 ], [ 14.439882258221131, 35.823373297045734 ], [ 14.439539614720614, 35.823344743949434 ], [ 14.439088080136298, 35.823425040174229 ], [ 14.438538937308167, 35.823606162345364 ], [ 14.438597349361199, 35.82349465032167 ], [ 14.438725838989571, 35.823423265849939 ], [ 14.438825776564927, 35.823344743949434 ], [ 14.438868607339337, 35.823266221971252 ], [ 14.438997097866007, 35.823180561079319 ], [ 14.43927549475571, 35.823037792963447 ], [ 14.439375432331069, 35.822966408809243 ], [ 14.439389709255874, 35.822895026047576 ], [ 14.439232664879597, 35.822873610915153 ], [ 14.439025651715646, 35.822994962769975 ], [ 14.438811499640126, 35.823052069932288 ], [ 14.438633041224076, 35.823173422971003 ], [ 14.438504549799109, 35.823237668108099 ], [ 14.438326089586434, 35.823287636997691 ], [ 14.438276120798756, 35.823273360071276 ], [ 14.438233290922643, 35.823251945040937 ], [ 14.438247567847446, 35.822966408809243 ], [ 14.43826707566218, 35.822900080283077 ], [ 14.438593079668664, 35.82260397029745 ], [ 14.438618764299273, 35.822530968011492 ], [ 14.438604487374469, 35.822459584129824 ], [ 14.438433166073358, 35.822473861202667 ], [ 14.438211875984603, 35.822473861202667 ], [ 14.438111939307541, 35.822516690948916 ], [ 14.438047692696731, 35.82265232111849 ], [ 14.437847818444343, 35.822830779904749 ], [ 14.437747880868985, 35.822937856294971 ], [ 14.437719327019378, 35.823087761978869 ], [ 14.437797849656663, 35.823173422971003 ], [ 14.437819264594737, 35.823244806210646 ], [ 14.437512313855391, 35.823516065286483 ], [ 14.437333855439377, 35.823644555682456 ], [ 14.437283686327378, 35.823700183779003 ], [ 14.437170125800735, 35.823722193041029 ], [ 14.437069734576177, 35.823673108670853 ], [ 14.43701262687693, 35.823594587017503 ], [ 14.436934105137942, 35.823380435864465 ], [ 14.436869860323757, 35.823344743949434 ], [ 14.436805613712945, 35.823387573954172 ], [ 14.436784198774905, 35.823473235351081 ], [ 14.436812752624512, 35.823723078014702 ], [ 14.43672709107566, 35.823830153929606 ], [ 14.436634293310165, 35.823851568803896 ], [ 14.436441556172717, 35.82380160026932 ], [ 14.436284511796412, 35.823701663105744 ], [ 14.436270235769937, 35.823637416887422 ], [ 14.436320203659287, 35.8234660958123 ], [ 14.436220266083927, 35.82345895772967 ], [ 14.436056083694419, 35.82363027882019 ], [ 14.436020391831544, 35.823701663105744 ], [ 14.436006115805037, 35.82380160026932 ], [ 14.43606322260595, 35.82390867607829 ], [ 14.436056083694419, 35.824001474947316 ], [ 14.436020391831544, 35.824101411733409 ], [ 14.436220266083927, 35.824279872360229 ], [ 14.436227404097199, 35.824365532794147 ], [ 14.436013253818272, 35.82450116198963 ], [ 14.435749133853404, 35.824701037091124 ], [ 14.435634919353211, 35.824751005059461 ], [ 14.435492151901737, 35.824758143754288 ], [ 14.435340015920172, 35.824727717075191 ], [ 14.435199000183509, 35.824770000060859 ], [ 14.435044488158018, 35.824782623332581 ], [ 14.434971049985204, 35.824758143754288 ], [ 14.434899667157785, 35.824693897662783 ], [ 14.434756898808015, 35.824708175062064 ], [ 14.434764036821251, 35.824829527025528 ], [ 14.434956773958733, 35.824950880260161 ], [ 14.435279064329846, 35.825023138848501 ], [ 14.435335106627136, 35.825115063110175 ], [ 14.435749133853404, 35.825050817307542 ], [ 14.435863348353564, 35.825072231852495 ], [ 14.435540085106997, 35.825211570833311 ], [ 14.435547119814, 35.825218021186792 ], [ 14.43422591991493, 35.825891040151355 ], [ 14.433914880044428, 35.825696999987564 ], [ 14.433407744235605, 35.825935976635968 ], [ 14.432922334181944, 35.826057330363888 ], [ 14.432736736854364, 35.826128713194983 ], [ 14.432578476159186, 35.826137267680743 ], [ 14.432373000012664, 35.826204959887448 ], [ 14.432135039887173, 35.825801039643885 ], [ 14.43173111960618, 35.825696999987564 ], [ 14.431514466620907, 35.825696999987564 ], [ 14.431440075335606, 35.82580362967181 ], [ 14.431749839598394, 35.826024960939023 ], [ 14.431053543743563, 35.826074494704578 ], [ 14.430959279029242, 35.826178681721231 ], [ 14.430895033316725, 35.826300035078056 ], [ 14.430759120010876, 35.826369030162525 ], [ 14.430987973914359, 35.827422735293176 ], [ 14.431102188414519, 35.82762261032051 ], [ 14.431259231892495, 35.827808207277108 ], [ 14.431758918870957, 35.828293617636135 ], [ 14.432058730698735, 35.828507768642616 ], [ 14.432344267398305, 35.828664813075044 ], [ 14.432472757924971, 35.828807581265764 ], [ 14.432572694601999, 35.828978901735937 ], [ 14.432744016801408, 35.829093116876685 ], [ 14.432972444005136, 35.829193053078122 ], [ 14.433115212354902, 35.829378652188502 ], [ 14.433215149031966, 35.829564250136521 ], [ 14.433429301107484, 35.829778401355703 ], [ 14.433743389860066, 35.830192427835151 ], [ 14.433928988085981, 35.830363748957211 ], [ 14.434628550215157, 35.830849158979298 ], [ 14.4349283620429, 35.831291738859299 ], [ 14.435042573848136, 35.83152016668852 ], [ 14.435285279773298, 35.831791425156204 ], [ 14.435442325047902, 35.83204840734858 ], [ 14.435599367627546, 35.832433880169177 ], [ 14.435984841902474, 35.832619478254294 ], [ 14.437184090111851, 35.832833629239516 ], [ 14.438305079788586, 35.832788009882982 ], [ 14.440339256358989, 35.832205452057124 ], [ 14.441252968767058, 35.831734317727445 ], [ 14.441524226745198, 35.832348218975923 ], [ 14.44169554804631, 35.833104888315049 ], [ 14.442319001311366, 35.833069266319193 ], [ 14.443183507601459, 35.833397557305112 ], [ 14.443851340336492, 35.833861556264608 ], [ 14.443703210841083, 35.834089774234499 ], [ 14.443178825582187, 35.834503762196711 ], [ 14.442881988076333, 35.83479167696661 ], [ 14.442753496651337, 35.834727430986646 ], [ 14.442553623297281, 35.834677462745312 ], [ 14.442218118708329, 35.834656047879143 ], [ 14.442032521380746, 35.834670324214471 ], [ 14.441746984681142, 35.834905891023439 ], [ 14.441661324928919, 35.835070073669733 ], [ 14.441490003627811, 35.835598314001189 ], [ 14.441404342977286, 35.835726805226813 ], [ 14.441325821238298, 35.835890988359097 ], [ 14.441161637950458, 35.836312151915095 ], [ 14.44111166916278, 35.836397813198403 ], [ 14.440997454662584, 35.836462059282184 ], [ 14.44101173158742, 35.836533442221366 ], [ 14.44108311621147, 35.836611964909544 ], [ 14.441382928039216, 35.836719040184235 ], [ 14.441482864716274, 35.836818977705157 ], [ 14.441946859831861, 35.837168757672792 ], [ 14.442125320044537, 35.837325803898629 ], [ 14.442553623297281, 35.837611338715334 ], [ 14.44305330937741, 35.837775520860632 ], [ 14.44315324695277, 35.837718414097672 ], [ 14.443445920767312, 35.83783262903895 ], [ 14.443595827130348, 35.837939704122604 ], [ 14.443760008621561, 35.838268068899026 ], [ 14.443795701382736, 35.838375146307918 ], [ 14.44378142535623, 35.838624988663916 ], [ 14.44383139324561, 35.838753479356996 ], [ 14.443809978307536, 35.838860554654261 ], [ 14.443760008621561, 35.838910525358656 ], [ 14.443581550205511, 35.838946216827075 ], [ 14.443495888656658, 35.838996185292793 ], [ 14.443460196793783, 35.839053291864182 ], [ 14.443453058780548, 35.839117537254005 ], [ 14.443467335705352, 35.839246029334028 ], [ 14.443531581417833, 35.839488733034614 ], [ 14.443510165581461, 35.839951298908233 ], [ 14.443324568253878, 35.840365326193563 ], [ 14.44315324695277, 35.840508092993737 ], [ 14.442696389850418, 35.84073652123287 ], [ 14.44325318362983, 35.840822182836312 ], [ 14.443624380081657, 35.840793628736051 ], [ 14.444124067060118, 35.840579478117995 ], [ 14.444623754038579, 35.840336772657075 ], [ 14.444952118817666, 35.840265388770824 ], [ 14.445551744269816, 35.84009406790998 ], [ 14.44563740402204, 35.840008406976672 ], [ 14.44573734069907, 35.839837086289052 ], [ 14.445951493672917, 35.839622933816827 ], [ 14.446069276281419, 35.8394290073362 ], [ 14.446973471039074, 35.839547980970409 ], [ 14.4479728440977, 35.839714544049848 ], [ 14.448329762726392, 35.839952488826931 ], [ 14.448591503952413, 35.84049976507702 ], [ 14.449019808103454, 35.841261192732816 ], [ 14.449114984607796, 35.841975032122704 ], [ 14.449424315882649, 35.842641280890263 ], [ 14.450500069096615, 35.842355442312915 ] ] ] } },
{ "type": "Feature", "properties": { "LocalityId": 51, "LAU_Name": "Ħal Safi", "LAU_Latin": "Safi", "Region": "Punent (Western)", "Area_Km2": 2.313654, "Population": 2641.0, "NUTS3": "MT001", "LAU": "MT01351", "GREAT_CID": null, "GREAT_CIN": null, "FUA_ID": "MT001L", "FUA_Name": "Malta", "Shape__Are": 3527597.6123000002, "Shape__Len": 9417.9711458199999 }, "geometry": { "type": "Polygon", "coordinates": [ [ [ 14.505838919967214, 35.831718989926948 ], [ 14.504872700132468, 35.830819393754332 ], [ 14.50363538042304, 35.82982953799003 ], [ 14.503083345019686, 35.829258468126966 ], [ 14.502557007721704, 35.828458969095685 ], [ 14.502242918969122, 35.827930727847942 ], [ 14.501921692203306, 35.827431041275702 ], [ 14.501650433326835, 35.826924215971317 ], [ 14.501507665875366, 35.826567298196146 ], [ 14.501214992060858, 35.82679572505792 ], [ 14.501100777560696, 35.826924215971317 ], [ 14.500815242657756, 35.827088399837599 ], [ 14.500529706856481, 35.827174060882072 ], [ 14.500372663378505, 35.827202611872444 ], [ 14.500408355241383, 35.827366795891145 ], [ 14.500451185117493, 35.827473871988737 ], [ 14.500551122692853, 35.827566670331066 ], [ 14.500636783343408, 35.827673746887335 ], [ 14.500686752131086, 35.827873621282492 ], [ 14.50039407831658, 35.828080632841939 ], [ 14.500272725803146, 35.828102048026089 ], [ 14.50012282033844, 35.828009251038125 ], [ 14.499994328913443, 35.828016388711589 ], [ 14.499951498139032, 35.828173432659767 ], [ 14.500037158789556, 35.828244817229184 ], [ 14.500058573727628, 35.828316201006153 ], [ 14.499937222112525, 35.828359029784771 ], [ 14.499858698576912, 35.828466106728655 ], [ 14.499580301687205, 35.828673118927583 ], [ 14.499280489859462, 35.828865856122682 ], [ 14.499037784832598, 35.829101422684388 ], [ 14.498823633655412, 35.829258468126966 ], [ 14.498545236765706, 35.829486895982669 ], [ 14.498431023163842, 35.829601109663955 ], [ 14.498702281141979, 35.830093658196169 ], [ 14.498638036327829, 35.830193596050854 ], [ 14.498074102738519, 35.830386331738055 ], [ 14.497488756007835, 35.83069328270804 ], [ 14.49721035911813, 35.830907433793641 ], [ 14.496881994339043, 35.83107161670231 ], [ 14.49660359655104, 35.831157277088771 ], [ 14.496260953948854, 35.831321460208827 ], [ 14.495548305162593, 35.831456376161839 ], [ 14.495405537711124, 35.831289813223698 ], [ 14.495060516370053, 35.830813921245891 ], [ 14.494751185993533, 35.830718742944804 ], [ 14.494565193407226, 35.830423265171525 ], [ 14.494120629749522, 35.829939468678191 ], [ 14.493719844588901, 35.829761392219517 ], [ 14.49350729959942, 35.829619164701015 ], [ 14.492919001004672, 35.829011478985208 ], [ 14.492924949648486, 35.82883302025769 ], [ 14.492788130840827, 35.828487998136353 ], [ 14.492562082375981, 35.82831548724149 ], [ 14.492152114636525, 35.82812470865386 ], [ 14.492050498109894, 35.828006157074974 ], [ 14.491411726772595, 35.827706192843394 ], [ 14.490856802387309, 35.827469984843582 ], [ 14.490556989661235, 35.827305801766705 ], [ 14.489921674142836, 35.827227279337158 ], [ 14.489229250026897, 35.827191587695346 ], [ 14.488822362610524, 35.827084514130213 ], [ 14.488237014981509, 35.826991713767498 ], [ 14.487906258887147, 35.827086079338343 ], [ 14.487435374591657, 35.826956735796571 ], [ 14.486962735886364, 35.826720519010962 ], [ 14.486393170758587, 35.8263856649261 ], [ 14.486079082006007, 35.826171513291776 ], [ 14.485607948877153, 35.826043024073222 ], [ 14.484292153242819, 35.827568376098881 ], [ 14.483779118197553, 35.828097962076662 ], [ 14.48283291911552, 35.828960269719552 ], [ 14.482409952753899, 35.829198187028112 ], [ 14.482167247727071, 35.829726427850709 ], [ 14.481831136775279, 35.830602830995971 ], [ 14.48172466934612, 35.830711524672104 ], [ 14.480939445668088, 35.831653791755038 ], [ 14.480553974088087, 35.832210585083921 ], [ 14.480125670835346, 35.832224861859302 ], [ 14.4800828400609, 35.832381906946878 ], [ 14.480268438286815, 35.833110022011951 ], [ 14.480225608410702, 35.833367004303618 ], [ 14.479868688883712, 35.83352404785888 ], [ 14.479440385630969, 35.833752475816318 ], [ 14.480582527039397, 35.833923797263203 ], [ 14.481553347146711, 35.834195056253101 ], [ 14.482995301281214, 35.834851787042147 ], [ 14.483802900196379, 35.835118920129865 ], [ 14.484694235570752, 35.835479965121458 ], [ 14.485479458350483, 35.83590826782298 ], [ 14.485322887386349, 35.836043602737362 ], [ 14.485369350947787, 35.836212577885142 ], [ 14.485684816817685, 35.836672956250489 ], [ 14.48614404008252, 35.83786104074106 ], [ 14.486720039842675, 35.838682021222382 ], [ 14.486860385436172, 35.838902704125132 ], [ 14.486334809011195, 35.839081398727977 ], [ 14.486311014435945, 35.839212269997951 ], [ 14.486263425285442, 35.840021286343863 ], [ 14.486406192736947, 35.840354410893632 ], [ 14.487096237215678, 35.840378204774574 ], [ 14.487155722755473, 35.840580459028544 ], [ 14.487798426917097, 35.840539606679044 ], [ 14.488678578266173, 35.840437690902199 ], [ 14.488855391866903, 35.840590710162076 ], [ 14.490320405754762, 35.840568562119302 ], [ 14.490617838843626, 35.841032556278783 ], [ 14.491153217684996, 35.841746394813413 ], [ 14.491391164335768, 35.842186596033855 ], [ 14.491712391101585, 35.842829049885736 ], [ 14.492095493824174, 35.843726080646078 ], [ 14.492320919756501, 35.843527980007757 ], [ 14.499907919966271, 35.837388990358434 ], [ 14.50082087958614, 35.835649020122169 ], [ 14.503870079664066, 35.83332297000252 ], [ 14.505838919967214, 35.831718989926948 ] ] ] } },
{ "type": "Feature", "properties": { "LocalityId": 67, "LAU_Name": "Iż-Żurrieq", "LAU_Latin": "Żurrieq", "Region": "Punent (Western)", "Area_Km2": 8.501005, "Population": 12295.0, "NUTS3": "MT001", "LAU": "MT01367", "GREAT_CID": null, "GREAT_CIN": null, "FUA_ID": "MT001L", "FUA_Name": "Malta", "Shape__Are": 12958485.603499999, "Shape__Len": 23614.125196000001 }, "geometry": { "type": "Polygon", "coordinates": [ [ [ 14.479017966343347, 35.839926106707807 ], [ 14.479517653321809, 35.839711955932387 ], [ 14.481412336799931, 35.839511627084832 ], [ 14.481774518657884, 35.839482620282759 ], [ 14.481974544725581, 35.839401907008721 ], [ 14.482895572115014, 35.838651972010716 ], [ 14.483571090835612, 35.837771693207877 ], [ 14.483797919038143, 35.837290981230332 ], [ 14.48428847194678, 35.836809013744265 ], [ 14.485322887386349, 35.836043602737362 ], [ 14.485479458350483, 35.83590826782298 ], [ 14.484694235570752, 35.835479965121458 ], [ 14.483802900196379, 35.835118920129865 ], [ 14.482995301281214, 35.834851787042147 ], [ 14.481553347146711, 35.834195056253101 ], [ 14.480582527039397, 35.833923797263203 ], [ 14.479440385630969, 35.833752475816318 ], [ 14.479868688883712, 35.83352404785888 ], [ 14.480225608410702, 35.833367004303618 ], [ 14.480268438286815, 35.833110022011951 ], [ 14.4800828400609, 35.832381906946878 ], [ 14.480125670835346, 35.832224861859302 ], [ 14.480553974088087, 35.832210585083921 ], [ 14.480939445668088, 35.831653791755038 ], [ 14.48172466934612, 35.830711524672104 ], [ 14.481831136775279, 35.830602830995971 ], [ 14.482167247727071, 35.829726427850709 ], [ 14.482409952753899, 35.829198187028112 ], [ 14.48283291911552, 35.828960269719552 ], [ 14.483779118197553, 35.828097962076662 ], [ 14.484292153242819, 35.827568376098881 ], [ 14.485607948877153, 35.826043024073222 ], [ 14.486079082006007, 35.826171513291776 ], [ 14.486393170758587, 35.8263856649261 ], [ 14.486962735886364, 35.826720519010962 ], [ 14.487435374591657, 35.826956735796571 ], [ 14.487906258887147, 35.827086079338343 ], [ 14.488237014981509, 35.826991713767498 ], [ 14.488822362610524, 35.827084514130213 ], [ 14.489229250026897, 35.827191587695346 ], [ 14.489921674142836, 35.827227279337158 ], [ 14.490556989661235, 35.827305801766705 ], [ 14.490856802387309, 35.827469984843582 ], [ 14.491411726772595, 35.827706192843394 ], [ 14.492050498109894, 35.828006157074974 ], [ 14.492152114636525, 35.82812470865386 ], [ 14.492562082375981, 35.82831548724149 ], [ 14.492788130840827, 35.828487998136353 ], [ 14.492924949648486, 35.82883302025769 ], [ 14.492919001004672, 35.829011478985208 ], [ 14.49350729959942, 35.829619164701015 ], [ 14.493719844588901, 35.829761392219517 ], [ 14.494120629749522, 35.829939468678191 ], [ 14.494565193407226, 35.830423265171525 ], [ 14.494751185993533, 35.830718742944804 ], [ 14.495060516370053, 35.830813921245891 ], [ 14.495405537711124, 35.831289813223698 ], [ 14.495548305162593, 35.831456376161839 ], [ 14.496260953948854, 35.831321460208827 ], [ 14.49660359655104, 35.831157277088771 ], [ 14.496881994339043, 35.83107161670231 ], [ 14.49721035911813, 35.830907433793641 ], [ 14.497488756007835, 35.83069328270804 ], [ 14.498074102738519, 35.830386331738055 ], [ 14.498638036327829, 35.830193596050854 ], [ 14.498702281141979, 35.830093658196169 ], [ 14.498431023163842, 35.829601109663955 ], [ 14.498545236765706, 35.829486895982669 ], [ 14.498823633655412, 35.829258468126966 ], [ 14.499037784832598, 35.829101422684388 ], [ 14.499280489859462, 35.828865856122682 ], [ 14.499580301687205, 35.828673118927583 ], [ 14.499858698576912, 35.828466106728655 ], [ 14.499937222112525, 35.828359029784771 ], [ 14.500058573727628, 35.828316201006153 ], [ 14.500037158789556, 35.828244817229184 ], [ 14.499951498139032, 35.828173432659767 ], [ 14.499994328913443, 35.828016388711589 ], [ 14.50012282033844, 35.828009251038125 ], [ 14.500272725803146, 35.828102048026089 ], [ 14.50039407831658, 35.828080632841939 ], [ 14.500686752131086, 35.827873621282492 ], [ 14.500636783343408, 35.827673746887335 ], [ 14.500551122692853, 35.827566670331066 ], [ 14.500451185117493, 35.827473871988737 ], [ 14.500408355241383, 35.827366795891145 ], [ 14.500372663378505, 35.827202611872444 ], [ 14.500529706856481, 35.827174060882072 ], [ 14.500815242657756, 35.827088399837599 ], [ 14.501100777560696, 35.826924215971317 ], [ 14.501214992060858, 35.82679572505792 ], [ 14.501507665875366, 35.826567298196146 ], [ 14.501650433326835, 35.826924215971317 ], [ 14.501921692203306, 35.827431041275702 ], [ 14.502242918969122, 35.827930727847942 ], [ 14.502557007721704, 35.828458969095685 ], [ 14.503083345019686, 35.829258468126966 ], [ 14.50363538042304, 35.82982953799003 ], [ 14.504872700132468, 35.830819393754332 ], [ 14.505838919967214, 35.831718989926948 ], [ 14.507505699959447, 35.832875626786759 ], [ 14.509475767361295, 35.831347633981373 ], [ 14.509856539854013, 35.83103666966187 ], [ 14.509677387938606, 35.83094666479343 ], [ 14.50932522768597, 35.830870523163064 ], [ 14.509487031336633, 35.830689684131116 ], [ 14.509972441390291, 35.830013917139695 ], [ 14.510115208841761, 35.82989970332428 ], [ 14.510277011594125, 35.829852112911382 ], [ 14.510343636943785, 35.829728381200383 ], [ 14.510372189895095, 35.829585613937887 ], [ 14.510667244245113, 35.829052614034239 ], [ 14.510733867798145, 35.828890810030877 ], [ 14.510857599948753, 35.828452990235064 ], [ 14.510943260599309, 35.82822456231662 ], [ 14.511066992749919, 35.828043723081571 ], [ 14.511181207250077, 35.827843846929781 ], [ 14.511343010900744, 35.827653491100627 ], [ 14.511390600051243, 35.827482169225867 ], [ 14.511285903201495, 35.827329884342078 ], [ 14.511219278750135, 35.827149046710041 ], [ 14.51122879640058, 35.827015795709812 ], [ 14.511362046201604, 35.826777850008163 ], [ 14.511409635352104, 35.826635083264442 ], [ 14.511657098754993, 35.826501832129637 ], [ 14.51207432578029, 35.825999512306758 ], [ 14.512249080442409, 35.825589989958168 ], [ 14.512513472596828, 35.825325527730051 ], [ 14.512882761925283, 35.825174733302923 ], [ 14.513395975735307, 35.825038566271068 ], [ 14.513680352709853, 35.824865106104959 ], [ 14.513856921968841, 35.824790987132133 ], [ 14.514002634996128, 35.824754160332077 ], [ 14.514171241588445, 35.824729897069126 ], [ 14.514371160756617, 35.824593510764529 ], [ 14.514931529830841, 35.8243650382326 ], [ 14.51499346866968, 35.824253039268193 ], [ 14.51497936871297, 35.824053426708616 ], [ 14.51483824967004, 35.823335706977183 ], [ 14.514838706014199, 35.823260874951238 ], [ 14.515061059708286, 35.823211884256516 ], [ 14.515458763647498, 35.82328832094408 ], [ 14.515749538423508, 35.823320673275575 ], [ 14.515910370995341, 35.823315085166392 ], [ 14.516216838441046, 35.823285137934867 ], [ 14.51637759465606, 35.823292021101089 ], [ 14.516607416045121, 35.823274237766178 ], [ 14.516722458791971, 35.823243519895513 ], [ 14.516753388685501, 35.823193754923992 ], [ 14.515932536924987, 35.822800675159961 ], [ 14.515840684187172, 35.822727605315322 ], [ 14.514615301291244, 35.821908435877745 ], [ 14.514288704396675, 35.821715525910811 ], [ 14.512405547201947, 35.821433476075036 ], [ 14.511121066838431, 35.821134106868385 ], [ 14.510609904780514, 35.820916387205358 ], [ 14.510099879989758, 35.820866969678292 ], [ 14.509289027376635, 35.820838656052437 ], [ 14.508968076393629, 35.820695097051122 ], [ 14.508875277729837, 35.820545191219026 ], [ 14.508853861893467, 35.820409561091132 ], [ 14.50876106322964, 35.820245377977166 ], [ 14.508682540592355, 35.820202547733814 ], [ 14.508546911154122, 35.820181133331843 ], [ 14.508111470786472, 35.82045239195125 ], [ 14.507647474772522, 35.820666542991489 ], [ 14.506433952333303, 35.821373242933959 ], [ 14.505784358093477, 35.821644501850123 ], [ 14.505191871552892, 35.821723023975771 ], [ 14.503685672604242, 35.821251890785078 ], [ 14.503507213289893, 35.821351828119383 ], [ 14.503250232236558, 35.821787268830029 ], [ 14.503257370249793, 35.821887206947125 ], [ 14.50334303090035, 35.822001420639452 ], [ 14.503264508263065, 35.82217988016064 ], [ 14.502914727647605, 35.822572491006163 ], [ 14.502750545258065, 35.822858027198144 ], [ 14.502629191846335, 35.822972240950328 ], [ 14.502343656943395, 35.823029348128983 ], [ 14.502172335642319, 35.822986517930957 ], [ 14.501512222130511, 35.822575609946163 ], [ 14.500909447184968, 35.822109812160761 ], [ 14.500832016899055, 35.821871827714148 ], [ 14.500847574821451, 35.821326359778865 ], [ 14.500923118645261, 35.821159092343407 ], [ 14.501130131809251, 35.820952078027126 ], [ 14.501215793358099, 35.820802171951897 ], [ 14.501222931371339, 35.820623712975319 ], [ 14.501187238610164, 35.819695722889286 ], [ 14.501230069384606, 35.819388773089401 ], [ 14.501144408734051, 35.819274557823256 ], [ 14.50107951533623, 35.819216495905252 ], [ 14.500937395570064, 35.81898902330947 ], [ 14.500894564795658, 35.81878200988988 ], [ 14.500965949419706, 35.818346568719583 ], [ 14.501065886096734, 35.818168109321718 ], [ 14.501522743199116, 35.817932542360502 ], [ 14.501522743199116, 35.817782635682342 ], [ 14.501437081650229, 35.817154458828888 ], [ 14.501451358575068, 35.816861785298315 ], [ 14.501537020123921, 35.816433481780692 ], [ 14.501558435061959, 35.816247882993579 ], [ 14.501879661827777, 35.816076562724383 ], [ 14.502507840231235, 35.815676812292331 ], [ 14.50278623712094, 35.815284202308213 ], [ 14.50315029376287, 35.814670300917491 ], [ 14.503235955311755, 35.814470428240597 ], [ 14.503164570687705, 35.814299104864546 ], [ 14.503107463886757, 35.813742311902153 ], [ 14.502943280598915, 35.813713758255645 ], [ 14.502929003674112, 35.813635236949551 ], [ 14.501827640389694, 35.813734234682208 ], [ 14.500687551631671, 35.813920771778278 ], [ 14.500651859768828, 35.813628097982878 ], [ 14.500587614954645, 35.8133282848436 ], [ 14.500501954304088, 35.813149825821284 ], [ 14.500551923091766, 35.812757214997497 ], [ 14.500466262441211, 35.812007683825954 ], [ 14.500416025955596, 35.811871825667481 ], [ 14.50029693360343, 35.811689473996928 ], [ 14.499978547310533, 35.811853811759327 ], [ 14.499809466407752, 35.812059234758955 ], [ 14.499270804224057, 35.812483775980446 ], [ 14.499007351707432, 35.812648115012948 ], [ 14.498614778046777, 35.812798759130764 ], [ 14.498313765171481, 35.812949402962786 ], [ 14.497849813175021, 35.813127437008717 ], [ 14.497575129022387, 35.813127437008717 ], [ 14.497324373293971, 35.813209606994086 ], [ 14.496897862180239, 35.813383070046875 ], [ 14.496793352180086, 35.813368752730291 ], [ 14.496531328883078, 35.813127437008717 ], [ 14.496418646908765, 35.813086351984147 ], [ 14.496182459159311, 35.813113741760041 ], [ 14.495907120134859, 35.813274021915021 ], [ 14.495860208314069, 35.813358237288305 ], [ 14.495586044285986, 35.813497202001777 ], [ 14.495276606111648, 35.813524591636011 ], [ 14.494681657288885, 35.813661541850713 ], [ 14.494009714761399, 35.813743712011849 ], [ 14.492743356112133, 35.813702627306157 ], [ 14.492244529719692, 35.813899040985618 ], [ 14.492112119843453, 35.813907000906262 ], [ 14.491469159661991, 35.814011039989204 ], [ 14.491392460604711, 35.814004765741409 ], [ 14.490777784778292, 35.813880663305525 ], [ 14.490515799210527, 35.813798491829168 ], [ 14.48998369203342, 35.813773941844822 ], [ 14.489808704707654, 35.813634152263731 ], [ 14.48950609642441, 35.813821670836255 ], [ 14.489093984406352, 35.813894357693449 ], [ 14.488835740321733, 35.813866968186765 ], [ 14.488388761094265, 35.813757407151812 ], [ 14.487901416069461, 35.813593066772867 ], [ 14.487477427425047, 35.813551981989221 ], [ 14.486959069861712, 35.81346981235815 ], [ 14.486721945169418, 35.813483506816929 ], [ 14.486462766836883, 35.813442421976546 ], [ 14.486239278570627, 35.813387641913572 ], [ 14.485927969205534, 35.813387641913572 ], [ 14.485722793096345, 35.813332861812761 ], [ 14.485466421100778, 35.813332861812761 ], [ 14.48517329723029, 35.81340533494776 ], [ 14.485037212346228, 35.813483506816929 ], [ 14.484824009789937, 35.813579372332981 ], [ 14.484604262108498, 35.813579372332981 ], [ 14.484419268448796, 35.813551981989221 ], [ 14.484129075781107, 35.813593066772867 ], [ 14.484041254682298, 35.81364784669416 ], [ 14.484014916078168, 35.813798491829168 ], [ 14.483896079745842, 35.81393544302842 ], [ 14.483644382583032, 35.814003917810965 ], [ 14.483357929601858, 35.814099784155701 ], [ 14.483272913043354, 35.814195648927694 ], [ 14.483259275719051, 35.814264124214311 ], [ 14.482819232383841, 35.814524331221861 ], [ 14.48271876120921, 35.814710553954143 ], [ 14.482385997380202, 35.814926031700502 ], [ 14.482368458672605, 35.814959560250664 ], [ 14.482045275376075, 35.814989965906541 ], [ 14.481819915919068, 35.81490779484978 ], [ 14.481671546573498, 35.814880404964214 ], [ 14.481009493598989, 35.814839318661328 ], [ 14.480339963048044, 35.814688673315644 ], [ 14.480112344328104, 35.81458375514422 ], [ 14.479873353834972, 35.814291515040885 ], [ 14.479691039849747, 35.814324960086182 ], [ 14.479634574445924, 35.814350155315211 ], [ 14.479036592910765, 35.814373685278554 ], [ 14.478456204880425, 35.814455856159647 ], [ 14.478034084731769, 35.8144421611401 ], [ 14.477867404127432, 35.814414769637025 ], [ 14.477568796940462, 35.814332600170339 ], [ 14.477391835117709, 35.814154563727364 ], [ 14.477050062084713, 35.813976528342124 ], [ 14.475493510767722, 35.813976528342124 ], [ 14.475199579311809, 35.813962833239906 ], [ 14.475079706323664, 35.814057300987052 ], [ 14.47506683975387, 35.814056040019167 ], [ 14.474462040005672, 35.814459961022777 ], [ 14.474240999648543, 35.814638969999166 ], [ 14.474167317134018, 35.814641207089778 ], [ 14.473523884438714, 35.814834480263706 ], [ 14.473286999596615, 35.815026961138557 ], [ 14.472975959726114, 35.815237019805927 ], [ 14.472687541231089, 35.815223153006606 ], [ 14.472550457420422, 35.815126917964534 ], [ 14.472422269626009, 35.815126917964534 ], [ 14.472314528385764, 35.815205219988471 ], [ 14.472039960115822, 35.815192018988405 ], [ 14.471970311935197, 35.815181058703814 ], [ 14.471850846782202, 35.815072136878271 ], [ 14.471722658987787, 35.815072136878271 ], [ 14.471507849345461, 35.815140937755594 ], [ 14.470223040198574, 35.81569997909596 ], [ 14.469709016108171, 35.816008365809651 ], [ 14.468930745390409, 35.816291013303115 ], [ 14.46873584600805, 35.816386881257031 ], [ 14.468578506086029, 35.816496443034325 ], [ 14.46842484027354, 35.816655960242038 ], [ 14.468461920033498, 35.816939999655894 ], [ 14.468352119854639, 35.817193979987522 ], [ 14.466828959815091, 35.817582960232137 ], [ 14.466351959789124, 35.818151040151783 ], [ 14.46611399966363, 35.818539030153659 ], [ 14.465783160025939, 35.819001989856453 ], [ 14.465426155158992, 35.81954074396743 ], [ 14.465466048442428, 35.819728582201648 ], [ 14.465449602984531, 35.819755973328242 ], [ 14.464979072625228, 35.819838146651378 ], [ 14.46476305474887, 35.819892930276389 ], [ 14.464325414407064, 35.819920321346281 ], [ 14.464078915794794, 35.819865308291412 ], [ 14.463416879888264, 35.819928990132816 ], [ 14.462830079683442, 35.820287009971388 ], [ 14.462085909013863, 35.820267426802644 ], [ 14.46157604502152, 35.820153147972512 ], [ 14.461212106957207, 35.820159834740714 ], [ 14.460857172707003, 35.82008466975249 ], [ 14.460415797170231, 35.820057278010836 ], [ 14.460154746748676, 35.819988799708128 ], [ 14.459951438236955, 35.819961407933448 ], [ 14.459603492879635, 35.819961407933448 ], [ 14.459349622692116, 35.820142680775454 ], [ 14.458682879613528, 35.821229040268726 ], [ 14.458629626585161, 35.821282661870988 ], [ 14.458688149130968, 35.821577512295228 ], [ 14.45882474335982, 35.821700773790063 ], [ 14.458869773210056, 35.821824038007016 ], [ 14.458838749891729, 35.821906212831344 ], [ 14.458711491853647, 35.821919908748519 ], [ 14.458598812574291, 35.82187882098988 ], [ 14.458606854292707, 35.821728165692917 ], [ 14.458417187596874, 35.821632294719826 ], [ 14.458269749804259, 35.821618598753069 ], [ 14.458081179053083, 35.821728939973319 ], [ 14.45780388170126, 35.82176925425793 ], [ 14.457417120140526, 35.821707029948243 ], [ 14.456811960167926, 35.822095020051918 ], [ 14.457024611158596, 35.822438417259356 ], [ 14.457352975937681, 35.822538353828243 ], [ 14.457638511738919, 35.822781059105793 ], [ 14.457924046641894, 35.823137977883285 ], [ 14.458181028593527, 35.823594834664874 ], [ 14.458495118244404, 35.823880370092738 ], [ 14.459080464975125, 35.824294396022452 ], [ 14.459608704006596, 35.824879744013032 ], [ 14.460051285082439, 35.82545081406542 ], [ 14.460550972060933, 35.825993332235555 ], [ 14.461150595716457, 35.826550125950199 ], [ 14.461521792168249, 35.827192579696515 ], [ 14.461721667318967, 35.827692266313534 ], [ 14.461678835646225, 35.82842038070995 ], [ 14.462164246598215, 35.828563149340418 ], [ 14.46266393267838, 35.828905790966282 ], [ 14.46304940605501, 35.829319818356801 ], [ 14.463206450431283, 35.829919442161192 ], [ 14.463334940957949, 35.830676111354919 ], [ 14.463606199834384, 35.831104413040819 ], [ 14.463920288586966, 35.831332842137613 ], [ 14.464177271436929, 35.831661207311441 ], [ 14.463791798060299, 35.831946742850661 ], [ 14.463748968184186, 35.832075234163561 ], [ 14.463877457812524, 35.832175170979184 ], [ 14.464048780011964, 35.832246554862088 ], [ 14.464505636215982, 35.832289385161019 ], [ 14.464878119953616, 35.832149009860629 ], [ 14.466361615780093, 35.831489886077428 ], [ 14.466750839623035, 35.831680020040494 ], [ 14.468220460969976, 35.832794676651154 ], [ 14.467218222285577, 35.833816999332399 ], [ 14.466290232054373, 35.834702159202216 ], [ 14.465319411947025, 35.835344613223747 ], [ 14.465119536796307, 35.835587317936188 ], [ 14.465219474371667, 35.835758639062419 ], [ 14.46551928709774, 35.83597279104238 ], [ 14.466218848328621, 35.836272603134518 ], [ 14.466475830280288, 35.836586692268902 ], [ 14.46748359270534, 35.836725775078001 ], [ 14.468864040090674, 35.836939979794522 ], [ 14.469166156995437, 35.837431981008834 ], [ 14.469488227279328, 35.838167844091927 ], [ 14.469673824606911, 35.838496208652238 ], [ 14.469887977580763, 35.838774606192516 ], [ 14.46992038430462, 35.83892856589744 ], [ 14.469784753968087, 35.839099887090732 ], [ 14.469206545250605, 35.839299761105821 ], [ 14.469007917859825, 35.839407954954375 ], [ 14.469192268325802, 35.839449667196959 ], [ 14.4695634638793, 35.839442529095514 ], [ 14.469906107379817, 35.839471082225685 ], [ 14.470412933269843, 35.839663817952221 ], [ 14.470548560911451, 35.839820862879868 ], [ 14.470548560911451, 35.839956491148342 ], [ 14.470619944637168, 35.840084983325866 ], [ 14.47076271298697, 35.840142089841649 ], [ 14.47098400307576, 35.840142089841649 ], [ 14.47102683385017, 35.840120674994111 ], [ 14.470962588137688, 35.84002787604075 ], [ 14.470948311212885, 35.839956491148342 ], [ 14.471012556925366, 35.839920800134458 ], [ 14.471119631615665, 35.839920800134458 ], [ 14.471233846115824, 35.839942215036011 ], [ 14.471376611770669, 35.839942215036011 ], [ 14.471547934868406, 35.839906523287468 ], [ 14.471733532195989, 35.839849417330349 ], [ 14.471869161634222, 35.839849417330349 ], [ 14.472019067997261, 35.839870830794688 ], [ 14.472190388400042, 35.839913661347168 ], [ 14.472418817400365, 35.840013599941265 ], [ 14.472718629228142, 35.840177780755951 ], [ 14.472918504378859, 35.840313412055238 ], [ 14.47317548633049, 35.840349104348874 ], [ 14.473639481446108, 35.840377657152743 ], [ 14.474074921813758, 35.840491869721788 ], [ 14.474745930093329, 35.840677469347149 ], [ 14.475802410851232, 35.84107721911893 ], [ 14.47614505255509, 35.840963003751597 ], [ 14.476844614684302, 35.840641777201263 ], [ 14.476994521047338, 35.840584670316986 ], [ 14.477074920265261, 35.840477968738902 ], [ 14.477364503875187, 35.840439681127371 ], [ 14.478508779680748, 35.84022692118581 ], [ 14.479017966343347, 35.839926106707807 ] ] ] } },
{ "type": "Feature", "properties": { "LocalityId": 2, "LAU_Name": "L-Imdina", "LAU_Latin": "Citta' Notabile", "Region": "Punent (Western)", "Area_Km2": 0.890989, "Population": 193.0, "NUTS3": "MT001", "LAU": "MT01402", "GREAT_CID": null, "GREAT_CIN": null, "FUA_ID": "MT001L", "FUA_Name": "Malta", "Shape__Are": 1360289.06543, "Shape__Len": 5637.8769296600003 }, "geometry": { "type": "Polygon", "coordinates": [ [ [ 14.408677080446369, 35.890893000198623 ], [ 14.40883374483527, 35.890867108801302 ], [ 14.40926377375167, 35.890629607943993 ], [ 14.409692077004413, 35.89020130464862 ], [ 14.40989195305346, 35.889858662964187 ], [ 14.410053754907462, 35.889411322856667 ], [ 14.410120380257155, 35.888916396144943 ], [ 14.410101344057962, 35.888649896256879 ], [ 14.410117207407573, 35.88798919996524 ], [ 14.410486025120518, 35.887239669975976 ], [ 14.411140374143152, 35.88612132310287 ], [ 14.411616268342989, 35.88551456016986 ], [ 14.411996979750304, 35.885062463300187 ], [ 14.41241338661372, 35.884705543700193 ], [ 14.412758408853119, 35.884515186795824 ], [ 14.414209879739738, 35.88430103491347 ], [ 14.414899924218501, 35.884170165287095 ], [ 14.415209253696693, 35.883860835359471 ], [ 14.41521718492233, 35.883784692131627 ], [ 14.415060141444355, 35.883646683891229 ], [ 14.414459779373686, 35.88351742313089 ], [ 14.413435525676618, 35.883383215857542 ], [ 14.412728268578704, 35.883265970357421 ], [ 14.409804963794597, 35.883045986645811 ], [ 14.40815491222958, 35.882978064921929 ], [ 14.407283706304101, 35.883076783252228 ], [ 14.406220737913259, 35.883345801249909 ], [ 14.40540127135487, 35.883512240293967 ], [ 14.405061730635362, 35.883516524267904 ], [ 14.404669120143792, 35.883391601862748 ], [ 14.403586465173493, 35.882951402348716 ], [ 14.403277134796969, 35.882701557742131 ], [ 14.403033240400719, 35.882558791225144 ], [ 14.40268821816132, 35.882463611705887 ], [ 14.402676320873695, 35.882552841917168 ], [ 14.402872627017809, 35.882743199171152 ], [ 14.403229545646502, 35.883213141773929 ], [ 14.403330672591284, 35.883468934734118 ], [ 14.402625962217208, 35.883668833728521 ], [ 14.401982772965349, 35.883940220954095 ], [ 14.401881313643909, 35.883970081236107 ], [ 14.401754140047421, 35.884074714772176 ], [ 14.401618650746398, 35.884407631660117 ], [ 14.401523472445396, 35.884597988823003 ], [ 14.401176070568853, 35.88475027364165 ], [ 14.400624036063798, 35.884854970922106 ], [ 14.400342053997811, 35.884948341140287 ], [ 14.399895920085015, 35.885150023900209 ], [ 14.399410510929654, 35.885464113741044 ], [ 14.399429547128847, 35.885540255354222 ], [ 14.399700805106985, 35.885583085980223 ], [ 14.400038689333112, 35.885611639232771 ], [ 14.399491413204151, 35.88596379929227 ], [ 14.399053591402666, 35.886287406970474 ], [ 14.399034555203473, 35.886434933111879 ], [ 14.399201118128488, 35.886658601699736 ], [ 14.399391474730461, 35.886848960002155 ], [ 14.399362920880858, 35.887034557359875 ], [ 14.399286777880716, 35.887177325269818 ], [ 14.399213961342127, 35.88724092978061 ], [ 14.398578345786431, 35.887703906256938 ], [ 14.398438591284426, 35.887781718894551 ], [ 14.397793758115579, 35.888243336353412 ], [ 14.397317864814038, 35.888557424114346 ], [ 14.397650989765811, 35.88873826436091 ], [ 14.398440970921602, 35.889261744850245 ], [ 14.399335647130513, 35.889718599905265 ], [ 14.400068522383686, 35.890118351283348 ], [ 14.400630075437485, 35.890365815272148 ], [ 14.401524751646363, 35.890670385721442 ], [ 14.403217483068843, 35.891121372042917 ], [ 14.404811039585637, 35.891753039967895 ], [ 14.404990261569653, 35.891857409964203 ], [ 14.405212780553738, 35.891561307818122 ], [ 14.405342421822287, 35.89119116074837 ], [ 14.405504224574653, 35.890943697155855 ], [ 14.405685064424473, 35.890819964705642 ], [ 14.405961081677001, 35.890686715893835 ], [ 14.406808169633742, 35.890591536682265 ], [ 14.407081942894653, 35.890621540008119 ], [ 14.407364740630939, 35.890685785818576 ], [ 14.408216810644248, 35.890972250658734 ], [ 14.408677080446369, 35.890893000198623 ] ] ] } },
{ "type": "Feature", "properties": { "LocalityId": 7, "LAU_Name": "Ħaż-Żebbuġ", "LAU_Latin": "Citta' Rohan", "Region": "Punent (Western)", "Area_Km2": 8.645128, "Population": 13785.0, "NUTS3": "MT001", "LAU": "MT01407", "GREAT_CID": null, "GREAT_CIN": null, "FUA_ID": "MT001L", "FUA_Name": "Malta", "Shape__Are": 13194268.468800001, "Shape__Len": 19440.3372767 }, "geometry": { "type": "Polygon", "coordinates": [ [ [ 14.454711903849518, 35.884735293066072 ], [ 14.454513865753565, 35.884431742020666 ], [ 14.454053570798624, 35.883991821948214 ], [ 14.453198359376767, 35.883647394246559 ], [ 14.452679090023411, 35.883241759929753 ], [ 14.451941880398977, 35.882414009805146 ], [ 14.451597966680662, 35.882093012336682 ], [ 14.450869851600174, 35.881536217696549 ], [ 14.450812744799261, 35.881293513149849 ], [ 14.451012619949976, 35.880965148232839 ], [ 14.451412369353079, 35.880593952292742 ], [ 14.451555136804551, 35.880336970196943 ], [ 14.451483753078831, 35.880065711100869 ], [ 14.451669351304711, 35.879994328046507 ], [ 14.452211868159317, 35.879580300986269 ], [ 14.452211868159317, 35.879223382155878 ], [ 14.452811491814842, 35.879237659201976 ], [ 14.452925706315002, 35.879080615192386 ], [ 14.452768661938729, 35.87870941915525 ], [ 14.45249740306226, 35.878381052987905 ], [ 14.452297528809874, 35.878238285234161 ], [ 14.452169038283207, 35.877924195852486 ], [ 14.452840045664448, 35.877110420832963 ], [ 14.453539606895328, 35.876981929697635 ], [ 14.453568160744966, 35.876796331346611 ], [ 14.453967910148069, 35.876653563648304 ], [ 14.454638918427641, 35.876472724194393 ], [ 14.454829275029613, 35.876111046959814 ], [ 14.455568160012035, 35.876179979062798 ], [ 14.45575670830535, 35.876116145117599 ], [ 14.456295022841033, 35.875692260998676 ], [ 14.456466344142145, 35.875064084093204 ], [ 14.456599593943169, 35.874778548746875 ], [ 14.457513308147899, 35.874968907214601 ], [ 14.458921949158404, 35.874949871097215 ], [ 14.460149749420758, 35.874854691897703 ], [ 14.459964152093141, 35.874212236952907 ], [ 14.459721447066311, 35.873241416987661 ], [ 14.460777927824218, 35.873141480236811 ], [ 14.462276987861305, 35.872870221250437 ], [ 14.463019379866626, 35.872556131695355 ], [ 14.463347744645679, 35.872270596773291 ], [ 14.463304914769569, 35.871899400855348 ], [ 14.463219255017341, 35.871499652148188 ], [ 14.463090763592344, 35.871057071701827 ], [ 14.463076486667545, 35.870486000943409 ], [ 14.463804601748063, 35.870585938859818 ], [ 14.463975923049139, 35.870400340811756 ], [ 14.464118691398941, 35.870200465840583 ], [ 14.464218628075967, 35.869943484241901 ], [ 14.464132968323744, 35.869101154678411 ], [ 14.464033029850087, 35.868515808318854 ], [ 14.463604726597346, 35.867844799836945 ], [ 14.463576173646036, 35.867359389822639 ], [ 14.463347744645679, 35.866245802084599 ], [ 14.463718941097506, 35.866031650314525 ], [ 14.464646931328712, 35.86561762381087 ], [ 14.465275108833874, 35.865360641909916 ], [ 14.465917563263805, 35.865274982061699 ], [ 14.465988946989556, 35.865046553891311 ], [ 14.466231652016386, 35.86491806284706 ], [ 14.466431527167101, 35.864860955973022 ], [ 14.466531463844129, 35.864775294856777 ], [ 14.466617125393016, 35.8646753568921 ], [ 14.466645678344291, 35.86456114275304 ], [ 14.466417250242298, 35.864475482768761 ], [ 14.466088884564913, 35.864418374847808 ], [ 14.46568913516178, 35.864261331310935 ], [ 14.465332215634788, 35.864261331310935 ], [ 14.464832528656295, 35.864404098043096 ], [ 14.464952718749748, 35.864149363190165 ], [ 14.465275108833874, 35.86386158119987 ], [ 14.465760518887532, 35.863690261082468 ], [ 14.466047432704451, 35.863687059310003 ], [ 14.465845353986321, 35.863512366681995 ], [ 14.465381358870701, 35.863369599799562 ], [ 14.465095823069463, 35.863440984728918 ], [ 14.464631827953845, 35.86382169671451 ], [ 14.464001119894558, 35.864492038925754 ], [ 14.463620557607593, 35.864809174349979 ], [ 14.463156563390307, 35.864916250139075 ], [ 14.462859130301407, 35.864761585225779 ], [ 14.462299956884822, 35.863988259771631 ], [ 14.462062011132348, 35.863940670882478 ], [ 14.461657501556559, 35.863988259771631 ], [ 14.461050739887769, 35.864273794690604 ], [ 14.45989670029342, 35.864916250139075 ], [ 14.459289937726329, 35.865154195738235 ], [ 14.458952879950264, 35.865118979796726 ], [ 14.457913424961982, 35.866004005081336 ], [ 14.457790878587542, 35.866213055947497 ], [ 14.457469650923393, 35.866569975153794 ], [ 14.457338779861251, 35.866843612899821 ], [ 14.457077040431859, 35.867081559263994 ], [ 14.456831801257582, 35.867177903096639 ], [ 14.456645698178502, 35.867410111307699 ], [ 14.456779607342959, 35.867640733319341 ], [ 14.456696327227913, 35.867747808922502 ], [ 14.456386080569819, 35.867832475332868 ], [ 14.456077665576572, 35.867771603319582 ], [ 14.455616040216695, 35.86787496028542 ], [ 14.455416963668265, 35.867963738118739 ], [ 14.453638718918954, 35.868461647190244 ], [ 14.453150929228084, 35.86844975009619 ], [ 14.452922201987091, 35.868579030348307 ], [ 14.452642699271259, 35.868579030348307 ], [ 14.451204848640966, 35.86774844807946 ], [ 14.450653246225615, 35.867341659316409 ], [ 14.450410541198755, 35.867177475775634 ], [ 14.450232081884442, 35.866884801855321 ], [ 14.449996514870849, 35.866427946128432 ], [ 14.44988944018055, 35.8663351466572 ], [ 14.449689565029836, 35.866427946128432 ], [ 14.449662122396205, 35.866559849679312 ], [ 14.449546796680034, 35.866820557121493 ], [ 14.449475412954314, 35.866949047993046 ], [ 14.449311229666472, 35.867034708215712 ], [ 14.448428634001498, 35.867303610347086 ], [ 14.447843785835767, 35.867543415296119 ], [ 14.447532875322681, 35.867582700972527 ], [ 14.447412420226216, 35.867577225176753 ], [ 14.446877042283212, 35.867505841061039 ], [ 14.446270279716122, 35.867313105301726 ], [ 14.445834837551814, 35.867348797090457 ], [ 14.445435089945336, 35.866699203874184 ], [ 14.444956817006586, 35.865449986752417 ], [ 14.444692697041718, 35.864914607781934 ], [ 14.44437146937757, 35.86440778172252 ], [ 14.444064518638259, 35.863993756927485 ], [ 14.443900336248715, 35.863908094873928 ], [ 14.443579108584567, 35.863779606352061 ], [ 14.442879547353721, 35.863444102790304 ], [ 14.442061519896416, 35.862921994333277 ], [ 14.441814902706527, 35.862733212197227 ], [ 14.440973599001898, 35.862287683816312 ], [ 14.440481050935004, 35.862102086717634 ], [ 14.440224068983337, 35.861980732797463 ], [ 14.440152685257619, 35.861787998161795 ], [ 14.440013159826009, 35.861559924682354 ], [ 14.439253248876021, 35.861423938769434 ], [ 14.438475165007857, 35.861302586723099 ], [ 14.43809683144109, 35.861209787802764 ], [ 14.437490067975702, 35.86098135883632 ], [ 14.437118872422207, 35.860874284283497 ], [ 14.436719122120774, 35.860645855078225 ], [ 14.436183743279438, 35.860545917730946 ], [ 14.435576981610646, 35.860560195230569 ], [ 14.434841727618592, 35.860545917730946 ], [ 14.434186947404621, 35.860466006348304 ], [ 14.433870909307903, 35.860474533834264 ], [ 14.433064270691801, 35.860588748038019 ], [ 14.432678798213468, 35.86076720813 ], [ 14.4324146782486, 35.861059882073071 ], [ 14.431750807982263, 35.861752305324764 ], [ 14.43125112100377, 35.862380482930682 ], [ 14.431029831813312, 35.8625232501388 ], [ 14.430166087294589, 35.862173469148523 ], [ 14.42947366407698, 35.862066394750016 ], [ 14.42908819070035, 35.862059255772159 ], [ 14.428843896553788, 35.862155352359174 ], [ 14.428467152106787, 35.862373344709148 ], [ 14.428217309066691, 35.86248755836089 ], [ 14.427974604039861, 35.862516111930113 ], [ 14.427253626972611, 35.862551803695162 ], [ 14.426519185057566, 35.862783427032753 ], [ 14.426025824913628, 35.862908724101892 ], [ 14.425754566935488, 35.863087181882463 ], [ 14.425426201258107, 35.863401271842072 ], [ 14.42503358986824, 35.863551176055594 ], [ 14.424733778040494, 35.863601145034472 ], [ 14.424062768862594, 35.863665390922144 ], [ 14.423577358808936, 35.863808157999784 ], [ 14.423227578193476, 35.86402944875514 ], [ 14.422992011179918, 35.864236462057768 ], [ 14.42276358397619, 35.864579103928875 ], [ 14.422649196999487, 35.86503897765742 ], [ 14.422492325099753, 35.865228696323449 ], [ 14.422135405572732, 35.865407156888196 ], [ 14.421714243028184, 35.865649862058028 ], [ 14.421521504992407, 35.865706969091612 ], [ 14.421307335848908, 35.865735488013598 ], [ 14.420681999714999, 35.86605803903641 ], [ 14.420336351349857, 35.866437593336101 ], [ 14.419851123654208, 35.86641366895774 ], [ 14.419565587852937, 35.866356561705409 ], [ 14.419265776025195, 35.866406531099457 ], [ 14.418823196745944, 35.866577851896977 ], [ 14.418679273162711, 35.866767309902798 ], [ 14.418344924705522, 35.866934770916288 ], [ 14.417980867165298, 35.867034708215712 ], [ 14.417923760364349, 35.867013293350695 ], [ 14.417773854001311, 35.866756310879609 ], [ 14.417595394686964, 35.866663511792879 ], [ 14.417138537584613, 35.86659926687966 ], [ 14.416986763624113, 35.866654575120428 ], [ 14.416799692161124, 35.866895838715529 ], [ 14.416285728257828, 35.867438355899274 ], [ 14.416028746306196, 35.867880936174622 ], [ 14.415736073389986, 35.86830210091744 ], [ 14.415400568801068, 35.868673296944522 ], [ 14.414822360083583, 35.869244366935973 ], [ 14.414336950029927, 35.869786884056353 ], [ 14.414201319693396, 35.87031512536231 ], [ 14.414078880218476, 35.871080040350805 ], [ 14.414068403167329, 35.871385730283627 ], [ 14.413958614666567, 35.87205689003541 ], [ 14.413927170038367, 35.873675606206703 ], [ 14.413908646777182, 35.873762963932244 ], [ 14.413858677989504, 35.873934284839244 ], [ 14.413530312312119, 35.874690954843992 ], [ 14.41288785788219, 35.876511239704769 ], [ 14.412530938355166, 35.877367847213549 ], [ 14.412231125629091, 35.877874671175313 ], [ 14.411931313801345, 35.878331529324299 ], [ 14.412038390288272, 35.878488573363235 ], [ 14.411909898863273, 35.878945430155206 ], [ 14.412002696628768, 35.87942370092393 ], [ 14.412195434664545, 35.879880558145409 ], [ 14.412431000779806, 35.880251753789395 ], [ 14.412795058320068, 35.880601535045692 ], [ 14.413044902258463, 35.880872793034627 ], [ 14.413194807723203, 35.881201159062371 ], [ 14.413251915422416, 35.881793644978828 ], [ 14.413423236723524, 35.882543174836663 ], [ 14.413451789674834, 35.882921508930281 ], [ 14.413435525676618, 35.883383215857542 ], [ 14.414459779373686, 35.88351742313089 ], [ 14.415060141444355, 35.883646683891229 ], [ 14.41521718492233, 35.883784692131627 ], [ 14.415657910977137, 35.883376920166505 ], [ 14.416491331066805, 35.883170822984646 ], [ 14.421070671992359, 35.882676063246208 ], [ 14.422218119749173, 35.882648009683898 ], [ 14.426539919970935, 35.881221960158307 ], [ 14.427140087107201, 35.881050312923541 ], [ 14.427611220236054, 35.881407232255917 ], [ 14.428282227617331, 35.881521446131742 ], [ 14.429709904827028, 35.881478616220576 ], [ 14.430595064283789, 35.881707044329382 ], [ 14.431251795638557, 35.881964026347163 ], [ 14.431523053616694, 35.882249561267983 ], [ 14.431737205692215, 35.882592203124283 ], [ 14.431979910719077, 35.882677863902614 ], [ 14.432579535272897, 35.882663586748755 ], [ 14.43290790005195, 35.882563650238744 ], [ 14.433236265729334, 35.882563650238744 ], [ 14.433593186154654, 35.882606480291017 ], [ 14.433864445031123, 35.882706418202666 ], [ 14.434435514837007, 35.883034783179042 ], [ 14.435251857953151, 35.883533687818606 ], [ 14.435520549444517, 35.884176923807431 ], [ 14.435806084347456, 35.88450528996519 ], [ 14.436005958599878, 35.885019253931162 ], [ 14.436320047352424, 35.885304788754347 ], [ 14.436853919719065, 35.88549102001123 ], [ 14.437462188760852, 35.885490386819896 ], [ 14.438718543771142, 35.885361896177699 ], [ 14.441102764163352, 35.885847305793909 ], [ 14.442216351722172, 35.886032904043574 ], [ 14.44296174679546, 35.885759468671608 ], [ 14.445143089867285, 35.885533216744996 ], [ 14.44721050769645, 35.885837551051345 ], [ 14.447979405392532, 35.886054794844156 ], [ 14.448909345866236, 35.886180304021963 ], [ 14.449741065445064, 35.886032738832739 ], [ 14.450910901913703, 35.885845403317163 ], [ 14.4527573638274, 35.885426617146564 ], [ 14.453804918026281, 35.884972026294605 ], [ 14.454711903849518, 35.884735293066072 ] ] ] } },
{ "type": "Feature", "properties": { "LocalityId": 9, "LAU_Name": "Is-Siggiewi", "LAU_Latin": "Citta' Ferdinand", "Region": "Punent (Western)", "Area_Km2": 19.949916, "Population": 9318.0, "NUTS3": "MT001", "LAU": "MT01409", "GREAT_CID": null, "GREAT_CIN": null, "FUA_ID": "MT001L", "FUA_Name": "Malta", "Shape__Are": 30429328.527800001, "Shape__Len": 30268.291987699999 }, "geometry": { "type": "Polygon", "coordinates": [ [ [ 14.466047432704451, 35.863687059310003 ], [ 14.466431384334964, 35.863682774263772 ], [ 14.467373793424811, 35.862976422060591 ], [ 14.467873480403272, 35.862762270920328 ], [ 14.468430274182682, 35.862633781268933 ], [ 14.468830023585818, 35.862633781268933 ], [ 14.469280620328959, 35.862889676350925 ], [ 14.469772289843528, 35.86343328021205 ], [ 14.47008291109908, 35.86317058289243 ], [ 14.47051121435182, 35.862932637162032 ], [ 14.470939517604565, 35.862873149707795 ], [ 14.471387017854912, 35.862916904062622 ], [ 14.471665252149576, 35.862777971289809 ], [ 14.471612360243942, 35.862612783096125 ], [ 14.471058489582488, 35.86239725720278 ], [ 14.47096331307811, 35.862266387063805 ], [ 14.471010902228613, 35.862195003260524 ], [ 14.470987107653363, 35.862028440802945 ], [ 14.470868133878811, 35.861778597916334 ], [ 14.470927621215267, 35.861623931976162 ], [ 14.471617662999076, 35.861528754970173 ], [ 14.472153041840413, 35.861623931976162 ], [ 14.472416055080888, 35.861528112850948 ], [ 14.472057864437739, 35.860910094001042 ], [ 14.471903197902016, 35.860731634958817 ], [ 14.471665252149576, 35.86054127796158 ], [ 14.471439202786398, 35.860398510095678 ], [ 14.471177463357039, 35.860124871938005 ], [ 14.471058489582488, 35.859910721101834 ], [ 14.470880031166436, 35.859637081988325 ], [ 14.470737263714968, 35.859470519979951 ], [ 14.47066587998925, 35.859149292677145 ], [ 14.470653981803293, 35.858911347251656 ], [ 14.470594496263498, 35.858459249266716 ], [ 14.470320856851551, 35.858078536278121 ], [ 14.469952040935235, 35.857685924207352 ], [ 14.469511841293198, 35.85730521114516 ], [ 14.469273894642425, 35.85699588116389 ], [ 14.46885748867731, 35.856769831764183 ], [ 14.468476774575034, 35.856519989048458 ], [ 14.467798629180557, 35.85612737799589 ], [ 14.467287044914439, 35.855758560818352 ], [ 14.466918228099823, 35.85543733376381 ], [ 14.465716600253268, 35.854747290078464 ], [ 14.464657739858222, 35.854164321963786 ], [ 14.464407896818122, 35.853807402956882 ], [ 14.464489215910904, 35.853082238836478 ], [ 14.464558084353849, 35.852780943053801 ], [ 14.464539048154661, 35.852495408237239 ], [ 14.464414692573264, 35.852288327137842 ], [ 14.462578371740834, 35.851162909752411 ], [ 14.461381705289584, 35.850453775213971 ], [ 14.461403114837777, 35.850719416256901 ], [ 14.461356314408091, 35.850844219795079 ], [ 14.461153508054613, 35.850859819859458 ], [ 14.460732296102725, 35.850813018928953 ], [ 14.460513889606016, 35.850883221042487 ], [ 14.460287683935977, 35.85100022394154 ], [ 14.460256482751225, 35.851109427025534 ], [ 14.460014676039695, 35.851171829240343 ], [ 14.459960073741753, 35.850976822793044 ], [ 14.459429659889006, 35.851156227781075 ], [ 14.459421858919079, 35.851327832742335 ], [ 14.458883644096373, 35.85146043711589 ], [ 14.45843123095973, 35.850399606839815 ], [ 14.458142622920185, 35.850095397803962 ], [ 14.457924217321779, 35.850001795741079 ], [ 14.456392041790059, 35.849133368866724 ], [ 14.457261197760026, 35.848114143058034 ], [ 14.45635637328337, 35.847724132120504 ], [ 14.456114565673511, 35.847474525220704 ], [ 14.455818157562367, 35.8473029199303 ], [ 14.455061536242955, 35.847037712347806 ], [ 14.454897732044154, 35.846382494352632 ], [ 14.454649866196002, 35.846038104866892 ], [ 14.45458338278015, 35.845851952724836 ], [ 14.454431096779935, 35.845509310735942 ], [ 14.45441206237737, 35.84516666799491 ], [ 14.454526275979234, 35.845033418125766 ], [ 14.45477374028042, 35.844995346797432 ], [ 14.454926025382338, 35.844900168760873 ], [ 14.454906990081474, 35.844652704748661 ], [ 14.454916587681966, 35.844556720931429 ], [ 14.454440457225189, 35.844182867687486 ], [ 14.454192992923971, 35.843935404349963 ], [ 14.453983600122843, 35.843821190185473 ], [ 14.453793244419167, 35.843754565240879 ], [ 14.453564815418845, 35.843716494026943 ], [ 14.453231691365399, 35.843821190185473 ], [ 14.452927120263269, 35.844002029142644 ], [ 14.452651102112442, 35.844049618350027 ], [ 14.452451227860024, 35.844021064683389 ], [ 14.452051477558591, 35.843925886205795 ], [ 14.451946781607175, 35.843821190185473 ], [ 14.45192774630631, 35.84360227881902 ], [ 14.451756425005202, 35.843554690071429 ], [ 14.451394747102153, 35.843478546705143 ], [ 14.451194871951435, 35.843383369032928 ], [ 14.451080658349571, 35.843307226230372 ], [ 14.450956926198963, 35.84314542289632 ], [ 14.450699944247331, 35.842926513305734 ], [ 14.450538140596668, 35.842745674080966 ], [ 14.450500069096615, 35.842355442312915 ], [ 14.449424315882649, 35.842641280890263 ], [ 14.449114984607796, 35.841975032122704 ], [ 14.449019808103454, 35.841261192732816 ], [ 14.448591503952413, 35.84049976507702 ], [ 14.448329762726392, 35.839952488826931 ], [ 14.4479728440977, 35.839714544049848 ], [ 14.446973471039074, 35.839547980970409 ], [ 14.446069276281419, 35.8394290073362 ], [ 14.445951493672917, 35.839622933816827 ], [ 14.44573734069907, 35.839837086289052 ], [ 14.44563740402204, 35.840008406976672 ], [ 14.445551744269816, 35.84009406790998 ], [ 14.444952118817666, 35.840265388770824 ], [ 14.444623754038579, 35.840336772657075 ], [ 14.444124067060118, 35.840579478117995 ], [ 14.443624380081657, 35.840793628736051 ], [ 14.44325318362983, 35.840822182836312 ], [ 14.442696389850418, 35.84073652123287 ], [ 14.44315324695277, 35.840508092993737 ], [ 14.443324568253878, 35.840365326193563 ], [ 14.443510165581461, 35.839951298908233 ], [ 14.443531581417833, 35.839488733034614 ], [ 14.443467335705352, 35.839246029334028 ], [ 14.443453058780548, 35.839117537254005 ], [ 14.443460196793783, 35.839053291864182 ], [ 14.443495888656658, 35.838996185292793 ], [ 14.443581550205511, 35.838946216827075 ], [ 14.443760008621561, 35.838910525358656 ], [ 14.443809978307536, 35.838860554654261 ], [ 14.44383139324561, 35.838753479356996 ], [ 14.44378142535623, 35.838624988663916 ], [ 14.443795701382736, 35.838375146307918 ], [ 14.443760008621561, 35.838268068899026 ], [ 14.443595827130348, 35.837939704122604 ], [ 14.443445920767312, 35.83783262903895 ], [ 14.44315324695277, 35.837718414097672 ], [ 14.44305330937741, 35.837775520860632 ], [ 14.442553623297281, 35.837611338715334 ], [ 14.442125320044537, 35.837325803898629 ], [ 14.441946859831861, 35.837168757672792 ], [ 14.441482864716274, 35.836818977705157 ], [ 14.441382928039216, 35.836719040184235 ], [ 14.44108311621147, 35.836611964909544 ], [ 14.44101173158742, 35.836533442221366 ], [ 14.440997454662584, 35.836462059282184 ], [ 14.44111166916278, 35.836397813198403 ], [ 14.441161637950458, 35.836312151915095 ], [ 14.441325821238298, 35.835890988359097 ], [ 14.441404342977286, 35.835726805226813 ], [ 14.441490003627811, 35.835598314001189 ], [ 14.441661324928919, 35.835070073669733 ], [ 14.441746984681142, 35.834905891023439 ], [ 14.442032521380746, 35.834670324214471 ], [ 14.442218118708329, 35.834656047879143 ], [ 14.442553623297281, 35.834677462745312 ], [ 14.442753496651337, 35.834727430986646 ], [ 14.442881988076333, 35.83479167696661 ], [ 14.443178825582187, 35.834503762196711 ], [ 14.443703210841083, 35.834089774234499 ], [ 14.443851340336492, 35.833861556264608 ], [ 14.443183507601459, 35.833397557305112 ], [ 14.442319001311366, 35.833069266319193 ], [ 14.44169554804631, 35.833104888315049 ], [ 14.441524226745198, 35.832348218975923 ], [ 14.441252968767058, 35.831734317727445 ], [ 14.440339256358989, 35.832205452057124 ], [ 14.438305079788586, 35.832788009882982 ], [ 14.437184090111851, 35.832833629239516 ], [ 14.435984841902474, 35.832619478254294 ], [ 14.435599367627546, 35.832433880169177 ], [ 14.435442325047902, 35.83204840734858 ], [ 14.435285279773298, 35.831791425156204 ], [ 14.435042573848136, 35.83152016668852 ], [ 14.4349283620429, 35.831291738859299 ], [ 14.434628550215157, 35.830849158979298 ], [ 14.433928988085981, 35.830363748957211 ], [ 14.433743389860066, 35.830192427835151 ], [ 14.433429301107484, 35.829778401355703 ], [ 14.433215149031966, 35.829564250136521 ], [ 14.433115212354902, 35.829378652188502 ], [ 14.432972444005136, 35.829193053078122 ], [ 14.432744016801408, 35.829093116876685 ], [ 14.432572694601999, 35.828978901735937 ], [ 14.432472757924971, 35.828807581265764 ], [ 14.432344267398305, 35.828664813075044 ], [ 14.432058730698735, 35.828507768642616 ], [ 14.431758918870957, 35.828293617636135 ], [ 14.431259231892495, 35.827808207277108 ], [ 14.431102188414519, 35.82762261032051 ], [ 14.430987973914359, 35.827422735293176 ], [ 14.430759120010876, 35.826369030162525 ], [ 14.430650350199654, 35.826174479136682 ], [ 14.430416762174636, 35.825985946011926 ], [ 14.430295408762905, 35.826035915356357 ], [ 14.430231575377125, 35.826117892807147 ], [ 14.430171959581616, 35.826293970837881 ], [ 14.430006338989321, 35.82639561999904 ], [ 14.42992885390615, 35.826341086315672 ], [ 14.429938371556595, 35.826269702218873 ], [ 14.42977894844144, 35.826212593729892 ], [ 14.429600488228797, 35.826248285811971 ], [ 14.42952196559148, 35.826372017850517 ], [ 14.429450581865758, 35.826426745981678 ], [ 14.4293982343392, 35.826426745981678 ], [ 14.429355403564758, 35.826405331073886 ], [ 14.429317332963036, 35.826369639062378 ], [ 14.429310194051467, 35.826314912348558 ], [ 14.429374439763949, 35.826138830722464 ], [ 14.429362541578028, 35.826067447900471 ], [ 14.429317332963036, 35.826046032895675 ], [ 14.429172184976055, 35.826048413150247 ], [ 14.429149568092134, 35.826058851162813 ], [ 14.429053329779121, 35.826050191785924 ], [ 14.42879603970532, 35.826100019789763 ], [ 14.42854650478739, 35.826250065899906 ], [ 14.428482259973205, 35.826350004224807 ], [ 14.428367891861141, 35.826646320196062 ], [ 14.42833150739717, 35.826833596085613 ], [ 14.428389461309413, 35.826892521346849 ], [ 14.428553643698956, 35.82690679835062 ], [ 14.428510812924515, 35.826963904155107 ], [ 14.428203863083533, 35.827156641131204 ], [ 14.428075371658535, 35.827270853067844 ], [ 14.427897119855018, 35.827370010055269 ], [ 14.427816256208096, 35.827288156259122 ], [ 14.427711314118277, 35.827149502652119 ], [ 14.427597099618113, 35.827149502652119 ], [ 14.427368672414419, 35.827199471264016 ], [ 14.427161659250466, 35.827270853067844 ], [ 14.426997839780283, 35.827235999037931 ], [ 14.427026029812231, 35.827070980796279 ], [ 14.426983199037789, 35.826913936123233 ], [ 14.426776185873836, 35.82682113701766 ], [ 14.426686080359243, 35.826802020873579 ], [ 14.426447821094751, 35.826678368895102 ], [ 14.426119455417366, 35.82671406076777 ], [ 14.425562660739658, 35.826806860726848 ], [ 14.425437960205178, 35.826906960771403 ], [ 14.425346159569662, 35.827130970717455 ], [ 14.4252360000647, 35.827280009039889 ], [ 14.425035119699162, 35.827489979203456 ], [ 14.424572085780904, 35.827489979203456 ], [ 14.424451354003368, 35.827454179885564 ], [ 14.424374159076061, 35.827264978998791 ], [ 14.424484765043713, 35.827135225691947 ], [ 14.424691778207698, 35.827106673220683 ], [ 14.424748885906949, 35.827049565333908 ], [ 14.424634669610125, 35.827006733663538 ], [ 14.424319079772728, 35.826966990147078 ], [ 14.424213507065577, 35.826942488663839 ], [ 14.424118972856659, 35.827075500162387 ], [ 14.42401685776507, 35.827092756782363 ], [ 14.423844570775046, 35.826997817284912 ], [ 14.423712512140041, 35.82697640107444 ], [ 14.423630421394453, 35.827054923752215 ], [ 14.423534051927398, 35.827040646775032 ], [ 14.423419838325534, 35.826997817284912 ], [ 14.42337343944282, 35.826915725664648 ], [ 14.42336878616962, 35.826825201910793 ], [ 14.423476946024779, 35.826805080651411 ], [ 14.423498360064523, 35.826751542169511 ], [ 14.423491221152956, 35.826665882125702 ], [ 14.423235547148362, 35.826621262885205 ], [ 14.422851000833138, 35.826638040351888 ], [ 14.422593095413388, 35.826592708772317 ], [ 14.422578817590257, 35.826685506688264 ], [ 14.422678754267285, 35.826899659849055 ], [ 14.422851496703171, 35.827008239149066 ], [ 14.422978446619116, 35.827066821959519 ], [ 14.423002242092663, 35.827140584832819 ], [ 14.422995104079426, 35.827190552721987 ], [ 14.42294037601739, 35.827269073731166 ], [ 14.422823783676646, 35.827295248111966 ], [ 14.422789133859503, 35.827289111842084 ], [ 14.42213603978335, 35.827518959071583 ], [ 14.421016079575919, 35.827743960012825 ], [ 14.420153880159472, 35.827743960012825 ], [ 14.419971105338504, 35.827839249675492 ], [ 14.419694910219549, 35.827642049648858 ], [ 14.419373682555436, 35.827613497359877 ], [ 14.41908100874093, 35.827634911941729 ], [ 14.418895411413311, 35.827599219026538 ], [ 14.418724090112235, 35.827606358193535 ], [ 14.418500945900703, 35.827693438936031 ], [ 14.418263879598921, 35.82816201021955 ], [ 14.418118941817699, 35.828175185027838 ], [ 14.417967422080437, 35.828134597958673 ], [ 14.417674748265899, 35.828134597958673 ], [ 14.417482012026747, 35.828098905996569 ], [ 14.417346381690217, 35.828113182783312 ], [ 14.417196476225509, 35.828156013856542 ], [ 14.416832418685249, 35.828148876195691 ], [ 14.416687080255418, 35.828252010234692 ], [ 14.416746758034694, 35.828313058256761 ], [ 14.416782449897571, 35.828434411263288 ], [ 14.416768172972768, 35.828684254333069 ], [ 14.416653959370903, 35.828662837849357 ], [ 14.416761034959498, 35.828919819977116 ], [ 14.416782449897571, 35.829041172784187 ], [ 14.416753896946261, 35.829141111236005 ], [ 14.416753896946261, 35.829219633228561 ], [ 14.416687080255418, 35.829422741845896 ], [ 14.41627562490584, 35.829605105952702 ], [ 14.416172999571167, 35.829730979839937 ], [ 14.41606147283032, 35.830061961924237 ], [ 14.415982951091333, 35.830104792673957 ], [ 14.415938956998612, 35.830079003041824 ], [ 14.415733933603001, 35.830099122742858 ], [ 14.415472193275276, 35.830158609294742 ], [ 14.415305898946521, 35.830172236783021 ], [ 14.415248421141373, 35.830251690724864 ], [ 14.415269939385711, 35.830420349738894 ], [ 14.415269939385711, 35.83057501463761 ], [ 14.415064891735572, 35.830710550194311 ], [ 14.415039552956344, 35.830824636845399 ], [ 14.41514062240898, 35.830925707025621 ], [ 14.415518955975713, 35.83100422870897 ], [ 14.415543577001028, 35.831074701806237 ], [ 14.415426946032738, 35.831211881749724 ], [ 14.415384962369625, 35.831306634129874 ], [ 14.415107114350546, 35.831473534236714 ], [ 14.414913019858687, 35.831538696869956 ], [ 14.414648042002725, 35.831545376852532 ], [ 14.414590966642805, 35.83165382234364 ], [ 14.414569550806437, 35.83176803581928 ], [ 14.414512444005521, 35.831860834966562 ], [ 14.414504375337625, 35.831949591952061 ], [ 14.414626177907001, 35.832023201714236 ], [ 14.414734559646043, 35.832026486334605 ], [ 14.414924917146312, 35.83208597289827 ], [ 14.415091480071363, 35.832204945891725 ], [ 14.41545471116156, 35.832331967816735 ], [ 14.415654586312277, 35.832496150691107 ], [ 14.415745830890625, 35.832680838266597 ], [ 14.415769626364172, 35.832966373049842 ], [ 14.415769626364172, 35.833180525283659 ], [ 14.41573207498867, 35.833458798733716 ], [ 14.415694002590287, 35.833553976661314 ], [ 14.415560752789265, 35.833630120086369 ], [ 14.414884987031931, 35.833639638009387 ], [ 14.414742218682161, 35.833687226878986 ], [ 14.414704147182109, 35.833782405260813 ], [ 14.414746457831964, 35.833846774357077 ], [ 14.414846914633578, 35.833906137205027 ], [ 14.415477299299377, 35.833931136866397 ], [ 14.415624905975278, 35.83395335376396 ], [ 14.415636895789371, 35.834001316052543 ], [ 14.415541718386697, 35.83404890470522 ], [ 14.415294254085479, 35.834077458320074 ], [ 14.414981062749899, 35.834164735150978 ], [ 14.414732701031715, 35.834286851181794 ], [ 14.414442254140811, 35.834333709202383 ], [ 14.414275843929367, 35.834248779793491 ], [ 14.414152112677055, 35.834248779793491 ], [ 14.414018862876032, 35.834277333336473 ], [ 14.413723290198089, 35.834239385022364 ], [ 14.413640008286414, 35.834215590756706 ], [ 14.413509138122571, 35.834215590756706 ], [ 14.413354473383475, 35.834179899344889 ], [ 14.412949964705982, 35.834191795755693 ], [ 14.412833571791261, 35.834168193012751 ], [ 14.412803309345941, 35.834180138948149 ], [ 14.412594960387171, 35.834167980355687 ], [ 14.412473341074101, 35.834200998267271 ], [ 14.412057667235951, 35.834227487890452 ], [ 14.411784028722304, 35.834298872111809 ], [ 14.411700747708963, 35.834382152651195 ], [ 14.41151039110699, 35.834453536733399 ], [ 14.411427110093612, 35.834501125843133 ], [ 14.411344008743322, 35.834608555722731 ], [ 14.411032948211554, 35.834778910360782 ], [ 14.410870316314202, 35.834791419886656 ], [ 14.410713271039633, 35.834819973962581 ], [ 14.410514950872658, 35.83487323171461 ], [ 14.410284681224315, 35.834867750018162 ], [ 14.40997087993264, 35.834962741274943 ], [ 14.409806696644765, 35.835034124834841 ], [ 14.40974958984385, 35.835048401830413 ], [ 14.40962109931718, 35.835048401830413 ], [ 14.409378394290352, 35.835141200782466 ], [ 14.408942952126043, 35.835184030975391 ], [ 14.408685971072707, 35.835191170188303 ], [ 14.408264805833234, 35.835376766921605 ], [ 14.408114900368494, 35.835426736179073 ], [ 14.407773168658032, 35.835588405235093 ], [ 14.407079833650368, 35.835797931750839 ], [ 14.40690137523435, 35.835812209337249 ], [ 14.406636940859098, 35.835771695359171 ], [ 14.40613042937942, 35.835883592861073 ], [ 14.405902001277395, 35.835855039167946 ], [ 14.405601584883438, 35.83590408978629 ], [ 14.405480836936219, 35.835983529977852 ], [ 14.405234465884702, 35.836037773741623 ], [ 14.40515970988338, 35.836039108642836 ], [ 14.405002564895797, 35.836090606100647 ], [ 14.404128376563587, 35.836051282242053 ], [ 14.403903254261815, 35.836104882906113 ], [ 14.403698965688093, 35.836099597196657 ], [ 14.403576441771545, 35.83613672605739 ], [ 14.403432636765928, 35.83620000012705 ], [ 14.402575907191238, 35.83620000012705 ], [ 14.40246130102561, 35.836140574180313 ], [ 14.40224556701687, 35.836148089088923 ], [ 14.402118658423422, 35.836183405290235 ], [ 14.402032997772871, 35.836226234920538 ], [ 14.401947337122314, 35.836361864236835 ], [ 14.401776015821238, 35.836511770053512 ], [ 14.401661802219373, 35.836640261256292 ], [ 14.401584458171747, 35.836667883957503 ], [ 14.401440274975382, 35.836826727047033 ], [ 14.401397682254503, 35.836982903689147 ], [ 14.401304882692383, 35.837104255817032 ], [ 14.401226360055063, 35.837182777940285 ], [ 14.401062177665555, 35.83730413121895 ], [ 14.400962240090195, 35.837396929717336 ], [ 14.400826610651961, 35.837589666113672 ], [ 14.400726673974933, 35.83769674225357 ], [ 14.400591043638368, 35.837768126266482 ], [ 14.40049110696134, 35.837860924950313 ], [ 14.400384031372711, 35.837889477921522 ], [ 14.400048526783793, 35.838117907147073 ], [ 14.400041388770525, 35.838210706150001 ], [ 14.399998557996115, 35.838303505044372 ], [ 14.399834375606572, 35.838289227906309 ], [ 14.399684470141866, 35.838253536142354 ], [ 14.39952028685399, 35.838239258995308 ], [ 14.399406073252159, 35.838210706150001 ], [ 14.399177644251802, 35.838203567208815 ], [ 14.399052100199281, 35.838140232836665 ], [ 14.398892109348862, 35.838175014350661 ], [ 14.39820718796218, 35.838158079110258 ], [ 14.398064421409007, 35.838175924651587 ], [ 14.39764289235184, 35.838146460025783 ], [ 14.397471571050731, 35.838146460025783 ], [ 14.397350217639001, 35.838167874678064 ], [ 14.396986160997075, 35.838346334986632 ], [ 14.396821977709234, 35.838453410833424 ], [ 14.396764870908285, 35.838460549023878 ], [ 14.396622102558515, 35.838410580220732 ], [ 14.396522165881455, 35.838410580220732 ], [ 14.396280595426825, 35.83847637727802 ], [ 14.396174594223295, 35.838590288909707 ], [ 14.396154968729306, 35.838642619998708 ], [ 14.396186662190836, 35.838767499344428 ], [ 14.396101000641982, 35.838945959032337 ], [ 14.396104293865807, 35.839056070800069 ], [ 14.396265183929824, 35.839317154887567 ], [ 14.396236630978514, 35.839367123847914 ], [ 14.396250907005021, 35.839524167906461 ], [ 14.396243768991749, 35.839666936220517 ], [ 14.396158108341194, 35.839888225907707 ], [ 14.396072447690672, 35.840045269662852 ], [ 14.395979649026881, 35.840116653747195 ], [ 14.395872573438254, 35.840302252065818 ], [ 14.395794050800969, 35.840345081657119 ], [ 14.395744082013287, 35.840387911953535 ], [ 14.395708390150414, 35.840466435195957 ], [ 14.395694113225611, 35.840559233636213 ], [ 14.395751220924856, 35.840666308680717 ], [ 14.395922542225932, 35.840759108343612 ], [ 14.396101000641982, 35.840916153287537 ], [ 14.396186662190836, 35.841037505224492 ], [ 14.396350844580379, 35.841194550345421 ], [ 14.3964365052309, 35.841237380183223 ], [ 14.396507888956652, 35.84134445576872 ], [ 14.396522165881455, 35.841465807778661 ], [ 14.396636380381615, 35.841587161059337 ], [ 14.396679210257728, 35.841658545212503 ], [ 14.396714902120603, 35.841808451215378 ], [ 14.396714902120603, 35.841894110933012 ], [ 14.396664934231257, 35.842079708733785 ], [ 14.39665779531969, 35.842186784638727 ], [ 14.39657927268237, 35.842300998972135 ], [ 14.396472197093775, 35.842300998972135 ], [ 14.396422229204425, 35.842593673361101 ], [ 14.396357982593615, 35.842700747843942 ], [ 14.396300875792699, 35.842743579053042 ], [ 14.396279460854627, 35.842800685839407 ], [ 14.396286598867864, 35.842936314838497 ], [ 14.396308013805934, 35.842972006680121 ], [ 14.39640795227959, 35.843050528820839 ], [ 14.396393675354787, 35.843100498342125 ], [ 14.396272322841389, 35.843064805830103 ], [ 14.396101000641982, 35.84303625180894 ], [ 14.396022478902994, 35.843029114030237 ], [ 14.395901127287893, 35.843050528820839 ], [ 14.395822603752276, 35.843129050883753 ], [ 14.395571575834341, 35.843231003981558 ], [ 14.39499455199473, 35.843386032762645 ], [ 14.394601940604865, 35.843507386018267 ], [ 14.39440920526401, 35.843535939141631 ], [ 14.394309266790355, 35.843535939141631 ], [ 14.394095115613132, 35.843593046085708 ], [ 14.393845271674735, 35.843714399024655 ], [ 14.393702505121563, 35.84375009124431 ], [ 14.393352723607807, 35.843785782719749 ], [ 14.39322423308114, 35.843785782719749 ], [ 14.392981528054312, 35.843821474907323 ], [ 14.392553224801571, 35.843971381191523 ], [ 14.392460426137779, 35.844028487822143 ], [ 14.392253412973826, 35.844228361797619 ], [ 14.392132059562098, 35.844321160934058 ], [ 14.392046399809871, 35.844421099072392 ], [ 14.391903632358401, 35.844756603042121 ], [ 14.391703757207686, 35.844906509015267 ], [ 14.391518158981771, 35.845084967998915 ], [ 14.39144008819706, 35.845180790249906 ], [ 14.391418222304711, 35.845242013116128 ], [ 14.391361114605463, 35.845299120288189 ], [ 14.391146964326573, 35.84540619621599 ], [ 14.3910456379558, 35.845437935873761 ], [ 14.390963999961082, 35.845491959817899 ], [ 14.390274745101467, 35.845838984739423 ], [ 14.389969130156974, 35.845920158948381 ], [ 14.389640765377917, 35.845920158948381 ], [ 14.389226738151649, 35.845998681082996 ], [ 14.389230915317722, 35.846176236866221 ], [ 14.389301509424321, 35.846745668198274 ], [ 14.389408585012951, 35.848006781710588 ], [ 14.389539455176797, 35.849137027042673 ], [ 14.389610838902513, 35.849327383026115 ], [ 14.391573894055254, 35.851064391211082 ], [ 14.392692240888428, 35.852016173277647 ], [ 14.393905766022607, 35.853253493780727 ], [ 14.394821858067887, 35.85426476464383 ], [ 14.394964626417654, 35.854526504915412 ], [ 14.394881345404313, 35.855073781075525 ], [ 14.39476237162976, 35.855525878709336 ], [ 14.394809960780263, 35.855668647342064 ], [ 14.394917037267186, 35.855787619914118 ], [ 14.395321545046349, 35.856096950241408 ], [ 14.395488107073069, 35.856263512057424 ], [ 14.395737951011466, 35.856715610187429 ], [ 14.396227778979716, 35.85686858129489 ], [ 14.396701634003877, 35.857143913255143 ], [ 14.396778139923343, 35.85759668710282 ], [ 14.396813169727858, 35.857946981185613 ], [ 14.397015425414084, 35.858839278971168 ], [ 14.397348548569195, 35.859517425006814 ], [ 14.397586496118295, 35.860100393072159 ], [ 14.397776852720268, 35.861028383094293 ], [ 14.39801479757441, 35.861861193653461 ], [ 14.398050491233882, 35.86226570199743 ], [ 14.397776852720268, 35.862682107694702 ], [ 14.398741858032741, 35.862621060641551 ], [ 14.400181345393479, 35.862549133329132 ], [ 14.40084734107378, 35.862553473765949 ], [ 14.401680595873449, 35.862270166941094 ], [ 14.402008962449127, 35.862184506664782 ], [ 14.402173144838672, 35.862234475049227 ], [ 14.402837014206677, 35.862477179742733 ], [ 14.40331524222964, 35.862569562937701 ], [ 14.403444100167253, 35.862570403069022 ], [ 14.40411370797332, 35.862481660690868 ], [ 14.404328937128856, 35.86237724397639 ], [ 14.404700131784024, 35.862255889749484 ], [ 14.404907145846305, 35.86222019785118 ], [ 14.405007083421665, 35.862013185106399 ], [ 14.405149850873135, 35.861863278712065 ], [ 14.405571015214312, 35.861756203894529 ], [ 14.405956487692645, 35.861706235208572 ], [ 14.406213469644277, 35.861584882138409 ], [ 14.406548974233226, 35.861499223305557 ], [ 14.406777402335255, 35.861556328961747 ], [ 14.407134320963946, 35.86171337276221 ], [ 14.407405834063594, 35.861848491102712 ], [ 14.407675022323319, 35.86194947079192 ], [ 14.410172867022565, 35.862579059915575 ], [ 14.411017601393244, 35.862926898960119 ], [ 14.411210336734094, 35.863083942957054 ], [ 14.411552980234614, 35.863269540668647 ], [ 14.411888483925235, 35.863333786097087 ], [ 14.41267370580667, 35.863619319733921 ], [ 14.413374833699386, 35.863823526191659 ], [ 14.413623110975912, 35.863961964273045 ], [ 14.413754212006813, 35.86416987829049 ], [ 14.414644154094152, 35.864853932270208 ], [ 14.415307770137277, 35.865489577038389 ], [ 14.415500506376425, 35.86565376116409 ], [ 14.415874198348087, 35.86585949988752 ], [ 14.416027477885029, 35.866005911674563 ], [ 14.416214343633779, 35.866260523354988 ], [ 14.416521295271421, 35.866446120907575 ], [ 14.416909227336973, 35.866594976167001 ], [ 14.416986763624113, 35.866654575120428 ], [ 14.417138537584613, 35.86659926687966 ], [ 14.417595394686964, 35.866663511792879 ], [ 14.417773854001311, 35.866756310879609 ], [ 14.417923760364349, 35.867013293350695 ], [ 14.417980867165298, 35.867034708215712 ], [ 14.418344924705522, 35.866934770916288 ], [ 14.418679273162711, 35.866767309902798 ], [ 14.418823196745944, 35.866577851896977 ], [ 14.419265776025195, 35.866406531099457 ], [ 14.419565587852937, 35.866356561705409 ], [ 14.419851123654208, 35.86641366895774 ], [ 14.420336351349857, 35.866437593336101 ], [ 14.420681999714999, 35.86605803903641 ], [ 14.421307335848908, 35.865735488013598 ], [ 14.421521504992407, 35.865706969091612 ], [ 14.421714243028184, 35.865649862058028 ], [ 14.422135405572732, 35.865407156888196 ], [ 14.422492325099753, 35.865228696323449 ], [ 14.422649196999487, 35.86503897765742 ], [ 14.42276358397619, 35.864579103928875 ], [ 14.422992011179918, 35.864236462057768 ], [ 14.423227578193476, 35.86402944875514 ], [ 14.423577358808936, 35.863808157999784 ], [ 14.424062768862594, 35.863665390922144 ], [ 14.424733778040494, 35.863601145034472 ], [ 14.42503358986824, 35.863551176055594 ], [ 14.425426201258107, 35.863401271842072 ], [ 14.425754566935488, 35.863087181882463 ], [ 14.426025824913628, 35.862908724101892 ], [ 14.426519185057566, 35.862783427032753 ], [ 14.427253626972611, 35.862551803695162 ], [ 14.427974604039861, 35.862516111930113 ], [ 14.428217309066691, 35.86248755836089 ], [ 14.428467152106787, 35.862373344709148 ], [ 14.428843896553788, 35.862155352359174 ], [ 14.42908819070035, 35.862059255772159 ], [ 14.42947366407698, 35.862066394750016 ], [ 14.430166087294589, 35.862173469148523 ], [ 14.431029831813312, 35.8625232501388 ], [ 14.43125112100377, 35.862380482930682 ], [ 14.431750807982263, 35.861752305324764 ], [ 14.4324146782486, 35.861059882073071 ], [ 14.432678798213468, 35.86076720813 ], [ 14.433064270691801, 35.860588748038019 ], [ 14.433870909307903, 35.860474533834264 ], [ 14.434186947404621, 35.860466006348304 ], [ 14.434841727618592, 35.860545917730946 ], [ 14.435576981610646, 35.860560195230569 ], [ 14.436183743279438, 35.860545917730946 ], [ 14.436719122120774, 35.860645855078225 ], [ 14.437118872422207, 35.860874284283497 ], [ 14.437490067975702, 35.86098135883632 ], [ 14.43809683144109, 35.861209787802764 ], [ 14.438475165007857, 35.861302586723099 ], [ 14.439253248876021, 35.861423938769434 ], [ 14.440013159826009, 35.861559924682354 ], [ 14.440152685257619, 35.861787998161795 ], [ 14.440224068983337, 35.861980732797463 ], [ 14.440481050935004, 35.862102086717634 ], [ 14.440973599001898, 35.862287683816312 ], [ 14.441814902706527, 35.862733212197227 ], [ 14.442061519896416, 35.862921994333277 ], [ 14.442879547353721, 35.863444102790304 ], [ 14.443579108584567, 35.863779606352061 ], [ 14.443900336248715, 35.863908094873928 ], [ 14.444064518638259, 35.863993756927485 ], [ 14.44437146937757, 35.86440778172252 ], [ 14.444692697041718, 35.864914607781934 ], [ 14.444956817006586, 35.865449986752417 ], [ 14.445435089945336, 35.866699203874184 ], [ 14.445834837551814, 35.867348797090457 ], [ 14.446270279716122, 35.867313105301726 ], [ 14.446877042283212, 35.867505841061039 ], [ 14.447412420226216, 35.867577225176753 ], [ 14.447532875322681, 35.867582700972527 ], [ 14.447843785835767, 35.867543415296119 ], [ 14.448428634001498, 35.867303610347086 ], [ 14.449311229666472, 35.867034708215712 ], [ 14.449475412954314, 35.866949047993046 ], [ 14.449546796680034, 35.866820557121493 ], [ 14.449662122396205, 35.866559849679312 ], [ 14.449689565029836, 35.866427946128432 ], [ 14.44988944018055, 35.8663351466572 ], [ 14.449996514870849, 35.866427946128432 ], [ 14.450232081884442, 35.866884801855321 ], [ 14.450410541198755, 35.867177475775634 ], [ 14.450653246225615, 35.867341659316409 ], [ 14.451204848640966, 35.86774844807946 ], [ 14.452642699271259, 35.868579030348307 ], [ 14.452922201987091, 35.868579030348307 ], [ 14.453150929228084, 35.86844975009619 ], [ 14.453638718918954, 35.868461647190244 ], [ 14.455416963668265, 35.867963738118739 ], [ 14.455616040216695, 35.86787496028542 ], [ 14.456077665576572, 35.867771603319582 ], [ 14.456386080569819, 35.867832475332868 ], [ 14.456696327227913, 35.867747808922502 ], [ 14.456779607342959, 35.867640733319341 ], [ 14.456645698178502, 35.867410111307699 ], [ 14.456831801257582, 35.867177903096639 ], [ 14.457077040431859, 35.867081559263994 ], [ 14.457338779861251, 35.866843612899821 ], [ 14.457469650923393, 35.866569975153794 ], [ 14.457790878587542, 35.866213055947497 ], [ 14.457913424961982, 35.866004005081336 ], [ 14.458952879950264, 35.865118979796726 ], [ 14.459289937726329, 35.865154195738235 ], [ 14.45989670029342, 35.864916250139075 ], [ 14.461050739887769, 35.864273794690604 ], [ 14.461657501556559, 35.863988259771631 ], [ 14.462062011132348, 35.863940670882478 ], [ 14.462299956884822, 35.863988259771631 ], [ 14.462859130301407, 35.864761585225779 ], [ 14.463156563390307, 35.864916250139075 ], [ 14.463620557607593, 35.864809174349979 ], [ 14.464001119894558, 35.864492038925754 ], [ 14.464631827953845, 35.86382169671451 ], [ 14.465095823069463, 35.863440984728918 ], [ 14.465381358870701, 35.863369599799562 ], [ 14.465845353986321, 35.863512366681995 ], [ 14.466047432704451, 35.863687059310003 ] ] ] } },
{ "type": "Feature", "properties": { "LocalityId": 12, "LAU_Name": "Ħ'Attard", "LAU_Latin": "Attard", "Region": "Tramuntana (Northern)", "Area_Km2": 6.640896, "Population": 12268.0, "NUTS3": "MT001", "LAU": "MT01412", "GREAT_CID": null, "GREAT_CIN": null, "FUA_ID": "MT001L", "FUA_Name": "Malta", "Shape__Are": 10139918.229499999, "Shape__Len": 14844.038567899999 }, "geometry": { "type": "Polygon", "coordinates": [ [ [ 14.434001507282227, 35.897965169739734 ], [ 14.435039844766322, 35.897623785638068 ], [ 14.436124881170427, 35.897376321776427 ], [ 14.437114735680309, 35.896900429855464 ], [ 14.437838092384769, 35.897300179174017 ], [ 14.438808913390414, 35.897357285950754 ], [ 14.439375223921942, 35.897404875142492 ], [ 14.439889187825207, 35.897547644001385 ], [ 14.44101705230883, 35.897533367345368 ], [ 14.441545293136929, 35.897647579793549 ], [ 14.442059256141897, 35.897818902886783 ], [ 14.442387621819282, 35.89789028588352 ], [ 14.443229951399964, 35.897876009289355 ], [ 14.443986278071961, 35.897939236993764 ], [ 14.444560323098065, 35.89807605601947 ], [ 14.444658475720956, 35.89807903081806 ], [ 14.444881549863881, 35.898055236064572 ], [ 14.444987778341179, 35.898054824919377 ], [ 14.44496691586702, 35.897705656335596 ], [ 14.445012420926059, 35.89767452194689 ], [ 14.445146265411791, 35.897513908766292 ], [ 14.445396109350188, 35.897323552089958 ], [ 14.445657848779582, 35.897198630363292 ], [ 14.445996923273466, 35.897079656656537 ], [ 14.446228920382127, 35.897406832646446 ], [ 14.446318918098866, 35.897593934143252 ], [ 14.446416525444388, 35.897563349120446 ], [ 14.44699584088626, 35.89743798023899 ], [ 14.448010762884145, 35.89731826318517 ], [ 14.44886736938963, 35.897104111726605 ], [ 14.449200495239701, 35.896985139333161 ], [ 14.449390850943344, 35.896770986973443 ], [ 14.449343261792873, 35.896509245788252 ], [ 14.449557413868396, 35.895842997150474 ], [ 14.449295672642373, 35.895486078113969 ], [ 14.449300919701953, 35.894936969937255 ], [ 14.450645880040284, 35.893198980263328 ], [ 14.451137363603584, 35.893072034742488 ], [ 14.452555534840929, 35.893249384650076 ], [ 14.454054594878052, 35.893368358291475 ], [ 14.455303919672923, 35.893179000287979 ], [ 14.456795506625189, 35.892828303778629 ], [ 14.457457389818078, 35.891704844802426 ], [ 14.45815054516269, 35.890813644862092 ], [ 14.457951128152757, 35.890026134845549 ], [ 14.457665593249818, 35.889378921796492 ], [ 14.456009487938093, 35.889188563753692 ], [ 14.455952381137177, 35.88897917177971 ], [ 14.456123702438253, 35.88876977997981 ], [ 14.456142736840821, 35.888636529173397 ], [ 14.456047559438147, 35.888370029071147 ], [ 14.455704916835959, 35.887894138323318 ], [ 14.455533594636554, 35.887589568111949 ], [ 14.455476487835638, 35.887056568696984 ], [ 14.455248059733611, 35.886542604852906 ], [ 14.455190952932663, 35.886009605669067 ], [ 14.45534323893291, 35.885476605809124 ], [ 14.455267095932768, 35.885381426885196 ], [ 14.455133846131746, 35.885381426885196 ], [ 14.454711903849518, 35.884735293066072 ], [ 14.453804918026281, 35.884972026294605 ], [ 14.4527573638274, 35.885426617146564 ], [ 14.450910901913703, 35.885845403317163 ], [ 14.449741065445064, 35.886032738832739 ], [ 14.448909345866236, 35.886180304021963 ], [ 14.447979405392532, 35.886054794844156 ], [ 14.44721050769645, 35.885837551051345 ], [ 14.445143089867285, 35.885533216744996 ], [ 14.44296174679546, 35.885759468671608 ], [ 14.442216351722172, 35.886032904043574 ], [ 14.441102764163352, 35.885847305793909 ], [ 14.438718543771142, 35.885361896177699 ], [ 14.437462188760852, 35.885490386819896 ], [ 14.436853919719065, 35.88549102001123 ], [ 14.436320047352424, 35.885304788754347 ], [ 14.436005958599878, 35.885019253931162 ], [ 14.435806084347456, 35.88450528996519 ], [ 14.435520549444517, 35.884176923807431 ], [ 14.435251857953151, 35.883533687818606 ], [ 14.434435514837007, 35.883034783179042 ], [ 14.433864445031123, 35.882706418202666 ], [ 14.433593186154654, 35.882606480291017 ], [ 14.433236265729334, 35.882563650238744 ], [ 14.43290790005195, 35.882563650238744 ], [ 14.432579535272897, 35.882663586748755 ], [ 14.431979910719077, 35.882677863902614 ], [ 14.431737205692215, 35.882592203124283 ], [ 14.431523053616694, 35.882249561267983 ], [ 14.431251795638557, 35.881964026347163 ], [ 14.430595064283789, 35.881707044329382 ], [ 14.429709904827028, 35.881478616220576 ], [ 14.428282227617331, 35.881521446131742 ], [ 14.427611220236054, 35.881407232255917 ], [ 14.427140087107201, 35.881050312923541 ], [ 14.426539919970935, 35.881221960158307 ], [ 14.422218119749173, 35.882648009683898 ], [ 14.421070671992359, 35.882676063246208 ], [ 14.416491331066805, 35.883170822984646 ], [ 14.415657910977137, 35.883376920166505 ], [ 14.41521718492233, 35.883784692131627 ], [ 14.415209253696693, 35.883860835359471 ], [ 14.414899924218501, 35.884170165287095 ], [ 14.414209879739738, 35.88430103491347 ], [ 14.412758408853119, 35.884515186795824 ], [ 14.41241338661372, 35.884705543700193 ], [ 14.411996979750304, 35.885062463300187 ], [ 14.411616268342989, 35.88551456016986 ], [ 14.411140374143152, 35.88612132310287 ], [ 14.410486025120518, 35.887239669975976 ], [ 14.410117207407573, 35.88798919996524 ], [ 14.410101344057962, 35.888649896256879 ], [ 14.410120380257155, 35.888916396144943 ], [ 14.410053754907462, 35.889411322856667 ], [ 14.40989195305346, 35.889858662964187 ], [ 14.409692077004413, 35.89020130464862 ], [ 14.40926377375167, 35.890629607943993 ], [ 14.40883374483527, 35.890867108801302 ], [ 14.408677080446369, 35.890893000198623 ], [ 14.40913283980743, 35.892710009762418 ], [ 14.409620437258821, 35.893819445681835 ], [ 14.410039221064487, 35.89450473112835 ], [ 14.41057222116698, 35.895151945212767 ], [ 14.411562075676859, 35.896922263073982 ], [ 14.411790504677182, 35.897417190679541 ], [ 14.411961825079961, 35.897702726640006 ], [ 14.412190254080318, 35.898045369306253 ], [ 14.413065895886664, 35.898616440759135 ], [ 14.413503715891524, 35.899073295682705 ], [ 14.413808286993657, 35.899663402999671 ], [ 14.41382732319285, 35.899948936678868 ], [ 14.413294323988689, 35.900481935896977 ], [ 14.41331336018785, 35.900710363762244 ], [ 14.413447307081555, 35.900880032793538 ], [ 14.414006880248447, 35.901149039787079 ], [ 14.414559119569375, 35.901207989864773 ], [ 14.4154280419774, 35.901700870697105 ], [ 14.418401039766376, 35.901755009825813 ], [ 14.42094588072804, 35.90198901003351 ], [ 14.42332675220087, 35.901939404355353 ], [ 14.426333770087961, 35.901757328139865 ], [ 14.426948160250138, 35.901578969839335 ], [ 14.430502079668731, 35.899001009971848 ], [ 14.431770838616478, 35.89831424767312 ], [ 14.433115233914499, 35.897695587962481 ], [ 14.433815160759666, 35.897456970200381 ], [ 14.434001507282227, 35.897965169739734 ] ] ] } },
{ "type": "Feature", "properties": { "LocalityId": 13, "LAU_Name": "Ħal Balzan", "LAU_Latin": "Balzan", "Region": "Tramuntana (Northern)", "Area_Km2": 0.597668, "Population": 4774.0, "NUTS3": "MT001", "LAU": "MT01413", "GREAT_CID": null, "GREAT_CIN": null, "FUA_ID": "MT001L", "FUA_Name": "Malta", "Shape__Are": 912703.22753899998, "Shape__Len": 4410.8953554600002 }, "geometry": { "type": "Polygon", "coordinates": [ [ [ 14.456795506625189, 35.892828303778629 ], [ 14.455303919672923, 35.893179000287979 ], [ 14.454054594878052, 35.893368358291475 ], [ 14.452555534840929, 35.893249384650076 ], [ 14.451137363603584, 35.893072034742488 ], [ 14.450645880040284, 35.893198980263328 ], [ 14.449300919701953, 35.894936969937255 ], [ 14.449295672642373, 35.895486078113969 ], [ 14.449557413868396, 35.895842997150474 ], [ 14.449343261792873, 35.896509245788252 ], [ 14.449390850943344, 35.896770986973443 ], [ 14.449200495239701, 35.896985139333161 ], [ 14.44886736938963, 35.897104111726605 ], [ 14.448010762884145, 35.89731826318517 ], [ 14.44699584088626, 35.89743798023899 ], [ 14.446416525444388, 35.897563349120446 ], [ 14.446318918098866, 35.897593934143252 ], [ 14.446424448585187, 35.897842173044936 ], [ 14.446429206062914, 35.898009545809934 ], [ 14.446487910068438, 35.898191525131928 ], [ 14.446887658573242, 35.898234356191438 ], [ 14.447701433405953, 35.898220078931622 ], [ 14.448058352932945, 35.89836284704792 ], [ 14.448558039013109, 35.898448506775324 ], [ 14.448657978385093, 35.898562720813821 ], [ 14.448258227185363, 35.899033853890757 ], [ 14.448243951158856, 35.899276558640949 ], [ 14.448258227185363, 35.899776245801085 ], [ 14.448986343164181, 35.899733416303583 ], [ 14.449171941390093, 35.899890458651434 ], [ 14.449800118895224, 35.899804799756808 ], [ 14.450042823922052, 35.900190272056925 ], [ 14.450485404099597, 35.900718512168559 ], [ 14.451170688405677, 35.900889833708725 ], [ 14.4510136440294, 35.901603671650761 ], [ 14.451798865910805, 35.901789270076527 ], [ 14.452084401712074, 35.901960592209562 ], [ 14.452327106738904, 35.902074804818511 ], [ 14.453868996652137, 35.901061154878057 ], [ 14.454397238378533, 35.900647128811705 ], [ 14.454993231043687, 35.90006584093944 ], [ 14.455653593388826, 35.899947565742437 ], [ 14.456381707571012, 35.899647755055945 ], [ 14.456238940119544, 35.897934542654227 ], [ 14.45626749396915, 35.897363472831074 ], [ 14.456986317774689, 35.897256376859886 ], [ 14.457369015357056, 35.897072512828892 ], [ 14.457147895049884, 35.895676434842628 ], [ 14.456957539346243, 35.894058401885907 ], [ 14.456795506625189, 35.892828303778629 ] ] ] } },
{ "type": "Feature", "properties": { "LocalityId": 16, "LAU_Name": "Ħad-Dingli", "LAU_Latin": "Dingli", "Region": "Punent (Western)", "Area_Km2": 5.737303, "Population": 3865.0, "NUTS3": "MT001", "LAU": "MT01416", "GREAT_CID": null, "GREAT_CIN": null, "FUA_ID": "MT001L\n", "FUA_Name": "Malta", "Shape__Are": 8753418.5551800001, "Shape__Len": 14058.719926600001 }, "geometry": { "type": "Polygon", "coordinates": [ [ [ 14.397776852720268, 35.862682107694702 ], [ 14.398050491233882, 35.86226570199743 ], [ 14.39801479757441, 35.861861193653461 ], [ 14.397776852720268, 35.861028383094293 ], [ 14.397586496118295, 35.860100393072159 ], [ 14.397348548569195, 35.859517425006814 ], [ 14.397015425414084, 35.858839278971168 ], [ 14.396813169727858, 35.857946981185613 ], [ 14.396778139923343, 35.85759668710282 ], [ 14.396701634003877, 35.857143913255143 ], [ 14.396227778979716, 35.85686858129489 ], [ 14.395737951011466, 35.856715610187429 ], [ 14.395488107073069, 35.856263512057424 ], [ 14.395321545046349, 35.856096950241408 ], [ 14.394917037267186, 35.855787619914118 ], [ 14.394809960780263, 35.855668647342064 ], [ 14.39476237162976, 35.855525878709336 ], [ 14.394881345404313, 35.855073781075525 ], [ 14.394964626417654, 35.854526504915412 ], [ 14.394821858067887, 35.85426476464383 ], [ 14.393905766022607, 35.853253493780727 ], [ 14.392692240888428, 35.852016173277647 ], [ 14.391573894055254, 35.851064391211082 ], [ 14.389610838902513, 35.849327383026115 ], [ 14.389539455176797, 35.849137027042673 ], [ 14.389408585012951, 35.848006781710588 ], [ 14.389301509424321, 35.846745668198274 ], [ 14.389230915317722, 35.846176236866221 ], [ 14.389226738151649, 35.845998681082996 ], [ 14.38874846700956, 35.846162864072788 ], [ 14.388448655181813, 35.846284216720555 ], [ 14.388106011681296, 35.846369876701601 ], [ 14.388006075004235, 35.846419846316152 ], [ 14.387663433300377, 35.846519783266288 ], [ 14.38732078979986, 35.846683965905413 ], [ 14.386842518657771, 35.84686956414857 ], [ 14.386742581082411, 35.846890979358534 ], [ 14.386749719993979, 35.847033746791745 ], [ 14.386507014967149, 35.847140823290218 ], [ 14.386507014967149, 35.847183652829685 ], [ 14.386449907267904, 35.847262175169654 ], [ 14.38616594621331, 35.847462997064007 ], [ 14.385914529324863, 35.847554848727249 ], [ 14.3857860378999, 35.847554848727249 ], [ 14.385721792187383, 35.847533433696569 ], [ 14.385628992625294, 35.847533433696569 ], [ 14.385407704333133, 35.847590540674986 ], [ 14.385350596633888, 35.847661925250307 ], [ 14.385348207115241, 35.847716881171827 ], [ 14.385209382369565, 35.847803818240955 ], [ 14.385149895931438, 35.847896021934829 ], [ 14.385001178937825, 35.847973355227381 ], [ 14.384906002433484, 35.848050686988195 ], [ 14.384843770743858, 35.848061674044033 ], [ 14.384836632730623, 35.848125920147147 ], [ 14.384854716715591, 35.848144003007079 ], [ 14.384936570305982, 35.848154473064085 ], [ 14.384922294279475, 35.848211580323401 ], [ 14.384886602416598, 35.848290101645567 ], [ 14.384815217792548, 35.84827582630507 ], [ 14.384750972080067, 35.848240133937608 ], [ 14.384701004190687, 35.848297241135292 ], [ 14.384715280217193, 35.848354348291785 ], [ 14.384665312327844, 35.848518530773603 ], [ 14.384593927703794, 35.848554223015711 ], [ 14.384322668827323, 35.848561361025325 ], [ 14.384215594137029, 35.848589913785439 ], [ 14.383765875047917, 35.848796928088511 ], [ 14.383458925206901, 35.848896864955691 ], [ 14.383166251392392, 35.848961109653963 ], [ 14.382966377140006, 35.84895397168038 ], [ 14.382830746803476, 35.848925418323148 ], [ 14.382381028612661, 35.848875450287345 ], [ 14.38206693986008, 35.848775511936921 ], [ 14.38161639072765, 35.848756591855832 ], [ 14.381216997955695, 35.848621092225684 ], [ 14.381146089438774, 35.848575637770743 ], [ 14.381088981739527, 35.848575637770743 ], [ 14.380989044164169, 35.848547084277293 ], [ 14.380867691650739, 35.848547084277293 ], [ 14.380787065159051, 35.848584133041044 ], [ 14.380670670447666, 35.848568464083279 ], [ 14.380560740911426, 35.84860419125387 ], [ 14.380510773022044, 35.84860419125387 ], [ 14.380146714583487, 35.848518530773603 ], [ 14.380082469769302, 35.848475699770589 ], [ 14.380053915919696, 35.848475699770589 ], [ 14.379946841229398, 35.848489977259582 ], [ 14.379789795954792, 35.848582775778432 ], [ 14.379754104091917, 35.848682712915497 ], [ 14.379704136202569, 35.848732681800854 ], [ 14.379589920804078, 35.848961109653963 ], [ 14.379539952914728, 35.84931803008832 ], [ 14.379468569188976, 35.849403689705021 ], [ 14.379460967645036, 35.849506298797458 ], [ 14.379225864162146, 35.849503627263829 ], [ 14.379140202613295, 35.849570251747615 ], [ 14.379016471361018, 35.849836752035564 ], [ 14.378721417909297, 35.850198429773229 ], [ 14.378388293855854, 35.850503001021359 ], [ 14.378245526404385, 35.850617215028798 ], [ 14.378140829554637, 35.850645769233076 ], [ 14.378007579753612, 35.850750464981694 ], [ 14.377807704602898, 35.850807571827723 ], [ 14.377750597801981, 35.850874196672216 ], [ 14.377750597801981, 35.850931304157328 ], [ 14.377693491001033, 35.850959858248508 ], [ 14.377579277399201, 35.851074072326035 ], [ 14.377474581447785, 35.851207322239283 ], [ 14.377308561105181, 35.851341517756318 ], [ 14.377112902646404, 35.851407196325262 ], [ 14.377052995796738, 35.851467103042971 ], [ 14.377017724345402, 35.851435750245052 ], [ 14.376979652845348, 35.851359607164198 ], [ 14.376941581345296, 35.851321535960359 ], [ 14.376865439243486, 35.851331053945053 ], [ 14.376703634694524, 35.85159755268397 ], [ 14.376475206592499, 35.851778392112045 ], [ 14.376360992990636, 35.85179742797061 ], [ 14.376237260840059, 35.851930678124525 ], [ 14.376189671689559, 35.852016337831351 ], [ 14.375989797437137, 35.852140069730943 ], [ 14.375732814587208, 35.852263802165531 ], [ 14.375601068565928, 35.852374986881969 ], [ 14.375285476033572, 35.852511265727415 ], [ 14.375141876742155, 35.852547165867662 ], [ 14.37476199537819, 35.852872943643845 ], [ 14.374619227028388, 35.852930051145606 ], [ 14.374333692125449, 35.853082337130481 ], [ 14.374105264023424, 35.853187033302369 ], [ 14.373962495673622, 35.853244139849849 ], [ 14.373581781571382, 35.853301247084261 ], [ 14.373305765217184, 35.853358354277539 ], [ 14.372943260864071, 35.853475858825846 ], [ 14.372440338153933, 35.853616111927749 ], [ 14.372173140560875, 35.853586782639326 ], [ 14.371897124206679, 35.853586782639326 ], [ 14.3716782137551, 35.853605818063727 ], [ 14.371497374803543, 35.853700997301537 ], [ 14.371344492321986, 35.853851593349177 ], [ 14.371164249851804, 35.854176888864217 ], [ 14.371040517701195, 35.854319657013804 ], [ 14.370916786448914, 35.854947833817675 ], [ 14.370754982798251, 35.855109637826601 ], [ 14.370507519395362, 35.855404690917389 ], [ 14.370336198094254, 35.855633119208122 ], [ 14.370088733793036, 35.855909136211935 ], [ 14.369974519292873, 35.856147082639993 ], [ 14.369784162690902, 35.856308885657498 ], [ 14.369298752637244, 35.856594421301843 ], [ 14.369129960093696, 35.856768361062748 ], [ 14.368308897229031, 35.857108385054261 ], [ 14.368014151899484, 35.857309265739595 ], [ 14.367579954800188, 35.857442419990569 ], [ 14.367220388836346, 35.857532311797421 ], [ 14.367138201971001, 35.857622347658662 ], [ 14.366958795832346, 35.857713990977146 ], [ 14.366908947418912, 35.857756509020156 ], [ 14.366760155865141, 35.857845442343724 ], [ 14.366709898718257, 35.857945955350189 ], [ 14.366538578315478, 35.85817438287112 ], [ 14.366395809965679, 35.858241008077798 ], [ 14.365910399912018, 35.858374258323138 ], [ 14.36571049332027, 35.858393202319228 ], [ 14.365110901105783, 35.858602686066021 ], [ 14.364816519593925, 35.85874778766037 ], [ 14.364738879102221, 35.858770159234389 ], [ 14.364439067274478, 35.858912927120898 ], [ 14.364284103396381, 35.858965503986276 ], [ 14.364035385047048, 35.859145203230504 ], [ 14.363854546095524, 35.859230863879247 ], [ 14.363605112687202, 35.859296503878653 ], [ 14.36354997499339, 35.859402184898933 ], [ 14.363350099842675, 35.859573506276412 ], [ 14.363256206132522, 35.859595415309464 ], [ 14.362424737183648, 35.860128547807854 ], [ 14.36226506613346, 35.860154094698146 ], [ 14.362160370182044, 35.860287344639808 ], [ 14.362129471729546, 35.860381256352362 ], [ 14.361991132074102, 35.860594695355225 ], [ 14.362103261584503, 35.860715648066758 ], [ 14.362150851633299, 35.860810826049153 ], [ 14.362141333982883, 35.861220093055927 ], [ 14.362160370182044, 35.861343825152126 ], [ 14.362141333982883, 35.861486592771463 ], [ 14.362103261584503, 35.861600806972959 ], [ 14.361865315832027, 35.862000556838254 ], [ 14.36157026327867, 35.86240030614352 ], [ 14.361484602628117, 35.862447895229536 ], [ 14.361398941977562, 35.862571626865147 ], [ 14.361370388127956, 35.862714395184966 ], [ 14.361332316627866, 35.862790538280848 ], [ 14.361199066826844, 35.862876197902196 ], [ 14.36084690657421, 35.863171251206772 ], [ 14.360627997020961, 35.863285465892737 ], [ 14.360448666340764, 35.86328600680433 ], [ 14.360256800569134, 35.863352091171599 ], [ 14.360171139918579, 35.863399679686147 ], [ 14.36007967615131, 35.863503209067751 ], [ 14.359828498214723, 35.863656662121542 ], [ 14.359644412751756, 35.863811787106499 ], [ 14.359984920058508, 35.864200979987878 ], [ 14.36073982739236, 35.864612960938068 ], [ 14.361234755994763, 35.864251282709631 ], [ 14.362074000760746, 35.864434979064697 ], [ 14.362993724694725, 35.864837424236548 ], [ 14.363043143713446, 35.865450532017149 ], [ 14.363252537412908, 35.865659924313803 ], [ 14.363557107616742, 35.865888352172277 ], [ 14.364375642622143, 35.867068564903782 ], [ 14.364870571224579, 35.867868064244135 ], [ 14.365060927826551, 35.867887099879063 ], [ 14.365146589375403, 35.867772886000907 ], [ 14.365413088977482, 35.867715779000065 ], [ 14.365641517079506, 35.867649153749781 ], [ 14.366139788313076, 35.867346158188873 ], [ 14.366383909084798, 35.86737313613088 ], [ 14.366810944814668, 35.867090201786262 ], [ 14.367459425143565, 35.866497493791883 ], [ 14.367678334696844, 35.866345208825905 ], [ 14.367783032444889, 35.866345208825905 ], [ 14.36798088009799, 35.86664403034068 ], [ 14.368449280551776, 35.867239885726079 ], [ 14.368630120401596, 35.86767770691533 ], [ 14.36903938655685, 35.868467687823816 ], [ 14.369258297906757, 35.868696116324635 ], [ 14.369505761309643, 35.868905508781197 ], [ 14.369895993062334, 35.869029241254552 ], [ 14.370362366916799, 35.869067311961921 ], [ 14.371095241271675, 35.869076829999933 ], [ 14.37183726676435, 35.869226936041258 ], [ 14.372306730823398, 35.869117013942528 ], [ 14.37278941898175, 35.868734187920033 ], [ 14.372903631685283, 35.868619973806837 ], [ 14.373750670234685, 35.868584209066533 ], [ 14.374455129080507, 35.868499019326578 ], [ 14.376748840614558, 35.868895990722663 ], [ 14.377538821770383, 35.868934062950004 ], [ 14.37783387522207, 35.86897213370316 ], [ 14.37814796397465, 35.868915026838643 ], [ 14.378500124227253, 35.869010205166006 ], [ 14.378947462780889, 35.869000687120042 ], [ 14.3792805868343, 35.869067311961921 ], [ 14.380422729141054, 35.869105384107002 ], [ 14.380797492802857, 35.869289203154338 ], [ 14.381895004111355, 35.869576800918132 ], [ 14.382266039764735, 35.869653000024705 ], [ 14.382455754969577, 35.869677393681663 ], [ 14.383230492613324, 35.869885846674208 ], [ 14.383496992215402, 35.869923917698046 ], [ 14.383972035710688, 35.870076610717078 ], [ 14.384371364702252, 35.870250379670736 ], [ 14.384423713127109, 35.870302729175791 ], [ 14.384585515879474, 35.870321764225871 ], [ 14.384823461631914, 35.870198032314924 ], [ 14.384932917756016, 35.870269416189259 ], [ 14.38514706983157, 35.870007674759634 ], [ 14.38531839023435, 35.869769729174266 ], [ 14.385446881659313, 35.869555578191644 ], [ 14.385903737863366, 35.869193899953672 ], [ 14.386270175939101, 35.869041614345647 ], [ 14.386336800390465, 35.869065409082154 ], [ 14.386484327116323, 35.869189141305824 ], [ 14.386660404996832, 35.869312873336234 ], [ 14.386988770674213, 35.869522264890996 ], [ 14.387521769878374, 35.869812560320455 ], [ 14.387754957254788, 35.870007674759634 ], [ 14.387926280352493, 35.870088576721884 ], [ 14.388045252330416, 35.87011713119233 ], [ 14.388159466830579, 35.870159960694878 ], [ 14.388230850556328, 35.870221826704231 ], [ 14.388278439706831, 35.87034079999934 ], [ 14.388297475007692, 35.870421702349425 ], [ 14.388245126582834, 35.87063585317506 ], [ 14.388135672255361, 35.870764343683767 ], [ 14.387969110228639, 35.870878558345908 ], [ 14.387726405201779, 35.871002289922082 ], [ 14.387374244949175, 35.871306861316491 ], [ 14.386964976098998, 35.871839859713489 ], [ 14.386774620395324, 35.872144430800041 ], [ 14.387207681125828, 35.872387135717481 ], [ 14.387712128276974, 35.8727059836515 ], [ 14.38825464513158, 35.872163466863512 ], [ 14.388559216233713, 35.871935038895252 ], [ 14.388957672961126, 35.871598239924779 ], [ 14.389206429938035, 35.871306861316491 ], [ 14.389644726049987, 35.871081558830632 ], [ 14.389737459136759, 35.871013867795561 ], [ 14.390167732394938, 35.870869039796361 ], [ 14.390572109918384, 35.8704228503181 ], [ 14.390662660099041, 35.870264656878092 ], [ 14.390933918077179, 35.87004098785615 ], [ 14.390991024878094, 35.870069540887876 ], [ 14.391099057172465, 35.870274430281256 ], [ 14.391281319953722, 35.870512121026607 ], [ 14.391709623206467, 35.870902353258757 ], [ 14.391919015109298, 35.870816692121359 ], [ 14.392290210662795, 35.870578746053646 ], [ 14.392499604362291, 35.870459773115805 ], [ 14.392675684039425, 35.870388388685008 ], [ 14.392728031565984, 35.870269416189259 ], [ 14.392807068937941, 35.870168613072678 ], [ 14.392970736592813, 35.870002916160658 ], [ 14.392994531168066, 35.869907738297712 ], [ 14.393103987292168, 35.869836354097501 ], [ 14.393256272394083, 35.869764969833028 ], [ 14.393399039845557, 35.869817318202905 ], [ 14.393532289646581, 35.869974363104916 ], [ 14.393564410706194, 35.870121693966603 ], [ 14.393584638071468, 35.870450255243917 ], [ 14.394012941324213, 35.870331282113149 ], [ 14.394489986265931, 35.870064352075396 ], [ 14.395083698108587, 35.869645997129261 ], [ 14.395354956985024, 35.869512746906544 ], [ 14.395278813984916, 35.869379497915688 ], [ 14.395278813984916, 35.869193899953672 ], [ 14.395316884586673, 35.868979748142813 ], [ 14.395335920785831, 35.86867517726693 ], [ 14.395264537060113, 35.868170730953096 ], [ 14.395121769608643, 35.867566347837048 ], [ 14.395131287259058, 35.86739502699259 ], [ 14.395207430259164, 35.867033349084998 ], [ 14.395369233909827, 35.866562216342544 ], [ 14.396063639709299, 35.865299514656833 ], [ 14.39620640716077, 35.864799828334547 ], [ 14.396694196851639, 35.864204962885417 ], [ 14.397467522343746, 35.863514918350319 ], [ 14.397776852720268, 35.862682107694702 ] ] ] } },
{ "type": "Feature", "properties": { "LocalityId": 28, "LAU_Name": "L-Iklin", "LAU_Latin": "Iklin", "Region": "Lvant (Eastern)", "Area_Km2": 1.731671, "Population": 3399.0, "NUTS3": "MT001", "LAU": "MT01428", "GREAT_CID": null, "GREAT_CIN": null, "FUA_ID": "MT001L", "FUA_Name": "Malta", "Shape__Are": 2645274.3007800002, "Shape__Len": 6641.1518097799999 }, "geometry": { "type": "Polygon", "coordinates": [ [ [ 14.462708161231371, 35.912429413886187 ], [ 14.462687119094161, 35.912284171977134 ], [ 14.46274422589511, 35.911732137663826 ], [ 14.462877475696134, 35.91129431771855 ], [ 14.463124939997352, 35.910913603986941 ], [ 14.462877475696134, 35.910285426362741 ], [ 14.462725189695917, 35.909980854987175 ], [ 14.462668082895004, 35.909619177275083 ], [ 14.462382547992028, 35.909010034770546 ], [ 14.462268334390199, 35.908686428295042 ], [ 14.462077976889894, 35.908229572109505 ], [ 14.462116048389948, 35.90744910829882 ], [ 14.462325441191112, 35.906878038001992 ], [ 14.462630012293246, 35.906440216663057 ], [ 14.463067832298105, 35.905488432720396 ], [ 14.463182046798268, 35.904936398289195 ], [ 14.463430232446655, 35.904686340733825 ], [ 14.462312040123713, 35.904374999742387 ], [ 14.457365999712668, 35.90294904026905 ], [ 14.455817315840953, 35.902643223299236 ], [ 14.453190391320211, 35.902329133935027 ], [ 14.45209560280535, 35.902291143975326 ], [ 14.451753181188716, 35.902611136177498 ], [ 14.451277287887175, 35.903258350198094 ], [ 14.450668145682908, 35.903905563291652 ], [ 14.449811540075752, 35.904343384101217 ], [ 14.449138399195673, 35.904639442075236 ], [ 14.448821699040595, 35.905227317741954 ], [ 14.448488575885451, 35.905608031183981 ], [ 14.447572482941872, 35.906107717662067 ], [ 14.447310742614148, 35.906500329163251 ], [ 14.447608174804747, 35.90659550816531 ], [ 14.44808406720796, 35.906857248011612 ], [ 14.448583753288123, 35.906833453714341 ], [ 14.448952571001069, 35.907523497071999 ], [ 14.449023954726821, 35.907928005811499 ], [ 14.449131029417083, 35.908189747071106 ], [ 14.449878479835764, 35.908403897639182 ], [ 14.449878479835764, 35.90857062815919 ], [ 14.449926068986267, 35.908784779151596 ], [ 14.450092631911284, 35.909070314846858 ], [ 14.449616738609743, 35.910045894155139 ], [ 14.449426382906102, 35.910593170249804 ], [ 14.449317592433614, 35.910966165257662 ], [ 14.448976364677989, 35.91116407331301 ], [ 14.448857390903438, 35.911651861748524 ], [ 14.448678933385754, 35.91200877991426 ], [ 14.448189063196706, 35.91278227315123 ], [ 14.44873633932567, 35.913305754700666 ], [ 14.448855311303557, 35.913543701169573 ], [ 14.448902901352389, 35.913781646922779 ], [ 14.448569776400618, 35.914543074780489 ], [ 14.449331203706802, 35.915209323873455 ], [ 14.449069463379111, 35.915494858936334 ], [ 14.449830890685263, 35.915566242722925 ], [ 14.450140221061787, 35.915661421732381 ], [ 14.450639908040278, 35.916137314334193 ], [ 14.451139594120411, 35.916399053899298 ], [ 14.451568996911067, 35.916479567262158 ], [ 14.452036612237288, 35.916454382654983 ], [ 14.452435872956871, 35.916494477808833 ], [ 14.453328209054474, 35.916675364814353 ], [ 14.454667344716494, 35.916813068121144 ], [ 14.455578487044569, 35.916809248650601 ], [ 14.456511123362425, 35.9167208507724 ], [ 14.456676807735116, 35.916725898299305 ], [ 14.457403420832454, 35.916530493733397 ], [ 14.457807930408245, 35.91637582921134 ], [ 14.458531022109696, 35.916209665147562 ], [ 14.459437859710913, 35.915769066089318 ], [ 14.460578014944256, 35.915056797901819 ], [ 14.460955307363587, 35.914662490769302 ], [ 14.461150681056413, 35.914357317106557 ], [ 14.461297630165539, 35.913571740146701 ], [ 14.461531785925791, 35.913092171794823 ], [ 14.461841116302315, 35.912842327721819 ], [ 14.462708161231371, 35.912429413886187 ] ] ] } },
{ "type": "Feature", "properties": { "LocalityId": 32, "LAU_Name": "Ħal Lija", "LAU_Latin": "Lija", "Region": "Lvant (Eastern)", "Area_Km2": 1.094122, "Population": 3162.0, "NUTS3": "MT001", "LAU": "MT01432", "GREAT_CID": null, "GREAT_CIN": null, "FUA_ID": "MT001L", "FUA_Name": "Malta", "Shape__Are": 1671014.646, "Shape__Len": 5708.3447199700004 }, "geometry": { "type": "Polygon", "coordinates": [ [ [ 14.438158056119299, 35.90527650588578 ], [ 14.43886602019133, 35.905257097233502 ], [ 14.440445981604617, 35.905028668666098 ], [ 14.442615958293137, 35.904638496156096 ], [ 14.444351386641092, 35.904621586029826 ], [ 14.446234331833407, 35.904711855065194 ], [ 14.447241720559299, 35.904971560875509 ], [ 14.44790797225944, 35.904990597052837 ], [ 14.448837140182004, 35.904771941228383 ], [ 14.449138399195673, 35.904639442075236 ], [ 14.449811540075752, 35.904343384101217 ], [ 14.450668145682908, 35.903905563291652 ], [ 14.451277287887175, 35.903258350198094 ], [ 14.451753181188716, 35.902611136177498 ], [ 14.45209560280535, 35.902291143975326 ], [ 14.452327106738904, 35.902074804818511 ], [ 14.452084401712074, 35.901960592209562 ], [ 14.451798865910805, 35.901789270076527 ], [ 14.4510136440294, 35.901603671650761 ], [ 14.451170688405677, 35.900889833708725 ], [ 14.450485404099597, 35.900718512168559 ], [ 14.450042823922052, 35.900190272056925 ], [ 14.449800118895224, 35.899804799756808 ], [ 14.449171941390093, 35.899890458651434 ], [ 14.448986343164181, 35.899733416303583 ], [ 14.448258227185363, 35.899776245801085 ], [ 14.448243951158856, 35.899276558640949 ], [ 14.448258227185363, 35.899033853890757 ], [ 14.448657978385093, 35.898562720813821 ], [ 14.448558039013109, 35.898448506775324 ], [ 14.448058352932945, 35.89836284704792 ], [ 14.447701433405953, 35.898220078931622 ], [ 14.446887658573242, 35.898234356191438 ], [ 14.446487910068438, 35.898191525131928 ], [ 14.446429206062914, 35.898009545809934 ], [ 14.446424448585187, 35.897842173044936 ], [ 14.446318918098866, 35.897593934143252 ], [ 14.446228920382127, 35.897406832646446 ], [ 14.445996923273466, 35.897079656656537 ], [ 14.445657848779582, 35.897198630363292 ], [ 14.445396109350188, 35.897323552089958 ], [ 14.445146265411791, 35.897513908766292 ], [ 14.445012420926059, 35.89767452194689 ], [ 14.44496691586702, 35.897705656335596 ], [ 14.444987778341179, 35.898054824919377 ], [ 14.444881549863881, 35.898055236064572 ], [ 14.444658475720956, 35.89807903081806 ], [ 14.444560323098065, 35.89807605601947 ], [ 14.443986278071961, 35.897939236993764 ], [ 14.443229951399964, 35.897876009289355 ], [ 14.442387621819282, 35.89789028588352 ], [ 14.442059256141897, 35.897818902886783 ], [ 14.441545293136929, 35.897647579793549 ], [ 14.44101705230883, 35.897533367345368 ], [ 14.439889187825207, 35.897547644001385 ], [ 14.439375223921942, 35.897404875142492 ], [ 14.438808913390414, 35.897357285950754 ], [ 14.437838092384769, 35.897300179174017 ], [ 14.437114735680309, 35.896900429855464 ], [ 14.436124881170427, 35.897376321776427 ], [ 14.435039844766322, 35.897623785638068 ], [ 14.434001507282227, 35.897965169739734 ], [ 14.434367040754486, 35.898962041137374 ], [ 14.434656946859604, 35.901344996070392 ], [ 14.435303345791958, 35.902362907138595 ], [ 14.435496000284438, 35.902574999675508 ], [ 14.436191879320949, 35.904041009870234 ], [ 14.436386607125097, 35.904373091889795 ], [ 14.437135594561209, 35.905304538333539 ], [ 14.438158056119299, 35.90527650588578 ] ] ] } },
{ "type": "Feature", "properties": { "LocalityId": 50, "LAU_Name": "Ir-Rabat", "LAU_Latin": "Rabat (Malta)", "Region": "Punent (Western)", "Area_Km2": 26.567256, "Population": 11936.0, "NUTS3": "MT001", "LAU": "MT01450", "GREAT_CID": null, "GREAT_CIN": null, "FUA_ID": "MT001L", "FUA_Name": "Malta", "Shape__Are": 40559758.468800001, "Shape__Len": 43497.521526899996 }, "geometry": { "type": "Polygon", "coordinates": [ [ [ 14.404725722091538, 35.907502339083671 ], [ 14.404869820846274, 35.907347566688379 ], [ 14.405202944899717, 35.90682408500799 ], [ 14.405643146338383, 35.906371988308848 ], [ 14.406452161896739, 35.905753328277903 ], [ 14.407511022291821, 35.904968106102089 ], [ 14.408242638106962, 35.904617199146664 ], [ 14.408794589068687, 35.904223144136132 ], [ 14.409212337116832, 35.904361342805664 ], [ 14.409807202396264, 35.904266164754631 ], [ 14.409766444933524, 35.904116446003357 ], [ 14.409830996971515, 35.903825964142911 ], [ 14.409973765321316, 35.903576120643208 ], [ 14.410199813786162, 35.903266790854445 ], [ 14.410449657724559, 35.902981256047042 ], [ 14.410758988101048, 35.902719515023222 ], [ 14.411092111256194, 35.902493465822815 ], [ 14.411532311796527, 35.902303108751738 ], [ 14.411841642173052, 35.902100854089404 ], [ 14.411948715965018, 35.901958086894176 ], [ 14.412103381602444, 35.901446503178711 ], [ 14.412139074363619, 35.901244247782685 ], [ 14.412246149053917, 35.901041994780456 ], [ 14.412507890279935, 35.900804049281895 ], [ 14.412555479430438, 35.900637485770197 ], [ 14.412555479430438, 35.900459025983139 ], [ 14.412686349594281, 35.90029246465609 ], [ 14.413114652847026, 35.900363848332809 ], [ 14.413294323988689, 35.900481935896977 ], [ 14.41382732319285, 35.899948936678868 ], [ 14.413808286993657, 35.899663402999671 ], [ 14.413503715891524, 35.899073295682705 ], [ 14.413065895886664, 35.898616440759135 ], [ 14.412190254080318, 35.898045369306253 ], [ 14.411961825079961, 35.897702726640006 ], [ 14.411790504677182, 35.897417190679541 ], [ 14.411562075676859, 35.896922263073982 ], [ 14.41057222116698, 35.895151945212767 ], [ 14.410039221064487, 35.89450473112835 ], [ 14.409620437258821, 35.893819445681835 ], [ 14.40913283980743, 35.892710009762418 ], [ 14.408677080446369, 35.890893000198623 ], [ 14.408216810644248, 35.890972250658734 ], [ 14.407364740630939, 35.890685785818576 ], [ 14.407081942894653, 35.890621540008119 ], [ 14.406808169633742, 35.890591536682265 ], [ 14.405961081677001, 35.890686715893835 ], [ 14.405685064424473, 35.890819964705642 ], [ 14.405504224574653, 35.890943697155855 ], [ 14.405342421822287, 35.89119116074837 ], [ 14.405212780553738, 35.891561307818122 ], [ 14.404990261569653, 35.891857409964203 ], [ 14.404845038124217, 35.891999044810511 ], [ 14.404330454383388, 35.892293178228449 ], [ 14.403721312179089, 35.892483535356995 ], [ 14.403285077700707, 35.892714342725057 ], [ 14.40303523376231, 35.892987981135192 ], [ 14.402904363598465, 35.893249722319013 ], [ 14.402892467209169, 35.893582845879777 ], [ 14.40301144008539, 35.89392786785794 ], [ 14.403534920740803, 35.895070009290293 ], [ 14.403653893617022, 35.895462620240586 ], [ 14.403677689090605, 35.895986102117341 ], [ 14.403594408077227, 35.896069383353179 ], [ 14.403392153289333, 35.896045587995594 ], [ 14.403308872275957, 35.89614076719986 ], [ 14.403059029235891, 35.89614076719986 ], [ 14.402844877160369, 35.896105075284545 ], [ 14.402690212421275, 35.896116971863734 ], [ 14.402511753106928, 35.896164561073391 ], [ 14.402297601031375, 35.896176459099038 ], [ 14.402083449854187, 35.896093177248176 ], [ 14.401845504101713, 35.896021794086302 ], [ 14.401548071012849, 35.895914718131188 ], [ 14.401286329786826, 35.89592661473899 ], [ 14.40098889669793, 35.895902820793935 ], [ 14.400715259082617, 35.895902820793935 ], [ 14.400453517856596, 35.89592661473899 ], [ 14.400251264865295, 35.89592661473899 ], [ 14.399715886023955, 35.895771949965791 ], [ 14.399418452935091, 35.895807642031308 ], [ 14.39922809723142, 35.895914718131188 ], [ 14.399002046969976, 35.896021794086302 ], [ 14.398787894894422, 35.896045587995594 ], [ 14.398585642801486, 35.895997998714414 ], [ 14.398383388911888, 35.895902820793935 ], [ 14.397990776623693, 35.895688669144768 ], [ 14.397657651671951, 35.895652977025662 ], [ 14.397538679694028, 35.895581592739127 ], [ 14.397384014056602, 35.895426928019567 ], [ 14.397312630330886, 35.895165188212047 ], [ 14.397169862879416, 35.894320478650698 ], [ 14.397062787290785, 35.894046841207462 ], [ 14.396967609888147, 35.893868381116121 ], [ 14.396824840640017, 35.893523360334207 ], [ 14.396574997599949, 35.893166440300149 ], [ 14.396432231046775, 35.892904700296441 ], [ 14.396134797059583, 35.892607266662921 ], [ 14.395908747696437, 35.892262244751549 ], [ 14.395789774820216, 35.892024299059798 ], [ 14.39573028928042, 35.89196481307097 ], [ 14.395563727253702, 35.891905326309626 ], [ 14.395040244801658, 35.891905326309626 ], [ 14.394873682774936, 35.891893429097593 ], [ 14.394433483132898, 35.891798249881106 ], [ 14.393743438654138, 35.891619791270919 ], [ 14.393327032689017, 35.891477022637666 ], [ 14.39307718964892, 35.891358049792842 ], [ 14.392736834157441, 35.891058074850655 ], [ 14.391835713434689, 35.890780005732438 ], [ 14.391330665310617, 35.890353661656746 ], [ 14.390971367044747, 35.889882784037084 ], [ 14.390674304061751, 35.889582933776218 ], [ 14.390584757299285, 35.889295770343672 ], [ 14.390483577353875, 35.888502696647734 ], [ 14.390995160721664, 35.888359928216211 ], [ 14.391280697421236, 35.888240955782187 ], [ 14.39131638928411, 35.88805059791482 ], [ 14.391540058111746, 35.887177336914455 ], [ 14.391533880397539, 35.886517021346656 ], [ 14.391209312797185, 35.886016160975885 ], [ 14.390816702305649, 35.885361808112989 ], [ 14.390638242092972, 35.884874019215403 ], [ 14.390626344805348, 35.884457612959928 ], [ 14.390435988203375, 35.884041206698456 ], [ 14.390483577353875, 35.88388654272552 ], [ 14.390923777894244, 35.883803261047881 ], [ 14.391161723646716, 35.883850851108569 ], [ 14.391399670297487, 35.884088797343935 ], [ 14.391566232324209, 35.884314845969328 ], [ 14.391732794350929, 35.884564689125675 ], [ 14.391804178076649, 35.884743148352442 ], [ 14.392256275904643, 35.885111965287962 ], [ 14.392553708095207, 35.885373706306474 ], [ 14.392732168307852, 35.885718727666507 ], [ 14.392732168307852, 35.886004264334495 ], [ 14.392851141184106, 35.886016160975885 ], [ 14.393279444436848, 35.885920981972625 ], [ 14.394933645320156, 35.885226178915929 ], [ 14.395133519572543, 35.885290424737079 ], [ 14.395311979785223, 35.885318978095135 ], [ 14.395768835989239, 35.885176211201752 ], [ 14.395693467336894, 35.885790181253284 ], [ 14.395640344564276, 35.885854356747878 ], [ 14.395518992949174, 35.885882909902612 ], [ 14.395276287922345, 35.886575333854104 ], [ 14.395626067639473, 35.886618163920282 ], [ 14.396254246042931, 35.886618163920282 ], [ 14.396482674144922, 35.886646716799618 ], [ 14.396896701371194, 35.886782347930634 ], [ 14.397082298698777, 35.886896561332897 ], [ 14.397996012005176, 35.887517600147397 ], [ 14.398438591284426, 35.887781718894551 ], [ 14.398578345786431, 35.887703906256938 ], [ 14.399213961342127, 35.88724092978061 ], [ 14.399286777880716, 35.887177325269818 ], [ 14.399362920880858, 35.887034557359875 ], [ 14.399391474730461, 35.886848960002155 ], [ 14.399201118128488, 35.886658601699736 ], [ 14.399034555203473, 35.886434933111879 ], [ 14.399053591402666, 35.886287406970474 ], [ 14.399491413204151, 35.88596379929227 ], [ 14.400038689333112, 35.885611639232771 ], [ 14.399700805106985, 35.885583085980223 ], [ 14.399429547128847, 35.885540255354222 ], [ 14.399410510929654, 35.885464113741044 ], [ 14.399895920085015, 35.885150023900209 ], [ 14.400342053997811, 35.884948341140287 ], [ 14.400624036063798, 35.884854970922106 ], [ 14.401176070568853, 35.88475027364165 ], [ 14.401523472445396, 35.884597988823003 ], [ 14.401618650746398, 35.884407631660117 ], [ 14.401754140047421, 35.884074714772176 ], [ 14.401881313643909, 35.883970081236107 ], [ 14.401982772965349, 35.883940220954095 ], [ 14.402625962217208, 35.883668833728521 ], [ 14.403330672591284, 35.883468934734118 ], [ 14.403229545646502, 35.883213141773929 ], [ 14.402872627017809, 35.882743199171152 ], [ 14.402676320873695, 35.882552841917168 ], [ 14.40268821816132, 35.882463611705887 ], [ 14.403033240400719, 35.882558791225144 ], [ 14.403277134796969, 35.882701557742131 ], [ 14.403586465173493, 35.882951402348716 ], [ 14.404669120143792, 35.883391601862748 ], [ 14.405061730635362, 35.883516524267904 ], [ 14.40540127135487, 35.883512240293967 ], [ 14.406220737913259, 35.883345801249909 ], [ 14.407283706304101, 35.883076783252228 ], [ 14.40815491222958, 35.882978064921929 ], [ 14.409804963794597, 35.883045986645811 ], [ 14.412728268578704, 35.883265970357421 ], [ 14.413435525676618, 35.883383215857542 ], [ 14.413451789674834, 35.882921508930281 ], [ 14.413423236723524, 35.882543174836663 ], [ 14.413251915422416, 35.881793644978828 ], [ 14.413194807723203, 35.881201159062371 ], [ 14.413044902258463, 35.880872793034627 ], [ 14.412795058320068, 35.880601535045692 ], [ 14.412431000779806, 35.880251753789395 ], [ 14.412195434664545, 35.879880558145409 ], [ 14.412002696628768, 35.87942370092393 ], [ 14.411909898863273, 35.878945430155206 ], [ 14.412038390288272, 35.878488573363235 ], [ 14.411931313801345, 35.878331529324299 ], [ 14.412231125629091, 35.877874671175313 ], [ 14.412530938355166, 35.877367847213549 ], [ 14.41288785788219, 35.876511239704769 ], [ 14.413530312312119, 35.874690954843992 ], [ 14.413858677989504, 35.873934284839244 ], [ 14.413908646777182, 35.873762963932244 ], [ 14.413927170038367, 35.873675606206703 ], [ 14.413958614666567, 35.87205689003541 ], [ 14.414068403167329, 35.871385730283627 ], [ 14.414078880218476, 35.871080040350805 ], [ 14.414201319693396, 35.87031512536231 ], [ 14.414336950029927, 35.869786884056353 ], [ 14.414822360083583, 35.869244366935973 ], [ 14.415400568801068, 35.868673296944522 ], [ 14.415736073389986, 35.86830210091744 ], [ 14.416028746306196, 35.867880936174622 ], [ 14.416285728257828, 35.867438355899274 ], [ 14.416799692161124, 35.866895838715529 ], [ 14.416986763624113, 35.866654575120428 ], [ 14.416909227336973, 35.866594976167001 ], [ 14.416521295271421, 35.866446120907575 ], [ 14.416214343633779, 35.866260523354988 ], [ 14.416027477885029, 35.866005911674563 ], [ 14.415874198348087, 35.86585949988752 ], [ 14.415500506376425, 35.86565376116409 ], [ 14.415307770137277, 35.865489577038389 ], [ 14.414644154094152, 35.864853932270208 ], [ 14.413754212006813, 35.86416987829049 ], [ 14.413623110975912, 35.863961964273045 ], [ 14.413374833699386, 35.863823526191659 ], [ 14.41267370580667, 35.863619319733921 ], [ 14.411888483925235, 35.863333786097087 ], [ 14.411552980234614, 35.863269540668647 ], [ 14.411210336734094, 35.863083942957054 ], [ 14.411017601393244, 35.862926898960119 ], [ 14.410172867022565, 35.862579059915575 ], [ 14.407675022323319, 35.86194947079192 ], [ 14.407405834063594, 35.861848491102712 ], [ 14.407134320963946, 35.86171337276221 ], [ 14.406777402335255, 35.861556328961747 ], [ 14.406548974233226, 35.861499223305557 ], [ 14.406213469644277, 35.861584882138409 ], [ 14.405956487692645, 35.861706235208572 ], [ 14.405571015214312, 35.861756203894529 ], [ 14.405149850873135, 35.861863278712065 ], [ 14.405007083421665, 35.862013185106399 ], [ 14.404907145846305, 35.86222019785118 ], [ 14.404700131784024, 35.862255889749484 ], [ 14.404328937128856, 35.86237724397639 ], [ 14.40411370797332, 35.862481660690868 ], [ 14.403444100167253, 35.862570403069022 ], [ 14.40331524222964, 35.862569562937701 ], [ 14.402837014206677, 35.862477179742733 ], [ 14.402173144838672, 35.862234475049227 ], [ 14.402008962449127, 35.862184506664782 ], [ 14.401680595873449, 35.862270166941094 ], [ 14.40084734107378, 35.862553473765949 ], [ 14.400181345393479, 35.862549133329132 ], [ 14.398741858032741, 35.862621060641551 ], [ 14.397776852720268, 35.862682107694702 ], [ 14.397467522343746, 35.863514918350319 ], [ 14.396694196851639, 35.864204962885417 ], [ 14.39620640716077, 35.864799828334547 ], [ 14.396063639709299, 35.865299514656833 ], [ 14.395369233909827, 35.866562216342544 ], [ 14.395207430259164, 35.867033349084998 ], [ 14.395131287259058, 35.86739502699259 ], [ 14.395121769608643, 35.867566347837048 ], [ 14.395264537060113, 35.868170730953096 ], [ 14.395335920785831, 35.86867517726693 ], [ 14.395316884586673, 35.868979748142813 ], [ 14.395278813984916, 35.869193899953672 ], [ 14.395278813984916, 35.869379497915688 ], [ 14.395354956985024, 35.869512746906544 ], [ 14.395083698108587, 35.869645997129261 ], [ 14.394489986265931, 35.870064352075396 ], [ 14.394012941324213, 35.870331282113149 ], [ 14.393584638071468, 35.870450255243917 ], [ 14.393564410706194, 35.870121693966603 ], [ 14.393532289646581, 35.869974363104916 ], [ 14.393399039845557, 35.869817318202905 ], [ 14.393256272394083, 35.869764969833028 ], [ 14.393103987292168, 35.869836354097501 ], [ 14.392994531168066, 35.869907738297712 ], [ 14.392970736592813, 35.870002916160658 ], [ 14.392807068937941, 35.870168613072678 ], [ 14.392728031565984, 35.870269416189259 ], [ 14.392675684039425, 35.870388388685008 ], [ 14.392499604362291, 35.870459773115805 ], [ 14.392290210662795, 35.870578746053646 ], [ 14.391919015109298, 35.870816692121359 ], [ 14.391709623206467, 35.870902353258757 ], [ 14.391281319953722, 35.870512121026607 ], [ 14.391099057172465, 35.870274430281256 ], [ 14.390991024878094, 35.870069540887876 ], [ 14.390933918077179, 35.87004098785615 ], [ 14.390662660099041, 35.870264656878092 ], [ 14.390572109918384, 35.8704228503181 ], [ 14.390167732394938, 35.870869039796361 ], [ 14.389737459136759, 35.871013867795561 ], [ 14.389644726049987, 35.871081558830632 ], [ 14.389206429938035, 35.871306861316491 ], [ 14.388957672961126, 35.871598239924779 ], [ 14.388559216233713, 35.871935038895252 ], [ 14.38825464513158, 35.872163466863512 ], [ 14.387712128276974, 35.8727059836515 ], [ 14.387207681125828, 35.872387135717481 ], [ 14.386774620395324, 35.872144430800041 ], [ 14.386964976098998, 35.871839859713489 ], [ 14.387374244949175, 35.871306861316491 ], [ 14.387726405201779, 35.871002289922082 ], [ 14.387969110228639, 35.870878558345908 ], [ 14.388135672255361, 35.870764343683767 ], [ 14.388245126582834, 35.87063585317506 ], [ 14.388297475007692, 35.870421702349425 ], [ 14.388278439706831, 35.87034079999934 ], [ 14.388230850556328, 35.870221826704231 ], [ 14.388159466830579, 35.870159960694878 ], [ 14.388045252330416, 35.87011713119233 ], [ 14.387926280352493, 35.870088576721884 ], [ 14.387754957254788, 35.870007674759634 ], [ 14.387521769878374, 35.869812560320455 ], [ 14.386988770674213, 35.869522264890996 ], [ 14.386660404996832, 35.869312873336234 ], [ 14.386484327116323, 35.869189141305824 ], [ 14.386336800390465, 35.869065409082154 ], [ 14.386270175939101, 35.869041614345647 ], [ 14.385903737863366, 35.869193899953672 ], [ 14.385446881659313, 35.869555578191644 ], [ 14.38531839023435, 35.869769729174266 ], [ 14.38514706983157, 35.870007674759634 ], [ 14.384932917756016, 35.870269416189259 ], [ 14.384823461631914, 35.870198032314924 ], [ 14.384585515879474, 35.870321764225871 ], [ 14.384423713127109, 35.870302729175791 ], [ 14.384371364702252, 35.870250379670736 ], [ 14.383972035710688, 35.870076610717078 ], [ 14.383496992215402, 35.869923917698046 ], [ 14.383230492613324, 35.869885846674208 ], [ 14.382455754969577, 35.869677393681663 ], [ 14.382266039764735, 35.869653000024705 ], [ 14.381895004111355, 35.869576800918132 ], [ 14.380797492802857, 35.869289203154338 ], [ 14.380422729141054, 35.869105384107002 ], [ 14.3792805868343, 35.869067311961921 ], [ 14.378947462780889, 35.869000687120042 ], [ 14.378500124227253, 35.869010205166006 ], [ 14.37814796397465, 35.868915026838643 ], [ 14.37783387522207, 35.86897213370316 ], [ 14.377538821770383, 35.868934062950004 ], [ 14.376748840614558, 35.868895990722663 ], [ 14.374455129080507, 35.868499019326578 ], [ 14.373750670234685, 35.868584209066533 ], [ 14.372903631685283, 35.868619973806837 ], [ 14.37278941898175, 35.868734187920033 ], [ 14.372306730823398, 35.869117013942528 ], [ 14.37183726676435, 35.869226936041258 ], [ 14.371095241271675, 35.869076829999933 ], [ 14.370362366916799, 35.869067311961921 ], [ 14.369895993062334, 35.869029241254552 ], [ 14.369505761309643, 35.868905508781197 ], [ 14.369258297906757, 35.868696116324635 ], [ 14.36903938655685, 35.868467687823816 ], [ 14.368630120401596, 35.86767770691533 ], [ 14.368449280551776, 35.867239885726079 ], [ 14.36798088009799, 35.86664403034068 ], [ 14.367783032444889, 35.866345208825905 ], [ 14.367678334696844, 35.866345208825905 ], [ 14.367459425143565, 35.866497493791883 ], [ 14.366810944814668, 35.867090201786262 ], [ 14.366383909084798, 35.86737313613088 ], [ 14.366139788313076, 35.867346158188873 ], [ 14.365641517079506, 35.867649153749781 ], [ 14.365413088977482, 35.867715779000065 ], [ 14.365146589375403, 35.867772886000907 ], [ 14.365060927826551, 35.867887099879063 ], [ 14.364870571224579, 35.867868064244135 ], [ 14.364375642622143, 35.867068564903782 ], [ 14.363557107616742, 35.865888352172277 ], [ 14.363252537412908, 35.865659924313803 ], [ 14.363043143713446, 35.865450532017149 ], [ 14.362993724694725, 35.864837424236548 ], [ 14.362074000760746, 35.864434979064697 ], [ 14.361234755994763, 35.864251282709631 ], [ 14.36073982739236, 35.864612960938068 ], [ 14.359984920058508, 35.864200979987878 ], [ 14.359644412751756, 35.863811787106499 ], [ 14.359542962413451, 35.863866054061724 ], [ 14.35938173817615, 35.864056617107067 ], [ 14.359300257386623, 35.864184902067358 ], [ 14.359300257386623, 35.864284839194404 ], [ 14.359343088161033, 35.864384776923508 ], [ 14.359300257386623, 35.864527544161312 ], [ 14.3590861062094, 35.864527544161312 ], [ 14.358728849814163, 35.864477668950471 ], [ 14.358601300721922, 35.864471727748594 ], [ 14.358357991128914, 35.864527544161312 ], [ 14.358172392902999, 35.864641758348782 ], [ 14.357946480982077, 35.864695976687905 ], [ 14.357753032378895, 35.865102379363108 ], [ 14.357753032378895, 35.865239196884005 ], [ 14.357687597296989, 35.86538196476662 ], [ 14.357515085728126, 35.865608014358799 ], [ 14.357076839921842, 35.866089000219787 ], [ 14.356651086087863, 35.866307133170842 ], [ 14.355962487896726, 35.866583592746522 ], [ 14.355201059692243, 35.866833435773941 ], [ 14.354683526782312, 35.866851282142299 ], [ 14.354616562767777, 35.866825316639513 ], [ 14.354415096700704, 35.866819559792035 ], [ 14.354262811598785, 35.866705345831193 ], [ 14.354081972647258, 35.866705345831193 ], [ 14.353863062195682, 35.866667274716995 ], [ 14.353760871645569, 35.866711888903993 ], [ 14.353703764844653, 35.86676899735626 ], [ 14.353546721366676, 35.866854657045494 ], [ 14.353403953016876, 35.86686893413674 ], [ 14.353353093100441, 35.866954537663801 ], [ 14.35281860628619, 35.86705453172037 ], [ 14.352492492685229, 35.867285935154314 ], [ 14.352502011233973, 35.867523880918299 ], [ 14.352281550290204, 35.86786858910915 ], [ 14.35213720180381, 35.867980766725616 ], [ 14.351949975830623, 35.867961701994481 ], [ 14.351914307323939, 35.867976564171748 ], [ 14.351862062205345, 35.868053904812456 ], [ 14.351706506337496, 35.868073350247712 ], [ 14.351663880378926, 35.868120030337941 ], [ 14.351675191066679, 35.868199471745719 ], [ 14.351781123998233, 35.868236006846352 ], [ 14.35187633913015, 35.868210950297545 ], [ 14.352390303033449, 35.868225227144379 ], [ 14.352629478579516, 35.868320147873085 ], [ 14.352778027588169, 35.868342414830416 ], [ 14.353130187840806, 35.868570843692346 ], [ 14.353491865743855, 35.868780235752013 ], [ 14.353844026894787, 35.868961075293456 ], [ 14.354148597996918, 35.869237093204994 ], [ 14.354443651448639, 35.869674914278981 ], [ 14.35459527000061, 35.870042341839664 ], [ 14.35461906367753, 35.870173212241347 ], [ 14.35461906367753, 35.870282257883879 ], [ 14.354510945144872, 35.870409796814336 ], [ 14.35446716305457, 35.870430736141635 ], [ 14.354404344765042, 35.870425026144503 ], [ 14.354246349072877, 35.870440254015826 ], [ 14.354143555753245, 35.870430736141635 ], [ 14.354004941213322, 35.870441723007673 ], [ 14.353682223244125, 35.870341163244035 ], [ 14.353358616841129, 35.87033164535795 ], [ 14.353148306860062, 35.870424577730631 ], [ 14.352920795937939, 35.870274538017291 ], [ 14.3525876709862, 35.870245984331525 ], [ 14.352168886282202, 35.87028405591024 ], [ 14.351559744077932, 35.870436341314317 ], [ 14.351064816373828, 35.870502965677112 ], [ 14.350693753771003, 35.870597550279484 ], [ 14.350578739770226, 35.870589617884207 ], [ 14.350493079119669, 35.87051347500207 ], [ 14.35032673089199, 35.870479057812986 ], [ 14.350293872315525, 35.870436341314317 ], [ 14.350196449124676, 35.870389578146963 ], [ 14.350102847367014, 35.870399261269597 ], [ 14.34998863286682, 35.870370706900822 ], [ 14.349926683248217, 35.870308757294012 ], [ 14.3498631292385, 35.870302181760621 ], [ 14.349655508813409, 35.870323118204531 ], [ 14.349588884362046, 35.870389742662525 ], [ 14.349560329614111, 35.870456367792457 ], [ 14.349417563060937, 35.870570582170529 ], [ 14.349064703020696, 35.870613669847664 ], [ 14.348885231305019, 35.870588627153666 ], [ 14.348751314055754, 35.870532510729433 ], [ 14.348297224662762, 35.870596026694741 ], [ 14.348085497140209, 35.870569590711789 ], [ 14.347850291249351, 35.870666554150347 ], [ 14.347457553197025, 35.870712359182647 ], [ 14.347029249944283, 35.870740911972398 ], [ 14.346879471142035, 35.870737936874647 ], [ 14.346636766115207, 35.870966366110373 ], [ 14.34613204857113, 35.871517602288286 ], [ 14.345512008904141, 35.871883446789084 ], [ 14.344839000076435, 35.872210980205814 ], [ 14.3445935318318, 35.872415000741306 ], [ 14.344287445271766, 35.872569328974635 ], [ 14.344144676921964, 35.872683543218635 ], [ 14.344066782207047, 35.872934892009113 ], [ 14.344087570121047, 35.87297859713351 ], [ 14.344173230771602, 35.873054739102514 ], [ 14.344129955331097, 35.873143858350218 ], [ 14.344192266072463, 35.873187989192068 ], [ 14.34430647967433, 35.873311720801418 ], [ 14.344315998223072, 35.873444971186707 ], [ 14.34424937287338, 35.873511595931284 ], [ 14.343638564294263, 35.873501292276387 ], [ 14.343592642416942, 35.873540149168143 ], [ 14.343497464115973, 35.87356870312265 ], [ 14.343411802567088, 35.87356870312265 ], [ 14.343124147640095, 35.873501656962517 ], [ 14.342555196959932, 35.873483041956256 ], [ 14.342216948916112, 35.873423351325648 ], [ 14.342126711349215, 35.873444176301497 ], [ 14.342145929906383, 35.873530631666327 ], [ 14.342088823105467, 35.873549666668865 ], [ 14.342003161556583, 35.873559184896337 ], [ 14.341793769653746, 35.873692434865362 ], [ 14.341841358804249, 35.873759060129828 ], [ 14.341879430304303, 35.873892309762688 ], [ 14.34191691969607, 35.874135531965614 ], [ 14.341907984153943, 35.87428254136104 ], [ 14.341869911755559, 35.874396755319076 ], [ 14.341735471686782, 35.874557039791839 ], [ 14.341638335956768, 35.874793170164992 ], [ 14.341604078703426, 35.875023943201256 ], [ 14.341537079654573, 35.875182959857632 ], [ 14.341442535564186, 35.875260053257392 ], [ 14.341404205349335, 35.875471280868801 ], [ 14.341241735148726, 35.87563407513926 ], [ 14.341127520648566, 35.87563407513926 ], [ 14.341071752337424, 35.875547552191662 ], [ 14.341013306148403, 35.875500824796383 ], [ 14.34072777124543, 35.875557932009649 ], [ 14.340520381687391, 35.875665467135256 ], [ 14.340413681594551, 35.875995753095722 ], [ 14.340340344033079, 35.876123416033465 ], [ 14.340280431793527, 35.876414538180363 ], [ 14.340175409753666, 35.876492746235243 ], [ 14.340051000273311, 35.876691000342227 ], [ 14.339862421437296, 35.876879969776788 ], [ 14.339329314435318, 35.877279670956739 ], [ 14.338838050060941, 35.877628104932569 ], [ 14.338163755744056, 35.878410736309519 ], [ 14.338148434976892, 35.87851798223749 ], [ 14.337476366685276, 35.879160185360725 ], [ 14.337114839699176, 35.879303969733265 ], [ 14.336870974048994, 35.879556146205097 ], [ 14.336787384015183, 35.879564945312531 ], [ 14.336644615665417, 35.879612534280575 ], [ 14.336492330563496, 35.879726747832812 ], [ 14.336454259063444, 35.879840961948283 ], [ 14.336454259063444, 35.879983729724898 ], [ 14.336477464343865, 35.88003676935714 ], [ 14.336468754278876, 35.881003127318905 ], [ 14.336498498396235, 35.881235123968814 ], [ 14.336587726256763, 35.881615837802727 ], [ 14.336831620653053, 35.882020345747314 ], [ 14.336831620653053, 35.882347522102215 ], [ 14.336867313414224, 35.882609262795249 ], [ 14.33723613022884, 35.884441448172723 ], [ 14.337200438365997, 35.884929236823417 ], [ 14.337271822091715, 35.885315900196197 ], [ 14.337307513954592, 35.885422975929309 ], [ 14.337271822091715, 35.885666870154793 ], [ 14.337123105098135, 35.886005944100205 ], [ 14.336908953920911, 35.88655321976394 ], [ 14.33664721269489, 35.887433620700286 ], [ 14.336659109982516, 35.887576387890761 ], [ 14.336629366763452, 35.887742949045077 ], [ 14.336516343429343, 35.888105816946855 ], [ 14.336504590770483, 35.888125403744588 ], [ 14.336340044563281, 35.88812148609432 ], [ 14.336254383912729, 35.888245217666856 ], [ 14.336187760359662, 35.888407022104239 ], [ 14.336083062611618, 35.888597379114778 ], [ 14.336064837591138, 35.888966199933243 ], [ 14.336046398771613, 35.889033807945353 ], [ 14.335814401662988, 35.889384778164839 ], [ 14.335653789178377, 35.889670313258158 ], [ 14.335540764047638, 35.890027233042119 ], [ 14.335386099308543, 35.890384151944971 ], [ 14.335088666219646, 35.89086004373857 ], [ 14.334934000582253, 35.891300243684562 ], [ 14.334797181774595, 35.891579831245849 ], [ 14.334487852296402, 35.892031928021872 ], [ 14.334216593419935, 35.892225097782408 ], [ 14.333923079680639, 35.892727019950669 ], [ 14.333460423953127, 35.893091032300788 ], [ 14.33330385298899, 35.893127871759134 ], [ 14.333211189970793, 35.893222810680065 ], [ 14.333169959994212, 35.89323399014571 ], [ 14.332107830629825, 35.894043030826147 ], [ 14.331809551327929, 35.894146282198705 ], [ 14.331710731256793, 35.894253832111964 ], [ 14.331562087026711, 35.894365192245083 ], [ 14.331485944924934, 35.894565066644468 ], [ 14.331518665160845, 35.894585202002673 ], [ 14.331483782680055, 35.894673129760335 ], [ 14.331107750597051, 35.894874116793723 ], [ 14.331019570172137, 35.894850601976863 ], [ 14.330720086229432, 35.894987710879015 ], [ 14.330537394951794, 35.89513075116971 ], [ 14.329896464962905, 35.895535887230132 ], [ 14.329430090210108, 35.895783351023496 ], [ 14.329168463968447, 35.896192366065236 ], [ 14.329030340806971, 35.896306832234743 ], [ 14.328954197806864, 35.896430564114688 ], [ 14.328906608656363, 35.896706581640082 ], [ 14.328906608656363, 35.896849348847546 ], [ 14.328982751656472, 35.896906455949569 ], [ 14.329116000559194, 35.896887420738615 ], [ 14.32918262590889, 35.89673513524771 ], [ 14.329401537258798, 35.896535261233311 ], [ 14.329506233210214, 35.896478153135831 ], [ 14.329563340011131, 35.896516225205431 ], [ 14.329572857661578, 35.896668509662028 ], [ 14.329392018710054, 35.897220545001794 ], [ 14.329334911909106, 35.897315724248728 ], [ 14.329220698307275, 35.897401383653907 ], [ 14.329068412307024, 35.897677402160355 ], [ 14.328878054806754, 35.898077151193625 ], [ 14.32871625205439, 35.8982008832172 ], [ 14.328630591403869, 35.898334133208344 ], [ 14.328621073753423, 35.898419793694515 ], [ 14.328640109054284, 35.898524489637502 ], [ 14.328782877404084, 35.898648221689527 ], [ 14.328897091005947, 35.898667257932452 ], [ 14.328906608656363, 35.898714847064333 ], [ 14.328963716355608, 35.89874339994757 ], [ 14.329239732709803, 35.898762436167544 ], [ 14.329296840409052, 35.898790989761302 ], [ 14.329306358059499, 35.898867131657383 ], [ 14.329201662108082, 35.898895685941021 ], [ 14.329062435815437, 35.898896850961435 ], [ 14.328987793001847, 35.89894634575564 ], [ 14.329049376107832, 35.899162186270395 ], [ 14.329254870220661, 35.899214670935926 ], [ 14.329344534662448, 35.899275288840293 ], [ 14.329725142763461, 35.899466757080695 ], [ 14.329820321962764, 35.899580971105259 ], [ 14.32992501791418, 35.899666630969804 ], [ 14.330048750064789, 35.899818916642396 ], [ 14.330115375414481, 35.899933130886502 ], [ 14.330239106666761, 35.899942648854001 ], [ 14.330819695021422, 35.900104451943641 ], [ 14.33085776741977, 35.900190112696976 ], [ 14.330724516720419, 35.900228183708883 ], [ 14.330505607167172, 35.90026625470248 ], [ 14.330524641569701, 35.90057082635807 ], [ 14.330581460011448, 35.900715849637947 ], [ 14.330772556825195, 35.900864914102733 ], [ 14.33081530136135, 35.900887583042085 ], [ 14.331076676973053, 35.900961058215927 ], [ 14.331105230822692, 35.901218040327272 ], [ 14.331037634394171, 35.901288031153868 ], [ 14.33104972032802, 35.901346444842289 ], [ 14.331228962973269, 35.90149405716727 ], [ 14.331400284274377, 35.901722485749772 ], [ 14.331524016424988, 35.901950913672998 ], [ 14.331560981200617, 35.90206180819451 ], [ 14.331609677075543, 35.902103199316535 ], [ 14.331628712376403, 35.90224596697761 ], [ 14.331628712376403, 35.902379216707864 ], [ 14.331575392872718, 35.902459195689815 ], [ 14.331555166405771, 35.902596735279147 ], [ 14.331337029403661, 35.902804360164616 ], [ 14.331300568582904, 35.902819679315456 ], [ 14.331272197989605, 35.902810534976844 ], [ 14.331076676973053, 35.902864626777081 ], [ 14.330938663406055, 35.902870426119065 ], [ 14.33087107057082, 35.902935078930263 ], [ 14.33087107057082, 35.903114268054935 ], [ 14.330787789557478, 35.903268933034667 ], [ 14.330305949408752, 35.903840003909359 ], [ 14.32990739027337, 35.904226665884401 ], [ 14.329407703294908, 35.904625225636458 ], [ 14.328937758637181, 35.90487506873469 ], [ 14.328592737296111, 35.904922657772154 ], [ 14.328438071658686, 35.905071375239828 ], [ 14.32838505937884, 35.905173867139105 ], [ 14.32843071715145, 35.905548658724939 ], [ 14.328329461747584, 35.905582410181232 ], [ 14.328283407817919, 35.905826854233574 ], [ 14.328325048324576, 35.906249207682848 ], [ 14.328123042370011, 35.906341344103225 ], [ 14.328126146049316, 35.906462371765656 ], [ 14.328173735199819, 35.906557550085793 ], [ 14.328373610350534, 35.906662246905995 ], [ 14.328563966054174, 35.906662246905995 ], [ 14.328659145253475, 35.906709836323955 ], [ 14.328725769704839, 35.906766942860159 ], [ 14.328801912704945, 35.906776460733447 ], [ 14.32890676136997, 35.906838714334199 ], [ 14.329373040003043, 35.906848019736771 ], [ 14.330125079914493, 35.906594039843959 ], [ 14.330913840259829, 35.906460030305787 ], [ 14.331776039676242, 35.906236019653889 ], [ 14.331957961996032, 35.906174833719291 ], [ 14.332256889881533, 35.906119729156536 ], [ 14.332501213672533, 35.906153935129396 ], [ 14.332826221447366, 35.906121394670691 ], [ 14.333752498591338, 35.905994624128297 ], [ 14.334008172595928, 35.905910336852415 ], [ 14.334124729902353, 35.905892404693759 ], [ 14.334270839984992, 35.9057739599372 ], [ 14.334325328196869, 35.905768400194873 ], [ 14.334398405246915, 35.905700943994226 ], [ 14.334569725649695, 35.905691426719208 ], [ 14.335112243402598, 35.905728960284051 ], [ 14.336142840103903, 35.905728960284051 ], [ 14.337299161419081, 35.9057739599372 ], [ 14.33746404000294, 35.905848030132724 ], [ 14.338766158787063, 35.905938030005579 ], [ 14.338866816811294, 35.90598715513255 ], [ 14.339138291283399, 35.906043586961459 ], [ 14.339357201735011, 35.906110211931839 ], [ 14.33949996918648, 35.906119729156536 ], [ 14.340032968390641, 35.906100693978409 ], [ 14.340261397390963, 35.905995997870455 ], [ 14.340375610992826, 35.90595792599494 ], [ 14.340585002895661, 35.90595792599494 ], [ 14.340840119944753, 35.905996980154271 ], [ 14.341258399795581, 35.905698253981669 ], [ 14.341670846885222, 35.905661862039167 ], [ 14.342057898601785, 35.905469825960104 ], [ 14.342326633212313, 35.904550570008716 ], [ 14.342438612704061, 35.903813720911536 ], [ 14.342362469703952, 35.902938079013836 ], [ 14.342286327602142, 35.902557365824954 ], [ 14.34224825610209, 35.902271829913332 ], [ 14.342514755704169, 35.902386044983729 ], [ 14.342895469806409, 35.902386044983729 ], [ 14.343295219209512, 35.902005331322279 ], [ 14.343637860913404, 35.902024366030091 ], [ 14.344211160337847, 35.901891990344254 ], [ 14.345305864411049, 35.901346219995219 ], [ 14.345436733676596, 35.901227246701175 ], [ 14.346162469119907, 35.901548472947709 ], [ 14.346233852845625, 35.901596063257927 ], [ 14.346138675442987, 35.902000571735023 ], [ 14.346557206822034, 35.901820645156185 ], [ 14.3470326590508, 35.901806187356897 ], [ 14.348018449582346, 35.901596063257927 ], [ 14.349553200584012, 35.90153657572953 ], [ 14.350124272186521, 35.901500884791886 ], [ 14.350790119644801, 35.901605089856261 ], [ 14.351533920208475, 35.901501030323651 ], [ 14.35184938068849, 35.90141760417692 ], [ 14.352408555003372, 35.900691867211521 ], [ 14.352862782736919, 35.900520522685134 ], [ 14.353158085021933, 35.900144591039052 ], [ 14.353657772000426, 35.89976387823846 ], [ 14.354105578576288, 35.899541231946394 ], [ 14.354502480319958, 35.899002450782127 ], [ 14.354823707984103, 35.898705018227773 ], [ 14.355370984113067, 35.898395689048577 ], [ 14.356049130405875, 35.897979283314967 ], [ 14.356953325163531, 35.897717541758823 ], [ 14.357548190442994, 35.897491492826596 ], [ 14.358047877421455, 35.897277343292096 ], [ 14.358690331851422, 35.896813347250685 ], [ 14.358940174891487, 35.896670579250511 ], [ 14.358987764041986, 35.896944217084851 ], [ 14.358987764041986, 35.897336828200046 ], [ 14.359071045055362, 35.897562878301656 ], [ 14.35929709441851, 35.897717541758823 ], [ 14.359594526609078, 35.897872207096924 ], [ 14.359737294958844, 35.897979283314967 ], [ 14.35982057597222, 35.898062563909278 ], [ 14.359118635104162, 35.899145219670331 ], [ 14.359059147767738, 35.89952593326354 ], [ 14.358999662227911, 35.899692496203699 ], [ 14.359106736918205, 35.899918541761132 ], [ 14.359344682670681, 35.900323052262699 ], [ 14.359570732033824, 35.900513409002421 ], [ 14.35996334342369, 35.900739455853817 ], [ 14.360082316299911, 35.900917917191506 ], [ 14.360332160238308, 35.901048786788579 ], [ 14.360558208703157, 35.901215350162339 ], [ 14.360748565305126, 35.901465193110482 ], [ 14.360915128230145, 35.901822110655488 ], [ 14.360927026416102, 35.902107648189599 ], [ 14.360915128230145, 35.902393183238232 ], [ 14.360760462592754, 35.902857177860042 ], [ 14.36071287523888, 35.903118917700937 ], [ 14.360748565305126, 35.903321172672129 ], [ 14.3608913327566, 35.90353532404594 ], [ 14.361069792969243, 35.903689988930466 ], [ 14.361236355894293, 35.903785167674449 ], [ 14.361664658248706, 35.903939832798351 ], [ 14.361985885014523, 35.904035011241852 ], [ 14.362295216289342, 35.904070703219581 ], [ 14.362580750293986, 35.904070703219581 ], [ 14.362806797860506, 35.903951729655255 ], [ 14.363044743612976, 35.903797065282262 ], [ 14.363663405264287, 35.903321172672129 ], [ 14.364520010871473, 35.902821486062606 ], [ 14.365471795677928, 35.902369386871058 ], [ 14.366328402183413, 35.902095748872483 ], [ 14.367244494228695, 35.902048161045734 ], [ 14.367696592056653, 35.902048161045734 ], [ 14.367970229672002, 35.902202825925961 ], [ 14.368160586273943, 35.902440772312865 ], [ 14.368458019362839, 35.902928562134207 ], [ 14.368469915752167, 35.903178404767651 ], [ 14.368410430212336, 35.903404454194622 ], [ 14.36850560761501, 35.903642399879352 ], [ 14.368636478677185, 35.903820859037261 ], [ 14.368850629854407, 35.903868448708671 ], [ 14.369052883743972, 35.903963627238021 ], [ 14.369207549381398, 35.904153983953385 ], [ 14.369397905983368, 35.904356237734568 ], [ 14.369719132749189, 35.904534698193252 ], [ 14.369957080298288, 35.904641774129779 ], [ 14.370599533829923, 35.904641774129779 ], [ 14.371605444827191, 35.904401991995343 ], [ 14.372789830410154, 35.904298476044062 ], [ 14.373479247864843, 35.904031504765392 ], [ 14.373859396926775, 35.903678092034212 ], [ 14.374252007418345, 35.903083226749203 ], [ 14.374513746847741, 35.902809589035797 ], [ 14.374882562764025, 35.902535951103886 ], [ 14.375156201277672, 35.902428875228814 ], [ 14.375489326229445, 35.902357489776278 ], [ 14.37621609832857, 35.902281883151339 ], [ 14.376809926952216, 35.902345594134992 ], [ 14.377571355156698, 35.902535951103886 ], [ 14.378023452086362, 35.902631129052835 ], [ 14.378535036352481, 35.90305943204482 ], [ 14.378737291140377, 35.903178404767651 ], [ 14.378808673967796, 35.903452042661165 ], [ 14.378677803803951, 35.903666195136161 ], [ 14.378059143949239, 35.903820859037261 ], [ 14.377821198196765, 35.903927935211996 ], [ 14.377690328032919, 35.904082600056874 ], [ 14.377963965648268, 35.904249162139337 ], [ 14.378094835812114, 35.904284854020496 ], [ 14.378713495666794, 35.904380032776686 ], [ 14.378951442317598, 35.904487108922488 ], [ 14.379153696207164, 35.904629875921323 ], [ 14.379332156419839, 35.904891617175728 ], [ 14.379415437433185, 35.905153358292068 ], [ 14.379332156419839, 35.905319920303747 ], [ 14.380057891863148, 35.905617352738929 ], [ 14.380878805607425, 35.905879092910176 ], [ 14.382496839419096, 35.906450163867596 ], [ 14.382639606870569, 35.906592931690632 ], [ 14.383198780287154, 35.906592931690632 ], [ 14.38511815935075, 35.906557959731629 ], [ 14.387131126697316, 35.906341629328111 ], [ 14.389052253882459, 35.905998065759789 ], [ 14.39065839040647, 35.906259806854635 ], [ 14.390682184981721, 35.906402575021104 ], [ 14.393180618975796, 35.906866570147074 ], [ 14.393168721688172, 35.906961747981001 ], [ 14.393680305954289, 35.907104516336219 ], [ 14.394799080385519, 35.907263999728329 ], [ 14.395036599438235, 35.907104516336219 ], [ 14.395179365991376, 35.906795185786983 ], [ 14.395215057854253, 35.906462061074755 ], [ 14.395476290633818, 35.90652070523565 ], [ 14.39615494537308, 35.906140833670911 ], [ 14.396880680816389, 35.906236011650094 ], [ 14.397297086781508, 35.906307395786996 ], [ 14.397808671945922, 35.906628623242376 ], [ 14.398189384251538, 35.906973645111236 ], [ 14.398427330902342, 35.907235385889642 ], [ 14.398831837783172, 35.907413845676309 ], [ 14.399057887146352, 35.907580408023335 ], [ 14.399307671795938, 35.907245605846498 ], [ 14.399557573226515, 35.907128309824422 ], [ 14.399997774665177, 35.907056925700438 ], [ 14.400335941860629, 35.907152550056132 ], [ 14.40110422421073, 35.907187796787746 ], [ 14.402459737957027, 35.907601525972609 ], [ 14.404023455135032, 35.9076250239046 ], [ 14.404725722091538, 35.907502339083671 ] ] ] } },
{ "type": "Feature", "properties": { "LocalityId": 68, "LAU_Name": "L-Imtarfa", "LAU_Latin": "Mtarfa", "Region": "Tramuntana (Northern)", "Area_Km2": 0.761607, "Population": 2566.0, "NUTS3": "MT001", "LAU": "MT01468", "GREAT_CID": null, "GREAT_CIN": null, "FUA_ID": "MT001L", "FUA_Name": "Malta", "Shape__Are": 1162870.1298799999, "Shape__Len": 6091.9512786699997 }, "geometry": { "type": "Polygon", "coordinates": [ [ [ 14.404990261569653, 35.891857409964203 ], [ 14.404811039585637, 35.891753039967895 ], [ 14.403217483068843, 35.891121372042917 ], [ 14.401524751646363, 35.890670385721442 ], [ 14.400630075437485, 35.890365815272148 ], [ 14.400068522383686, 35.890118351283348 ], [ 14.399335647130513, 35.889718599905265 ], [ 14.398440970921602, 35.889261744850245 ], [ 14.397650989765811, 35.88873826436091 ], [ 14.397317864814038, 35.888557424114346 ], [ 14.397793758115579, 35.888243336353412 ], [ 14.398438591284426, 35.887781718894551 ], [ 14.397996012005176, 35.887517600147397 ], [ 14.397082298698777, 35.886896561332897 ], [ 14.396896701371194, 35.886782347930634 ], [ 14.396482674144922, 35.886646716799618 ], [ 14.396254246042931, 35.886618163920282 ], [ 14.395626067639473, 35.886618163920282 ], [ 14.395276287922345, 35.886575333854104 ], [ 14.395518992949174, 35.885882909902612 ], [ 14.395640344564276, 35.885854356747878 ], [ 14.395693467336894, 35.885790181253284 ], [ 14.395768835989239, 35.885176211201752 ], [ 14.395311979785223, 35.885318978095135 ], [ 14.395133519572543, 35.885290424737079 ], [ 14.394933645320156, 35.885226178915929 ], [ 14.393279444436848, 35.885920981972625 ], [ 14.392851141184106, 35.886016160975885 ], [ 14.392732168307852, 35.886004264334495 ], [ 14.392732168307852, 35.885718727666507 ], [ 14.392553708095207, 35.885373706306474 ], [ 14.392256275904643, 35.885111965287962 ], [ 14.391804178076649, 35.884743148352442 ], [ 14.391732794350929, 35.884564689125675 ], [ 14.391566232324209, 35.884314845969328 ], [ 14.391399670297487, 35.884088797343935 ], [ 14.391161723646716, 35.883850851108569 ], [ 14.390923777894244, 35.883803261047881 ], [ 14.390483577353875, 35.88388654272552 ], [ 14.390435988203375, 35.884041206698456 ], [ 14.390626344805348, 35.884457612959928 ], [ 14.390638242092972, 35.884874019215403 ], [ 14.390816702305649, 35.885361808112989 ], [ 14.391209312797185, 35.886016160975885 ], [ 14.391533880397539, 35.886517021346656 ], [ 14.391540058111746, 35.887177336914455 ], [ 14.39131638928411, 35.88805059791482 ], [ 14.391280697421236, 35.888240955782187 ], [ 14.390995160721664, 35.888359928216211 ], [ 14.390483577353875, 35.888502696647734 ], [ 14.390584757299285, 35.889295770343672 ], [ 14.390674304061751, 35.889582933776218 ], [ 14.390971367044747, 35.889882784037084 ], [ 14.391330665310617, 35.890353661656746 ], [ 14.391835713434689, 35.890780005732438 ], [ 14.392736834157441, 35.891058074850655 ], [ 14.39307718964892, 35.891358049792842 ], [ 14.393327032689017, 35.891477022637666 ], [ 14.393743438654138, 35.891619791270919 ], [ 14.394433483132898, 35.891798249881106 ], [ 14.394873682774936, 35.891893429097593 ], [ 14.395040244801658, 35.891905326309626 ], [ 14.395563727253702, 35.891905326309626 ], [ 14.39573028928042, 35.89196481307097 ], [ 14.395789774820216, 35.892024299059798 ], [ 14.395908747696437, 35.892262244751549 ], [ 14.396134797059583, 35.892607266662921 ], [ 14.396432231046775, 35.892904700296441 ], [ 14.396574997599949, 35.893166440300149 ], [ 14.396824840640017, 35.893523360334207 ], [ 14.396967609888147, 35.893868381116121 ], [ 14.397062787290785, 35.894046841207462 ], [ 14.397169862879416, 35.894320478650698 ], [ 14.397312630330886, 35.895165188212047 ], [ 14.397384014056602, 35.895426928019567 ], [ 14.397538679694028, 35.895581592739127 ], [ 14.397657651671951, 35.895652977025662 ], [ 14.397990776623693, 35.895688669144768 ], [ 14.398383388911888, 35.895902820793935 ], [ 14.398585642801486, 35.895997998714414 ], [ 14.398787894894422, 35.896045587995594 ], [ 14.399002046969976, 35.896021794086302 ], [ 14.39922809723142, 35.895914718131188 ], [ 14.399418452935091, 35.895807642031308 ], [ 14.399715886023955, 35.895771949965791 ], [ 14.400251264865295, 35.89592661473899 ], [ 14.400453517856596, 35.89592661473899 ], [ 14.400715259082617, 35.895902820793935 ], [ 14.40098889669793, 35.895902820793935 ], [ 14.401286329786826, 35.89592661473899 ], [ 14.401548071012849, 35.895914718131188 ], [ 14.401845504101713, 35.896021794086302 ], [ 14.402083449854187, 35.896093177248176 ], [ 14.402297601031375, 35.896176459099038 ], [ 14.402511753106928, 35.896164561073391 ], [ 14.402690212421275, 35.896116971863734 ], [ 14.402844877160369, 35.896105075284545 ], [ 14.403059029235891, 35.89614076719986 ], [ 14.403308872275957, 35.89614076719986 ], [ 14.403392153289333, 35.896045587995594 ], [ 14.403594408077227, 35.896069383353179 ], [ 14.403677689090605, 35.895986102117341 ], [ 14.403653893617022, 35.895462620240586 ], [ 14.403534920740803, 35.895070009290293 ], [ 14.40301144008539, 35.89392786785794 ], [ 14.402892467209169, 35.893582845879777 ], [ 14.402904363598465, 35.893249722319013 ], [ 14.40303523376231, 35.892987981135192 ], [ 14.403285077700707, 35.892714342725057 ], [ 14.403721312179089, 35.892483535356995 ], [ 14.404330454383388, 35.892293178228449 ], [ 14.404845038124217, 35.891999044810511 ], [ 14.404990261569653, 35.891857409964203 ] ] ] } },
{ "type": "Feature", "properties": { "LocalityId": 24, "LAU_Name": "Ħal Għargħur", "LAU_Latin": "Għargħur", "Region": "Lvant (Eastern)", "Area_Km2": 2.035834, "Population": 3741.0, "NUTS3": "MT001", "LAU": "MT01524", "GREAT_CID": null, "GREAT_CIN": null, "FUA_ID": "MT001L", "FUA_Name": "Malta", "Shape__Are": 3110963.06201, "Shape__Len": 8322.1073699499993 }, "geometry": { "type": "Polygon", "coordinates": [ [ [ 14.464369397720017, 35.915569018976029 ], [ 14.463848295803484, 35.915044348333275 ], [ 14.463391438701102, 35.91454941964836 ], [ 14.463105903798159, 35.914111599287949 ], [ 14.462953617797943, 35.913635706140489 ], [ 14.462743049102079, 35.912670220831949 ], [ 14.462708161231371, 35.912429413886187 ], [ 14.461841116302315, 35.912842327721819 ], [ 14.461531785925791, 35.913092171794823 ], [ 14.461297630165539, 35.913571740146701 ], [ 14.461150681056413, 35.914357317106557 ], [ 14.460955307363587, 35.914662490769302 ], [ 14.460578014944256, 35.915056797901819 ], [ 14.459437859710913, 35.915769066089318 ], [ 14.458531022109696, 35.916209665147562 ], [ 14.457807930408245, 35.91637582921134 ], [ 14.457403420832454, 35.916530493733397 ], [ 14.456676807735116, 35.916725898299305 ], [ 14.456511123362425, 35.9167208507724 ], [ 14.455578487044569, 35.916809248650601 ], [ 14.454667344716494, 35.916813068121144 ], [ 14.453328209054474, 35.916675364814353 ], [ 14.452435872956871, 35.916494477808833 ], [ 14.452036612237288, 35.916454382654983 ], [ 14.451568996911067, 35.916479567262158 ], [ 14.451586850927345, 35.916675970838078 ], [ 14.451529744126429, 35.916783047077601 ], [ 14.451344145900517, 35.917018612839293 ], [ 14.450994366183389, 35.917175657988203 ], [ 14.450865874758392, 35.917182796363612 ], [ 14.450794491032674, 35.917254180081997 ], [ 14.450458987342055, 35.917496884970227 ], [ 14.450273389116139, 35.917703898209133 ], [ 14.449909330677583, 35.918167893263082 ], [ 14.449723734248296, 35.91829638376462 ], [ 14.449723734248296, 35.918353490668061 ], [ 14.44969518039869, 35.91846056681927 ], [ 14.449488167234703, 35.918746101786368 ], [ 14.449338260871667, 35.918917422853859 ], [ 14.449074140906799, 35.919045914320343 ], [ 14.44910983276964, 35.919195820161114 ], [ 14.449240198978613, 35.919421449897229 ], [ 14.448950489604563, 35.91965891601307 ], [ 14.448046293948575, 35.920063423815911 ], [ 14.447974910222856, 35.920658290207925 ], [ 14.447808349094432, 35.921205567090773 ], [ 14.447903527395434, 35.921586279305465 ], [ 14.448070090320455, 35.921871815355537 ], [ 14.448427008949146, 35.922228733968453 ], [ 14.448474598099647, 35.923347080649179 ], [ 14.448879105878811, 35.923894357112353 ], [ 14.448998079653359, 35.924394042306915 ], [ 14.449188436255332, 35.925417212307458 ], [ 14.449402587432553, 35.926678326219466 ], [ 14.449212230830581, 35.927439754317597 ], [ 14.448902901352389, 35.927868056128212 ], [ 14.448641160126371, 35.928201180902761 ], [ 14.448189063196706, 35.928272564860215 ], [ 14.447808349094432, 35.928367743127438 ], [ 14.447451428669112, 35.92865327869653 ], [ 14.447332456691221, 35.928938813961835 ], [ 14.448093883997407, 35.930057161036487 ], [ 14.448902901352389, 35.93100894471133 ], [ 14.449688123233793, 35.93177037329378 ], [ 14.45078267459342, 35.932293854281625 ], [ 14.452179839626174, 35.932635000059264 ], [ 14.45264107421891, 35.932646186322295 ], [ 14.453757001889036, 35.932389032072301 ], [ 14.45406502791174, 35.932680721962754 ], [ 14.454922936974382, 35.933079075810518 ], [ 14.455238215994717, 35.931898069945646 ], [ 14.455565392302644, 35.931273461679091 ], [ 14.456071027026619, 35.930946286063836 ], [ 14.456457689772675, 35.9308273129094 ], [ 14.45672537874421, 35.93064885284209 ], [ 14.457290500804612, 35.930202704184715 ], [ 14.457974595741232, 35.929994500907334 ], [ 14.458450488144475, 35.929786299263853 ], [ 14.458896638226951, 35.929459123313649 ], [ 14.459521244928855, 35.929191433157314 ], [ 14.459878163557514, 35.92895348720733 ], [ 14.460651489049653, 35.928537082254003 ], [ 14.46094892124022, 35.927912472894405 ], [ 14.460710976386077, 35.926871458696617 ], [ 14.460562260290793, 35.925949418013808 ], [ 14.460324313640024, 35.925265322889587 ], [ 14.460235083982834, 35.924432511226762 ], [ 14.460235083982834, 35.923778160223712 ], [ 14.460264827201897, 35.922766889232854 ], [ 14.460592002611525, 35.922082794221204 ], [ 14.461127382351194, 35.921844847976708 ], [ 14.461335584884605, 35.921725874222226 ], [ 14.461722246732327, 35.921666388005342 ], [ 14.461960193383099, 35.921309469037041 ], [ 14.462644288319751, 35.920982292931626 ], [ 14.462971463729382, 35.920684860058408 ], [ 14.463358127373734, 35.920119737936808 ], [ 14.464901848951847, 35.919724855861375 ], [ 14.465502372719261, 35.919171278070678 ], [ 14.465770899818954, 35.91919412800479 ], [ 14.465718866702746, 35.918971708797898 ], [ 14.465529385059883, 35.918573088905667 ], [ 14.465455706138579, 35.918195208915755 ], [ 14.465567187963636, 35.91777251473922 ], [ 14.465499641840818, 35.917502331124076 ], [ 14.465231951970983, 35.917264384922007 ], [ 14.464696574027943, 35.916669519922856 ], [ 14.464488370596236, 35.916342344267193 ], [ 14.464399140939046, 35.915925937657676 ], [ 14.464369397720017, 35.915569018976029 ] ] ] } },
{ "type": "Feature", "properties": { "LocalityId": 37, "LAU_Name": "Il-Mellieħa", "LAU_Latin": "Mellieħa", "Region": "Tramuntana (Northern)", "Area_Km2": 22.751842, "Population": 12738.0, "NUTS3": "MT001", "LAU": "MT01537", "GREAT_CID": null, "GREAT_CIN": null, "FUA_ID": "MT001L", "FUA_Name": "Malta", "Shape__Are": 34801291.375500001, "Shape__Len": 55694.401201499997 }, "geometry": { "type": "MultiPolygon", "coordinates": [ [ [ [ 14.368837227888678, 35.996767275826187 ], [ 14.369072794902269, 35.996810105811775 ], [ 14.369194147415669, 35.99681724498835 ], [ 14.369249782776171, 35.996834947207283 ], [ 14.369408835785421, 35.996721843209137 ], [ 14.369657518202169, 35.996183190123972 ], [ 14.369720154133654, 35.996134096339595 ], [ 14.369836601845632, 35.99612482107117 ], [ 14.369907170799417, 35.996159953997278 ], [ 14.370121571708268, 35.996186491919545 ], [ 14.370169628881024, 35.996163201284737 ], [ 14.370231960283624, 35.996012011131015 ], [ 14.370305376896871, 35.995515486891172 ], [ 14.370421948576352, 35.995339598996182 ], [ 14.37052235058071, 35.995230070145084 ], [ 14.370594142141575, 35.995215364147647 ], [ 14.370714623289158, 35.995161140028365 ], [ 14.370771730090107, 35.995118309874101 ], [ 14.370929785071082, 35.994914876862516 ], [ 14.371076160156727, 35.994878999865939 ], [ 14.371067801333002, 35.994858661105511 ], [ 14.371107233780728, 35.994782805710173 ], [ 14.371121510705528, 35.994711420795412 ], [ 14.371100095767456, 35.994463366835717 ], [ 14.371589160167707, 35.993924999952036 ], [ 14.371919999805398, 35.993537009823832 ], [ 14.372045304906058, 35.993412490859427 ], [ 14.372078053888044, 35.993340851773333 ], [ 14.372142298702228, 35.993269467734066 ], [ 14.372206982792559, 35.993251827220931 ], [ 14.372250120790842, 35.993208959689184 ], [ 14.372263652113956, 35.993162392644187 ], [ 14.372249375189153, 35.993098147229787 ], [ 14.372227960251081, 35.993083869656338 ], [ 14.372106606839351, 35.993041039827823 ], [ 14.372042362025166, 35.993041039827823 ], [ 14.371978117211013, 35.993069594260803 ], [ 14.371842486874451, 35.993033901763063 ], [ 14.371815267921361, 35.992929562821324 ], [ 14.371813933923175, 35.992762643194922 ], [ 14.371871040724089, 35.992619874732043 ], [ 14.371938839273524, 35.992547114168111 ], [ 14.372070915874804, 35.992455693115112 ], [ 14.372399280653861, 35.992348616920609 ], [ 14.372499218229217, 35.992291509702845 ], [ 14.372551529823161, 35.992178604880799 ], [ 14.372470665277909, 35.991956005871295 ], [ 14.372456388353106, 35.991691886144309 ], [ 14.372463527264674, 35.991534840796994 ], [ 14.372534910092094, 35.991449180888168 ], [ 14.372727119918476, 35.991420029866923 ], [ 14.372884690707519, 35.991363520159531 ], [ 14.373020321044081, 35.991199336654581 ], [ 14.373068685440646, 35.99108879030085 ], [ 14.373497160271599, 35.990972999674106 ], [ 14.373790920149299, 35.990733959829413 ], [ 14.374340999920269, 35.990555039801151 ], [ 14.3745620393791, 35.990287020238284 ], [ 14.37551604032936, 35.989333020028852 ], [ 14.375771999998195, 35.989212960205521 ], [ 14.37617592027919, 35.988407999792095 ], [ 14.376138839620902, 35.988199020242931 ], [ 14.37602904034034, 35.987870969715686 ], [ 14.375965571670582, 35.987430688735394 ], [ 14.375459762673433, 35.987024696940622 ], [ 14.37519752827234, 35.986959138157196 ], [ 14.375040482997735, 35.986887754158097 ], [ 14.374819192908946, 35.986716432878204 ], [ 14.374612179744995, 35.986630772098749 ], [ 14.374462274280253, 35.986587941674124 ], [ 14.374362336704895, 35.986545111953184 ], [ 14.374233846178228, 35.986480866237798 ], [ 14.374119630779768, 35.986402343868058 ], [ 14.373805542925485, 35.986273852879364 ], [ 14.373648497650915, 35.986181053661461 ], [ 14.373520007124245, 35.986081115640587 ], [ 14.373334408898334, 35.985988317649792 ], [ 14.373163087597222, 35.985881242126553 ], [ 14.373091703871504, 35.985795581167253 ], [ 14.372977490269639, 35.985774165731179 ], [ 14.372891829619082, 35.985838411295056 ], [ 14.372691955366699, 35.985852688726091 ], [ 14.372499218229217, 35.985838411295056 ], [ 14.372100062612496, 35.985795113781336 ], [ 14.371866893202425, 35.985684620186362 ], [ 14.371735412184185, 35.9854814921258 ], [ 14.371685443396506, 35.985353001091291 ], [ 14.371585505821146, 35.985281617819652 ], [ 14.371442999779399, 35.985128039331165 ], [ 14.37134279989599, 35.985128039331165 ], [ 14.370985882165627, 35.985088881064648 ], [ 14.370943051391183, 35.985074604949212 ], [ 14.370885943691938, 35.985017496827211 ], [ 14.370793145028147, 35.98499608336062 ], [ 14.370628961740305, 35.985024636344228 ], [ 14.370543301988079, 35.985210233756646 ], [ 14.37040053363828, 35.985260202970991 ], [ 14.370250628173572, 35.985253064202183 ], [ 14.370172106434584, 35.98522451130129 ], [ 14.370043615009585, 35.98522451130129 ], [ 14.369929401407754, 35.985245926159635 ], [ 14.369750941195079, 35.985260202970991 ], [ 14.369622449770112, 35.985295895351435 ], [ 14.369424119721669, 35.985306960036944 ], [ 14.369280691110138, 35.985297197207501 ], [ 14.369058517977434, 35.985345863057788 ], [ 14.36875870614969, 35.985431523778431 ], [ 14.368608799786651, 35.9854457998293 ], [ 14.368380371684626, 35.985438661804189 ], [ 14.368160862955079, 35.985354920073696 ], [ 14.368029840077631, 35.985336029725012 ], [ 14.367983318125681, 35.985312073691865 ], [ 14.367752194179495, 35.985281617819652 ], [ 14.367609425829697, 35.985238786662705 ], [ 14.367345305864795, 35.985217371802413 ], [ 14.367266784125839, 35.985128039331165 ], [ 14.366909864598815, 35.985160265237504 ], [ 14.366545807058591, 35.985031773679893 ], [ 14.366488700257641, 35.984946113979007 ], [ 14.366457201730514, 35.984822178959881 ], [ 14.366232000376996, 35.984799989846081 ], [ 14.366049119554837, 35.984739960142669 ], [ 14.365792080111024, 35.984411999906143 ], [ 14.365448941638773, 35.984133391824173 ], [ 14.365399829843891, 35.984136119874272 ], [ 14.36538225071209, 35.984196583995129 ], [ 14.365332281924411, 35.984210860269428 ], [ 14.365182375561373, 35.984139476691482 ], [ 14.365061023047943, 35.984146614834124 ], [ 14.364939671432841, 35.984189445130099 ], [ 14.364818318021115, 35.98417516812507 ], [ 14.364732658268887, 35.984139476691482 ], [ 14.364625581781963, 35.984075231197998 ], [ 14.364479583090432, 35.983931909107127 ], [ 14.364419758885766, 35.983840206209507 ], [ 14.364404292591505, 35.983739727316085 ], [ 14.364469625265508, 35.983549669070264 ], [ 14.36431228264853, 35.983389428757725 ], [ 14.364238159959497, 35.983359994172787 ], [ 14.364111618776995, 35.983211487209047 ], [ 14.364015748773262, 35.983166512732204 ], [ 14.363904604714712, 35.983082996112557 ], [ 14.363883189776674, 35.982947367283288 ], [ 14.36391174362628, 35.982868844304697 ], [ 14.364001392796681, 35.982805563114212 ], [ 14.364029880170968, 35.982711990017876 ], [ 14.363957159752104, 35.982518041036947 ], [ 14.363961712413959, 35.982362019097188 ], [ 14.364118756790232, 35.982105036836259 ], [ 14.364125894803502, 35.982026515200268 ], [ 14.364047373064514, 35.981748118225603 ], [ 14.363975990237094, 35.981648181132456 ], [ 14.363754717216315, 35.981555372839743 ], [ 14.363483441271867, 35.981555382289734 ], [ 14.363438795002224, 35.981504180775957 ], [ 14.362782838893551, 35.981087040145368 ], [ 14.362140960283726, 35.980848000152413 ], [ 14.36211302267836, 35.980791500319064 ], [ 14.362012934186057, 35.980691638342059 ], [ 14.361941549562006, 35.980584562173725 ], [ 14.361963319334603, 35.98054894108229 ], [ 14.361966052009672, 35.980494267815075 ], [ 14.361919919926597, 35.980400969666405 ], [ 14.361674826279419, 35.980275562009581 ], [ 14.361591769844884, 35.980206227008352 ], [ 14.361263404167499, 35.980206227008352 ], [ 14.361170604605375, 35.98015625895512 ], [ 14.361099220879657, 35.980084875344012 ], [ 14.361327648981684, 35.979785063181367 ], [ 14.361077805941584, 35.979599464639804 ], [ 14.360949315414917, 35.979628018122249 ], [ 14.361177742618645, 35.979806478062073 ], [ 14.360985007277792, 35.980013490941381 ], [ 14.360763717189002, 35.979870722669311 ], [ 14.360549565113484, 35.979663710142461 ], [ 14.360428212600086, 35.97951380413047 ], [ 14.360278307135344, 35.979213991979215 ], [ 14.360214062321161, 35.979114055311655 ], [ 14.359914248696789, 35.978921318031269 ], [ 14.359778620156883, 35.978857072651159 ], [ 14.359564468081333, 35.978871349891449 ], [ 14.359493085253909, 35.978899902910371 ], [ 14.359414562616625, 35.978857072651159 ], [ 14.359407423705056, 35.978785689318791 ], [ 14.359433107437338, 35.978726799983725 ], [ 14.359371731842183, 35.978628645178787 ], [ 14.359267633270434, 35.978638107876328 ], [ 14.358914901689278, 35.978449049986054 ], [ 14.35884349191241, 35.978471599999281 ], [ 14.358779247098227, 35.978550122991578 ], [ 14.35870072356261, 35.978550122991578 ], [ 14.358650755673263, 35.978485877309303 ], [ 14.358564452727281, 35.978424297304521 ], [ 14.358514845960666, 35.978421050013836 ], [ 14.358424725174721, 35.978350785792856 ], [ 14.358372358783557, 35.978228894784266 ], [ 14.358115376831924, 35.97782914599977 ], [ 14.358051132017739, 35.977772039176841 ], [ 14.357882425712445, 35.977710925321915 ], [ 14.357724579140598, 35.97766991181264 ], [ 14.357665658641109, 35.97758644098996 ], [ 14.357522891189639, 35.977550748757224 ], [ 14.357458646375454, 35.977522195250202 ], [ 14.357380122839837, 35.977529333991413 ], [ 14.357344430976996, 35.977557886768885 ], [ 14.357315878025686, 35.977629271211754 ], [ 14.357273048149574, 35.977672100683336 ], [ 14.357158833649381, 35.977672100683336 ], [ 14.357073172998856, 35.977729208305547 ], [ 14.356937543560623, 35.977864838106605 ], [ 14.356773361171077, 35.977886252781389 ], [ 14.356673423595719, 35.97783628398625 ], [ 14.356609177883238, 35.977757761737678 ], [ 14.356508040158657, 35.977418010264863 ], [ 14.356581119903664, 35.977254029641195 ], [ 14.356791443359453, 35.977183840712314 ], [ 14.356980374335064, 35.977222382802815 ], [ 14.357026156075174, 35.977253858078214 ], [ 14.357123140888206, 35.977258075184039 ], [ 14.357180248587451, 35.977215244760764 ], [ 14.357165971662647, 35.977143860670402 ], [ 14.357094587936896, 35.977079615297356 ], [ 14.356749123726393, 35.976919654086998 ], [ 14.35577399979055, 35.976269970087323 ], [ 14.355334080422875, 35.976000959842409 ], [ 14.354912159700207, 35.975957039730176 ], [ 14.354374125438886, 35.975646079693284 ], [ 14.354232096402594, 35.975523448079088 ], [ 14.354167850690114, 35.975530587001074 ], [ 14.354129507898834, 35.975607272213466 ], [ 14.353976160089951, 35.975702969961567 ], [ 14.353553880041181, 35.97573302969387 ], [ 14.352954325555935, 35.97573302969387 ], [ 14.352817351339711, 35.975665090858755 ], [ 14.352490079810359, 35.975375009970982 ], [ 14.352448289285022, 35.975192256639581 ], [ 14.352511746276686, 35.975088006785242 ], [ 14.352483193325412, 35.974959516275021 ], [ 14.352414894414359, 35.974931017081332 ], [ 14.352428911726033, 35.974897178909934 ], [ 14.35262595987855, 35.974945239054094 ], [ 14.352697343604301, 35.974852440326536 ], [ 14.352547438139561, 35.974816748311405 ], [ 14.352518884289955, 35.974866716837262 ], [ 14.35244710800044, 35.974853258910528 ], [ 14.352472080267018, 35.974792980281798 ], [ 14.351388839595144, 35.974346039814236 ], [ 14.350911838670848, 35.973912959840284 ], [ 14.350325040262652, 35.973704969872998 ], [ 14.350091323778548, 35.973591032292262 ], [ 14.349951810025033, 35.973435295861989 ], [ 14.3498863515869, 35.972451308654826 ], [ 14.349977620419768, 35.972089886183177 ], [ 14.349863227154851, 35.972072286736356 ], [ 14.349977620419768, 35.971140481009122 ], [ 14.350127525884476, 35.970762145648727 ], [ 14.350441614637058, 35.970148246153869 ], [ 14.350819949102121, 35.969298777756286 ], [ 14.350948439628786, 35.969213117700491 ], [ 14.351069793040518, 35.969227393777061 ], [ 14.351348189930221, 35.968770537689714 ], [ 14.351729512191898, 35.968376875798974 ], [ 14.352192977301494, 35.968022033351993 ], [ 14.352376116838485, 35.967906792696617 ], [ 14.352440361652638, 35.967813993692545 ], [ 14.352433223639402, 35.967514182178107 ], [ 14.352554576152832, 35.967342861009321 ], [ 14.352961463569169, 35.967028772688529 ], [ 14.353567087970806, 35.966317675940957 ], [ 14.353640916012424, 35.966298560008489 ], [ 14.355624080851086, 35.966186443212116 ], [ 14.355674049638765, 35.966243549691967 ], [ 14.355720939899992, 35.966240200838349 ], [ 14.355831094015073, 35.966386317892059 ], [ 14.356000536938886, 35.96644004193741 ], [ 14.356007642612791, 35.966475158272118 ], [ 14.356040391594778, 35.966523054865583 ], [ 14.356166598603989, 35.966650437981833 ], [ 14.356255123083692, 35.966619194045791 ], [ 14.356325160234794, 35.966709989952562 ], [ 14.356508040158657, 35.966873969941389 ], [ 14.356644560725647, 35.966895333795684 ], [ 14.356444994595396, 35.967157263020546 ], [ 14.356530656144249, 35.967185816641603 ], [ 14.356823329060459, 35.966821759198915 ], [ 14.356873297848141, 35.966828896726682 ], [ 14.356837605985262, 35.966925543020324 ], [ 14.357076839921842, 35.966962979904032 ], [ 14.357101764577706, 35.966942766271949 ], [ 14.357535119955593, 35.966770020282873 ], [ 14.357736242866245, 35.966702363830379 ], [ 14.357777826779081, 35.96671704097043 ], [ 14.35779561970989, 35.966779314997503 ], [ 14.358048840415442, 35.966888999672307 ], [ 14.358214080122071, 35.966873969941389 ], [ 14.358673079706398, 35.967038039744537 ], [ 14.359616796743286, 35.967043837288664 ], [ 14.360720887312892, 35.967100155747403 ], [ 14.361244367968306, 35.967004978321249 ], [ 14.36182884063825, 35.966993040056181 ], [ 14.362091455925045, 35.967004978321249 ], [ 14.36231988492537, 35.966985941804325 ], [ 14.362745541741296, 35.966992345717337 ], [ 14.362930079955168, 35.967023010041991 ], [ 14.36372852503758, 35.967214370252336 ], [ 14.363890328688205, 35.967300031022624 ], [ 14.364014060838816, 35.967319066009637 ], [ 14.364065467829281, 35.967260868999716 ], [ 14.364280560440896, 35.967252441717264 ], [ 14.364451881742005, 35.967319066009637 ], [ 14.364680309844031, 35.967338101719179 ], [ 14.364994397698283, 35.967328585319109 ], [ 14.365993771655237, 35.967528459288943 ], [ 14.366326539077498, 35.967654170748624 ], [ 14.36645196006085, 35.967798990311422 ], [ 14.366726999946337, 35.967872969690497 ], [ 14.367129226903, 35.967951837668203 ], [ 14.36730723526307, 35.967947244181552 ], [ 14.367373858816105, 35.967928209345985 ], [ 14.367488074214595, 35.967918690835859 ], [ 14.367610271144398, 35.96785322814587 ], [ 14.367693332070488, 35.967871143345192 ], [ 14.367864959697108, 35.967932999863649 ], [ 14.368250159985887, 35.968215959791571 ], [ 14.36891111971069, 35.968275989703884 ], [ 14.369240879573372, 35.968439970075558 ], [ 14.369429714429263, 35.96850879703149 ], [ 14.36969621403134, 35.968584940148759 ], [ 14.370172106434584, 35.968680117851477 ], [ 14.371771103148729, 35.969184564085559 ], [ 14.373008422858128, 35.969432027920512 ], [ 14.373559875254863, 35.96961584514932 ], [ 14.374085040251435, 35.969648040311291 ], [ 14.3746171186824, 35.96984198965712 ], [ 14.375361837324306, 35.970090773168067 ], [ 14.375763439951855, 35.970212745084595 ], [ 14.376101723029963, 35.970364775681105 ], [ 14.376911880347061, 35.970541849047599 ], [ 14.377277159596108, 35.97091596002204 ], [ 14.377404960216603, 35.97109496965686 ], [ 14.377625999675439, 35.971214039949054 ], [ 14.378047920398069, 35.971214039949054 ], [ 14.378487839765745, 35.971273981066801 ], [ 14.37874488010789, 35.971347960097766 ], [ 14.379037920435046, 35.971542001233239 ], [ 14.379239879677227, 35.971571970946265 ], [ 14.379369120297138, 35.971526970934029 ], [ 14.379369120297138, 35.971183979949927 ], [ 14.379252129104417, 35.971011989889405 ], [ 14.379199214740922, 35.970955555716813 ], [ 14.379138899157805, 35.970937815702229 ], [ 14.379114120029005, 35.970888257636986 ], [ 14.379156950803447, 35.970774044084692 ], [ 14.379288833368621, 35.970696957949762 ], [ 14.379312960320531, 35.97066198017302 ], [ 14.379400367295975, 35.970110988902249 ], [ 14.379484304977833, 35.969984006145864 ], [ 14.379718503857211, 35.969898402087757 ], [ 14.379827488365805, 35.969674382855253 ], [ 14.379849707296048, 35.969652771835065 ], [ 14.379933335957436, 35.969607741647557 ], [ 14.380211880170831, 35.969648040311291 ], [ 14.380505199874019, 35.969385110225936 ], [ 14.380537037964345, 35.969165528094194 ], [ 14.380537037964345, 35.969032278207159 ], [ 14.380598160234587, 35.968842990102807 ], [ 14.380800120375067, 35.968694039955565 ], [ 14.381000999842271, 35.968394969732117 ], [ 14.381091997383916, 35.968226957075409 ], [ 14.381337275185732, 35.968123078267588 ], [ 14.381404920123265, 35.968112009718745 ], [ 14.381606880263746, 35.96797799974329 ], [ 14.382120960049701, 35.96782796975095 ], [ 14.3827988404412, 35.96782796975095 ], [ 14.383130040303294, 35.967917970331413 ], [ 14.383607040329293, 35.968260960236989 ], [ 14.383744550839715, 35.96842313684563 ], [ 14.383754069388459, 35.968527833181241 ], [ 14.38363033723785, 35.96865156477083 ], [ 14.383614746077797, 35.968752911329432 ], [ 14.383662119632593, 35.968813020080852 ], [ 14.383882080214779, 35.968827960016803 ], [ 14.384064961036938, 35.969081039877707 ], [ 14.384090822635642, 35.969100113695397 ], [ 14.384125264941957, 35.969175045726892 ], [ 14.384163337340341, 35.969213117700491 ], [ 14.384266920279121, 35.969229990021873 ], [ 14.384420318393643, 35.969346368009305 ], [ 14.384467906645849, 35.969451063847622 ], [ 14.384564805220592, 35.969583109788935 ], [ 14.384734407146224, 35.969612867225187 ], [ 14.385173905204029, 35.969595744159413 ], [ 14.385295079851032, 35.969738040271082 ], [ 14.385570119736517, 35.969751989815826 ], [ 14.385790080318671, 35.969723010355473 ], [ 14.38597296114083, 35.96954399979083 ], [ 14.38634016008964, 35.969037030124902 ], [ 14.386506121143437, 35.969006970023848 ], [ 14.38672607903063, 35.969006970023848 ], [ 14.387110919993306, 35.968723019793629 ], [ 14.387110919993306, 35.968439970075558 ], [ 14.387367960335448, 35.968112009718745 ], [ 14.387550840259278, 35.96782796975095 ], [ 14.387716079965903, 35.967769019893154 ], [ 14.387771878819782, 35.967574979662928 ], [ 14.387955119866376, 35.967529980280602 ], [ 14.388137999790239, 35.967619979746623 ], [ 14.388432119892373, 35.967798990311422 ], [ 14.388761879755055, 35.967798990311422 ], [ 14.388816959956717, 35.967753990329754 ], [ 14.389074000298862, 35.96782796975095 ], [ 14.389458840363206, 35.968112009718745 ], [ 14.390285039794639, 35.968157010223415 ], [ 14.39047235200608, 35.968145232082662 ], [ 14.390740166741741, 35.968042422653021 ], [ 14.390816308843554, 35.967985315293092 ], [ 14.390968594843768, 35.967903030223262 ], [ 14.391092159907718, 35.967903030223262 ], [ 14.391348840025426, 35.967962970219673 ], [ 14.391533159948702, 35.967903030223262 ], [ 14.391852910782488, 35.967903030223262 ], [ 14.391882308150169, 35.967785441025661 ], [ 14.391955826273024, 35.967769773843195 ], [ 14.392053628552949, 35.967728334206925 ], [ 14.392063147101695, 35.967566531329489 ], [ 14.392053628552949, 35.967480870121271 ], [ 14.392178497970717, 35.96742901894406 ], [ 14.392352169264599, 35.96754823581324 ], [ 14.392424825004776, 35.967633156083892 ], [ 14.392567593354542, 35.967652190990592 ], [ 14.39272939610691, 35.967633156083892 ], [ 14.393005413359404, 35.967633156083892 ], [ 14.393547931112307, 35.967690262971473 ], [ 14.393950105068374, 35.967821884353093 ], [ 14.394235844787223, 35.968014469882597 ], [ 14.394420586918669, 35.968096578164037 ], [ 14.394554012789488, 35.968117104857512 ], [ 14.394851654287546, 35.967993943162384 ], [ 14.395199322963725, 35.967771035273621 ], [ 14.395331159714848, 35.967783960026658 ], [ 14.395421879677057, 35.967605040309152 ], [ 14.395808159740815, 35.967529980280602 ], [ 14.396077677682241, 35.967587565642333 ], [ 14.396155820332188, 35.967509422898289 ], [ 14.396431837584682, 35.967595084075469 ], [ 14.396500998878414, 35.96767721315048 ], [ 14.396779282580384, 35.967732870269352 ], [ 14.397031462138534, 35.967833030009771 ], [ 14.397098086589898, 35.96779495882479 ], [ 14.397079051289037, 35.967737852012938 ], [ 14.396974354439289, 35.967642673174304 ], [ 14.39682206933737, 35.967461833719135 ], [ 14.396764961638123, 35.967414245238366 ], [ 14.396556380015673, 35.967343085668766 ], [ 14.396621380313015, 35.967275287204806 ], [ 14.396647762934602, 35.967265235685495 ], [ 14.396883823123272, 35.967244708770494 ], [ 14.396719608394399, 35.967039440054364 ], [ 14.396637468241433, 35.967004236723803 ], [ 14.396441355235128, 35.966957388110984 ], [ 14.396393766084628, 35.966957388110984 ], [ 14.396365213133318, 35.966919317230847 ], [ 14.396359251014783, 35.966862683827216 ], [ 14.396141296370681, 35.966740868869202 ], [ 14.396146301783443, 35.96659571000972 ], [ 14.396051124380772, 35.966510049929454 ], [ 14.395889319831777, 35.966519567882322 ], [ 14.395485782233116, 35.966511655279746 ], [ 14.395355645094533, 35.96630796311095 ], [ 14.395491295194001, 35.965815050142886 ], [ 14.395822695380415, 35.965815247178085 ], [ 14.396003535230269, 35.965758139661432 ], [ 14.396051124380772, 35.965643925958297 ], [ 14.396051124380772, 35.96544405085325 ], [ 14.396079677332079, 35.965320319326587 ], [ 14.396231963332294, 35.96495864099726 ], [ 14.39653653443443, 35.964787320100157 ], [ 14.396736407788516, 35.96471117695593 ], [ 14.396849511072672, 35.964548592102396 ], [ 14.396988632262421, 35.96458744500795 ], [ 14.397069532740259, 35.964430400976461 ], [ 14.397040978890651, 35.96433998125751 ], [ 14.396983872089734, 35.964259079660302 ], [ 14.396983872089734, 35.964201973199422 ], [ 14.396998149014538, 35.964187696214182 ], [ 14.397121881165146, 35.964154384208058 ], [ 14.397150434116456, 35.96410203497571 ], [ 14.397388380767229, 35.963983062293053 ], [ 14.397459765391277, 35.963959267735042 ], [ 14.397578737369166, 35.963954508967994 ], [ 14.397654881267604, 35.963925954905456 ], [ 14.397845236971245, 35.96392119613639 ], [ 14.397888648955675, 35.963893777768519 ], [ 14.397921630601344, 35.963832211828212 ], [ 14.397835719320831, 35.963654697340488 ], [ 14.397773853245527, 35.963569036250917 ], [ 14.397721504820671, 35.963521446878161 ], [ 14.397602531944417, 35.963445303967482 ], [ 14.397554942793947, 35.963388196918082 ], [ 14.397478799793808, 35.963283501038276 ], [ 14.3974026567937, 35.96313121468463 ], [ 14.397259890240559, 35.962931341217292 ], [ 14.397155194289143, 35.962878991901263 ], [ 14.397102844965955, 35.962807608661727 ], [ 14.397015524228763, 35.962790620814005 ], [ 14.397000696636676, 35.962775023895745 ], [ 14.396898212337479, 35.962745742311263 ], [ 14.396803033138177, 35.96261725207146 ], [ 14.396743079576128, 35.96250401976986 ], [ 14.396794447040719, 35.962482968106627 ], [ 14.39677921430844, 35.962384164162856 ], [ 14.396741167062874, 35.962303163130592 ], [ 14.396612675637908, 35.962122323807264 ], [ 14.396384248434215, 35.961951003300427 ], [ 14.396165337982604, 35.961846306242322 ], [ 14.396112989557743, 35.961808235079197 ], [ 14.396055881858498, 35.961784439865816 ], [ 14.395951185907082, 35.961779680967709 ], [ 14.395775106229948, 35.961694020752667 ], [ 14.395684687203333, 35.961517941129905 ], [ 14.395570472703172, 35.96135613716006 ], [ 14.395370597552454, 35.961151503899558 ], [ 14.395227830100952, 35.960961146952798 ], [ 14.395199277149674, 35.960889762706856 ], [ 14.395189758600896, 35.960799343296422 ], [ 14.395242107025787, 35.960737476826857 ], [ 14.395351562251561, 35.960685128964968 ], [ 14.395399152300392, 35.960680370727736 ], [ 14.395432463627724, 35.960623263133066 ], [ 14.395437222902114, 35.960532844144637 ], [ 14.39547529440217, 35.960475735716216 ], [ 14.395532401203084, 35.960428146660675 ], [ 14.395675168654588, 35.960371040337876 ], [ 14.395808419353942, 35.960104541195065 ], [ 14.395974981380663, 35.959976050293513 ], [ 14.396227204057906, 35.959866595239362 ], [ 14.396265274659662, 35.959809487056255 ], [ 14.396303347058048, 35.959633408321587 ], [ 14.396365213133318, 35.959595336091695 ], [ 14.396607918160178, 35.959633408321587 ], [ 14.396883935412676, 35.959742862971829 ], [ 14.397036221412888, 35.95982376483304 ], [ 14.397083809665094, 35.959814246073087 ], [ 14.397083809665094, 35.959742862971829 ], [ 14.397031462138534, 35.959600095121431 ], [ 14.396848672944511, 35.959356279006514 ], [ 14.396822241813913, 35.959300775224193 ], [ 14.396514337962081, 35.95898260698138 ], [ 14.396365213133318, 35.958924328205832 ], [ 14.396351500350525, 35.958884903897548 ], [ 14.396255450683704, 35.958827275105484 ], [ 14.396179234920066, 35.958859366323949 ], [ 14.396142952864063, 35.958840782300506 ], [ 14.396122507208192, 35.958810114071284 ], [ 14.396154297687776, 35.95876467632332 ], [ 14.396119184339961, 35.958661725977585 ], [ 14.396212927133103, 35.95860548003084 ], [ 14.396312863810165, 35.958572167851393 ], [ 14.396369970611079, 35.958524577648824 ], [ 14.396427079208621, 35.958381811231902 ], [ 14.39637064883912, 35.958315481160433 ], [ 14.396285598144662, 35.95829901879317 ], [ 14.396108231181685, 35.958296150967001 ], [ 14.396041605832027, 35.958281873641212 ], [ 14.395957174975097, 35.958244964178924 ], [ 14.395888477212067, 35.958238523926802 ], [ 14.395803660079554, 35.958181935924102 ], [ 14.395546217292177, 35.958062121748839 ], [ 14.39545250773666, 35.958051096872261 ], [ 14.395294454552316, 35.95808199880765 ], [ 14.395070785724675, 35.95808199880765 ], [ 14.394671037219871, 35.958077239686432 ], [ 14.394585375671017, 35.958058203925845 ], [ 14.394466401896469, 35.95808199880765 ], [ 14.39419514391833, 35.958205730768626 ], [ 14.394137538552426, 35.95820861095941 ], [ 14.393975339643042, 35.958329463262864 ], [ 14.393904849740998, 35.958329463262864 ], [ 14.393771599939978, 35.958353257335851 ], [ 14.393586001714063, 35.958353257335851 ], [ 14.393428958236086, 35.9584008469145 ], [ 14.393309983563238, 35.958457953934733 ], [ 14.393266857243084, 35.958513861141888 ], [ 14.392853999623336, 35.958654989816274 ], [ 14.392610893049573, 35.958778997916895 ], [ 14.392605663956301, 35.958833908726611 ], [ 14.392524762580134, 35.95886246172175 ], [ 14.392448619580025, 35.958810114071284 ], [ 14.392415307354328, 35.958838667802233 ], [ 14.392467654880889, 35.958919569135368 ], [ 14.392439101929579, 35.958995712046907 ], [ 14.392239226778864, 35.959176551258544 ], [ 14.392029834876027, 35.959395461673587 ], [ 14.391839478274056, 35.959457327740147 ], [ 14.391387380446066, 35.959395461673587 ], [ 14.391230336069789, 35.959400219988233 ], [ 14.391106908448064, 35.959418371967111 ], [ 14.390760914231539, 35.959357131926105 ], [ 14.390682867701347, 35.959320965363027 ], [ 14.390199362076071, 35.959162967772464 ], [ 14.389822692189263, 35.95882598226553 ], [ 14.389738484114515, 35.958709467341123 ], [ 14.389702792251637, 35.95856967378198 ], [ 14.389717663861186, 35.95840608592561 ], [ 14.389956606743606, 35.958404620747672 ], [ 14.389973981059498, 35.95832470415656 ], [ 14.389859765661008, 35.958300910075025 ], [ 14.38982645433364, 35.958143865175913 ], [ 14.38990259643545, 35.957834535031324 ], [ 14.389752959567009, 35.957834999674198 ], [ 14.389068564593057, 35.957708610156111 ], [ 14.388473700211925, 35.957613432317359 ], [ 14.388223857171825, 35.95755989423273 ], [ 14.387843143069585, 35.957393330989909 ], [ 14.387462428069046, 35.957137539221726 ], [ 14.387301814686138, 35.956947182053149 ], [ 14.387153098590822, 35.956667595720809 ], [ 14.386921100583864, 35.95613816587683 ], [ 14.386736691727407, 35.955781246929078 ], [ 14.386510645957516, 35.955483814088964 ], [ 14.386350030777979, 35.95531130335754 ], [ 14.38615967417601, 35.955222073019485 ], [ 14.385761115040662, 35.954984126897813 ], [ 14.385630243978486, 35.954829461970618 ], [ 14.385106763323071, 35.954365466826417 ], [ 14.384797432946547, 35.954175110249089 ], [ 14.383453036750227, 35.953800344760467 ], [ 14.382584533855448, 35.953479117653572 ], [ 14.382037257726484, 35.953330401766031 ], [ 14.381121164782872, 35.953282812768336 ], [ 14.380518222750705, 35.953271483262348 ], [ 14.38027050781953, 35.953241172099119 ], [ 14.379943332409903, 35.953038918250606 ], [ 14.379741077622009, 35.952812868876656 ], [ 14.379324671656891, 35.952574922769742 ], [ 14.3788130882891, 35.952360771097069 ], [ 14.378513208189377, 35.952291985333289 ], [ 14.378212274365824, 35.952348874249694 ], [ 14.378033815051479, 35.952348874249694 ], [ 14.377873200770274, 35.952325079095161 ], [ 14.377736381962615, 35.952241798179507 ], [ 14.37737946333392, 35.952110928199566 ], [ 14.377189105833619, 35.952057390021352 ], [ 14.376986851944054, 35.951932468191664 ], [ 14.376510958642482, 35.951480371191273 ], [ 14.376261115602414, 35.951295962710162 ], [ 14.375832238326195, 35.951006547854384 ], [ 14.375345023557134, 35.950576175973701 ], [ 14.375214153393289, 35.950516688920793 ], [ 14.374958360811082, 35.950522638209854 ], [ 14.374839387036531, 35.950498841778085 ], [ 14.374565749421215, 35.950362023973348 ], [ 14.374381343259683, 35.950284691749708 ], [ 14.373750785219045, 35.950213307308346 ], [ 14.373566378159214, 35.950118129164828 ], [ 14.373227303665335, 35.950082436876933 ], [ 14.372674078892524, 35.949921823927198 ], [ 14.372323108009347, 35.950017002307135 ], [ 14.371916691310188, 35.950018832701424 ], [ 14.371163120669484, 35.94971957030711 ], [ 14.370384713407796, 35.949503957186685 ], [ 14.370174088118079, 35.949396520923628 ], [ 14.369315965256396, 35.948598545244664 ], [ 14.36906374168082, 35.948308250742407 ], [ 14.368640197702469, 35.948036993353625 ], [ 14.36844508272444, 35.94793229821444 ], [ 14.368549778675856, 35.947832361220776 ], [ 14.368635440224708, 35.947665797829302 ], [ 14.368697305401714, 35.947451645939864 ], [ 14.36901615342865, 35.94729460201561 ], [ 14.369354036756484, 35.947256529656414 ], [ 14.369553911008866, 35.947313638188326 ], [ 14.369887035960609, 35.947451645939864 ], [ 14.370158294837077, 35.947432609800394 ], [ 14.370236816576066, 35.947275565838311 ], [ 14.370220441186742, 35.947076586749887 ], [ 14.370154297334061, 35.946990658236786 ], [ 14.369939384385498, 35.946763982855053 ], [ 14.369713335022354, 35.946359472747424 ], [ 14.369737129597572, 35.946192911341818 ], [ 14.369820410610949, 35.945931170034044 ], [ 14.369844206084496, 35.945717019261217 ], [ 14.369820410610949, 35.945490970028011 ], [ 14.369867999761448, 35.945288715974527 ], [ 14.369975076248375, 35.945181639790093 ], [ 14.370141638275095, 35.945038871803362 ], [ 14.370405441134688, 35.944942901259132 ], [ 14.370453030285157, 35.944771579853743 ], [ 14.370567244785351, 35.944495562020315 ], [ 14.370652905435875, 35.944219544677331 ], [ 14.370491101785209, 35.943943527097517 ], [ 14.370272191333633, 35.943772205707248 ], [ 14.369491727828255, 35.943543777821247 ], [ 14.369510764027448, 35.943343902788442 ], [ 14.369596423779706, 35.942944154115324 ], [ 14.369682085328559, 35.94275379692823 ], [ 14.369815335129582, 35.94263958268678 ], [ 14.369996174081141, 35.942582475867802 ], [ 14.37022460218313, 35.942468260651459 ], [ 14.370281708984079, 35.942325494308079 ], [ 14.370215083634388, 35.942192244227613 ], [ 14.369862924280081, 35.94187815479826 ], [ 14.369739192129472, 35.941811530136242 ], [ 14.369720155930281, 35.941725870085705 ], [ 14.369739192129472, 35.941678279916466 ], [ 14.36984388808089, 35.941678279916466 ], [ 14.369967620231499, 35.941744904690815 ], [ 14.370262673683184, 35.941792494092631 ], [ 14.370386405833793, 35.941849602209764 ], [ 14.370538690935712, 35.94187815479826 ], [ 14.370738566086427, 35.941906708831027 ], [ 14.37095747563971, 35.94189719082128 ], [ 14.371109761639925, 35.94170683402146 ], [ 14.371195422290482, 35.941316601693892 ], [ 14.371052654839009, 35.940945405873606 ], [ 14.371128796940786, 35.940897816689009 ], [ 14.371243012339278, 35.940935889202649 ], [ 14.371452404242113, 35.941154799254683 ], [ 14.37177601064514, 35.940812157102677 ], [ 14.372147207096933, 35.94026012190497 ], [ 14.372480331150378, 35.939793747270897 ], [ 14.372978113700457, 35.939207924226515 ], [ 14.370687802289718, 35.938322255247435 ], [ 14.369474277155573, 35.938193763827918 ], [ 14.367004397011105, 35.937979613179849 ], [ 14.365633826602355, 35.937836843819277 ], [ 14.365254736654133, 35.937751415841589 ], [ 14.364554463957552, 35.937479592719285 ], [ 14.36400410660718, 35.937077865861987 ], [ 14.363743947314346, 35.936793442265667 ], [ 14.362864134630144, 35.935766715117197 ], [ 14.362007529921287, 35.935366965213284 ], [ 14.361336520743418, 35.935267028330614 ], [ 14.360237210109432, 35.935024321972435 ], [ 14.359594754781138, 35.9348530008861 ], [ 14.359152174603594, 35.934596018924069 ], [ 14.358938024324701, 35.934139164000015 ], [ 14.358495444147156, 35.93355381474732 ], [ 14.358010034093498, 35.933339663893747 ], [ 14.35696783026043, 35.933111235677224 ], [ 14.356396759556217, 35.932954190895451 ], [ 14.355954180276967, 35.93276859284218 ], [ 14.354712101293183, 35.932425950704207 ], [ 14.35344146935809, 35.932168968853532 ], [ 14.352613416702244, 35.931954817885476 ], [ 14.350928756642585, 35.931555068344643 ], [ 14.350429069664123, 35.93134091716847 ], [ 14.350072151933761, 35.930926890255726 ], [ 14.349829446906897, 35.930698462341581 ], [ 14.34912988657435, 35.930655632125131 ], [ 14.346522009032595, 35.930807380258706 ], [ 14.346494525974796, 35.930829434703924 ], [ 14.346514270046404, 35.930918360172058 ], [ 14.346213738668117, 35.930944479231627 ], [ 14.345367110648821, 35.930978723205513 ], [ 14.34531965624562, 35.930939605730572 ], [ 14.34532015930216, 35.930878547283491 ], [ 14.342957871277617, 35.930926623304231 ], [ 14.342930999972543, 35.930995020329263 ], [ 14.343059880368019, 35.931278970166737 ], [ 14.343041160375835, 35.931681989955742 ], [ 14.343085575778424, 35.93185521201125 ], [ 14.34379284006285, 35.932443030184466 ], [ 14.343945338963811, 35.932650997164096 ], [ 14.344432808854412, 35.932808751734903 ], [ 14.344480398903212, 35.932884894353549 ], [ 14.34444232740316, 35.933046697720116 ], [ 14.343627959682328, 35.93459097035565 ], [ 14.343462985877041, 35.934678842021192 ], [ 14.343326142814862, 35.934578083085071 ], [ 14.343297588965257, 35.934511458088217 ], [ 14.342945428712619, 35.934501939915201 ], [ 14.342888321911706, 35.93447338684404 ], [ 14.34275507211065, 35.934463868666448 ], [ 14.342701934066643, 35.934510364873098 ], [ 14.342764589761098, 35.934597118684238 ], [ 14.34277410830984, 35.934635189868821 ], [ 14.342648245355385, 35.934707175357389 ], [ 14.342239755344556, 35.934830866827241 ], [ 14.341698591352779, 35.934730369204736 ], [ 14.341565340653425, 35.934787475878458 ], [ 14.341308359600088, 35.934720851058081 ], [ 14.340889573997794, 35.934758922183072 ], [ 14.34072777124543, 35.934701814761347 ], [ 14.340699218294153, 35.934616154278821 ], [ 14.340604039094854, 35.934482905020481 ], [ 14.340546932293906, 35.934425798126725 ], [ 14.340356574793637, 35.934549530041409 ], [ 14.340280431793527, 35.934635189868821 ], [ 14.340166218191664, 35.934730369204736 ], [ 14.339972527941695, 35.934831047937969 ], [ 14.339909801280339, 35.934846499084237 ], [ 14.339804540288617, 35.934816028836174 ], [ 14.339585629837002, 35.934844583238252 ], [ 14.339376237035871, 35.93491120795435 ], [ 14.339223951933953, 35.934996868117203 ], [ 14.339147808933847, 35.935111081765669 ], [ 14.33901455913279, 35.935263368313258 ], [ 14.338881309331768, 35.935368064235327 ], [ 14.338700470380243, 35.935444207298275 ], [ 14.338652881229743, 35.935501314183618 ], [ 14.338614809729686, 35.935644081943934 ], [ 14.338624328278431, 35.935948652692005 ], [ 14.338576738229634, 35.936129492291286 ], [ 14.338472042278216, 35.936415026739652 ], [ 14.338427629570552, 35.936748316246046 ], [ 14.338307878753312, 35.93702303884762 ], [ 14.337941040028937, 35.937306988853514 ], [ 14.337169919900839, 35.937351990180908 ], [ 14.337060532947014, 35.937423005848373 ], [ 14.336987258267603, 35.937614274851271 ], [ 14.336939669117102, 35.937652346764679 ], [ 14.336756584377369, 35.937620334210798 ], [ 14.336710920316513, 35.937649980044334 ], [ 14.336013959708398, 35.937903959866411 ], [ 14.335556039899046, 35.938053000083073 ], [ 14.335525385788294, 35.938089281844668 ], [ 14.335533625136071, 35.938386207041653 ], [ 14.335409892985462, 35.938443314710852 ], [ 14.33537182238374, 35.938481386952262 ], [ 14.335023083814017, 35.938528000803288 ], [ 14.334913079717584, 35.93857500010531 ], [ 14.334856446328837, 35.938579644757823 ], [ 14.334700242775646, 35.938505653941824 ], [ 14.334712493999497, 35.938299559941228 ], [ 14.33462683334894, 35.93820438199365 ], [ 14.334398405246915, 35.938194864265313 ], [ 14.333989138193363, 35.938156791885888 ], [ 14.333848920160657, 35.938171979818939 ], [ 14.333280839948047, 35.93845602024885 ], [ 14.332839839907065, 35.938649969825526 ], [ 14.332304974003769, 35.938479458102698 ], [ 14.332142676279704, 35.9383852207961 ], [ 14.332123640080511, 35.938261489066896 ], [ 14.332152193930117, 35.938099684736997 ], [ 14.332142676279704, 35.937975953288095 ], [ 14.331933282580206, 35.937975953288095 ], [ 14.331752443628684, 35.938137757143942 ], [ 14.331629159737426, 35.93818700992022 ], [ 14.331521407717384, 35.938156479864794 ], [ 14.331438354876134, 35.938080649981302 ], [ 14.331324141274271, 35.938052096020876 ], [ 14.331200409123662, 35.938080649981302 ], [ 14.33102908782255, 35.938080649981302 ], [ 14.330867285070221, 35.938175828077867 ], [ 14.330762588220471, 35.938280523779049 ], [ 14.330800659720561, 35.9383852207961 ], [ 14.331019570172137, 35.938499434639994 ], [ 14.331100472446636, 35.938746899341773 ], [ 14.331076676973053, 35.93885159501378 ], [ 14.330914874220721, 35.939003880900827 ], [ 14.330810178269303, 35.939070505020453 ], [ 14.330676546684249, 35.939065733116898 ], [ 14.330619668953727, 35.939098174927473 ], [ 14.330543677768894, 35.939060988123671 ], [ 14.330324768215613, 35.939070505020453 ], [ 14.330143929264088, 35.939127612922498 ], [ 14.329839358161957, 35.939279898277711 ], [ 14.329740371004158, 35.939349080116962 ], [ 14.329666080330167, 35.939514959912692 ], [ 14.329208159622521, 35.93970899998623 ], [ 14.328558092868851, 35.940472072835732 ], [ 14.328566476845396, 35.940504930084778 ], [ 14.328525894554121, 35.940621914057282 ], [ 14.328528031646185, 35.940664647234378 ], [ 14.328706734403974, 35.940736128305517 ], [ 14.328782877404084, 35.940793235004051 ], [ 14.328897091005947, 35.9409264852615 ], [ 14.329002161554822, 35.941073001156113 ], [ 14.329189080304202, 35.941528980347556 ], [ 14.32913400010257, 35.941768020107773 ], [ 14.329074775074201, 35.941809057356352 ], [ 14.328649626704729, 35.941973448324092 ], [ 14.328535413102866, 35.942040072849601 ], [ 14.328516376903675, 35.942249464784872 ], [ 14.328649626704729, 35.942401750670371 ], [ 14.32871625205439, 35.942525483190764 ], [ 14.328801912704945, 35.942601625904274 ], [ 14.328914001791176, 35.942902374905124 ], [ 14.32953792038353, 35.943363990096415 ], [ 14.329977839751209, 35.9435439901847 ], [ 14.332215959942248, 35.944737029859894 ], [ 14.333280839948047, 35.944617959645043 ], [ 14.333482079639657, 35.944229970035302 ], [ 14.333636977042433, 35.94419507071683 ], [ 14.333803539967452, 35.944218866138122 ], [ 14.333993895671128, 35.944314044115323 ], [ 14.334148561308519, 35.944361634151861 ], [ 14.334243739609521, 35.944373530747406 ], [ 14.334422198923836, 35.944349736099973 ], [ 14.33466014557464, 35.944349736099973 ], [ 14.334850502176577, 35.944385428068493 ], [ 14.33500284027909, 35.944453979991643 ], [ 14.335097040314755, 35.944453979991643 ], [ 14.335886159986195, 35.944782029865799 ], [ 14.336454960647677, 35.945363970228343 ], [ 14.33651003995101, 35.945737020150275 ], [ 14.336435880431029, 35.946407969882216 ], [ 14.336130119959472, 35.946538325692835 ], [ 14.336016438160254, 35.946669711065105 ], [ 14.33602833634621, 35.946967142910637 ], [ 14.336052130023132, 35.947133706320407 ], [ 14.336052130023132, 35.947645289818801 ], [ 14.336064028209085, 35.947728571216452 ], [ 14.336194898372931, 35.947811851799074 ], [ 14.336301973961525, 35.947859441183454 ], [ 14.336694585351392, 35.947966516648123 ], [ 14.336754070891191, 35.948002209164656 ], [ 14.336789762754064, 35.948049797707135 ], [ 14.336825454616939, 35.948144976887825 ], [ 14.336932531103866, 35.948489998002394 ], [ 14.337015812117208, 35.948632766298694 ], [ 14.33718237414393, 35.948656561110859 ], [ 14.337348936170653, 35.948716046655449 ], [ 14.337611447252886, 35.948772298916865 ], [ 14.337721080345084, 35.94927203994483 ], [ 14.338271160116053, 35.94927203994483 ], [ 14.338309865826725, 35.94929635525348 ], [ 14.338419693853361, 35.94928711811324 ], [ 14.338562462203127, 35.949358501937034 ], [ 14.338621947742926, 35.949453680268434 ], [ 14.338598154066004, 35.949644037314492 ], [ 14.338514872154329, 35.949703524297298 ], [ 14.33845944160973, 35.949716995237253 ], [ 14.338384001990486, 35.949703524297298 ], [ 14.338229337251388, 35.949774907017641 ], [ 14.338110364375135, 35.94984629112794 ], [ 14.337991390600616, 35.94988198279529 ], [ 14.337801033998646, 35.94996526401696 ], [ 14.337721080345084, 35.950062959953478 ], [ 14.33781216143006, 35.950496039117432 ], [ 14.337776159648415, 35.950897979922701 ], [ 14.337941040028937, 35.951271029895949 ], [ 14.338161000611091, 35.951301000030675 ], [ 14.338325879194953, 35.951271029895949 ], [ 14.338582918638796, 35.951330970154025 ], [ 14.338675080397048, 35.951554980340525 ], [ 14.339096999323051, 35.9516590198374 ], [ 14.339279880145245, 35.951749019938347 ], [ 14.340051000273311, 35.951912999723476 ], [ 14.340270959957165, 35.951718959801148 ], [ 14.340638159804271, 35.951704020264323 ], [ 14.340703975771882, 35.951749859850594 ], [ 14.340715873957835, 35.951845038209889 ], [ 14.340692079382586, 35.951964011724968 ], [ 14.34068809715092, 35.952083473007789 ], [ 14.340792239740123, 35.952206394819285 ], [ 14.340882435984557, 35.95259456923614 ], [ 14.34089339004113, 35.952769476165464 ], [ 14.340953819710275, 35.952880103825642 ], [ 14.340968305942539, 35.952986712177676 ], [ 14.341080609726104, 35.953078179678762 ], [ 14.341251313884609, 35.95312905276289 ], [ 14.341394020250645, 35.953237022792784 ], [ 14.341405916639941, 35.953344098968401 ], [ 14.341453506688772, 35.953427380176329 ], [ 14.341489198551615, 35.953570148276569 ], [ 14.341368519774672, 35.953737363134287 ], [ 14.34137034694797, 35.953808700033591 ], [ 14.341628880290088, 35.953866989855491 ], [ 14.341810426215764, 35.954307780926115 ], [ 14.341786630742181, 35.954521931683701 ], [ 14.341667657865962, 35.954617111066185 ], [ 14.341084689874123, 35.954866954036234 ], [ 14.340930025135027, 35.954902646343996 ], [ 14.340799154971181, 35.954902646343996 ], [ 14.340706528783933, 35.954877794656561 ], [ 14.34017915932165, 35.954852039818441 ], [ 14.33975688017121, 35.954583030039551 ], [ 14.339620896796752, 35.954634461348462 ], [ 14.339657013562753, 35.95467659721303 ], [ 14.339657013562753, 35.954771775681976 ], [ 14.339633218987505, 35.954914542806776 ], [ 14.339538040686534, 35.95506920829451 ], [ 14.339310277337828, 35.955259745235544 ], [ 14.33904533541445, 35.955313401952644 ], [ 14.338895586256571, 35.955485613815796 ], [ 14.338632441862083, 35.955614836275174 ], [ 14.338582918638796, 35.955656999976057 ], [ 14.338418040054904, 35.955999990055382 ], [ 14.3384507953251, 35.956028379010313 ], [ 14.338586255880083, 35.956080479089593 ], [ 14.338669536893425, 35.956139966315874 ], [ 14.33871108038206, 35.956253969800819 ], [ 14.338788509769644, 35.956282733149301 ], [ 14.338871791681319, 35.956366014167742 ], [ 14.338919380831822, 35.956508782046875 ], [ 14.338862133893725, 35.956573183773301 ], [ 14.338978867269949, 35.956734831024647 ], [ 14.339074045570916, 35.956758624850849 ], [ 14.339228711208342, 35.956853803719667 ], [ 14.339288196748141, 35.956948981746635 ], [ 14.339288196748141, 35.957056057980637 ], [ 14.339240607597638, 35.957305901234939 ], [ 14.339264403071185, 35.957424875251199 ], [ 14.339225160168017, 35.957507041081207 ], [ 14.339055373189415, 35.957617068758125 ], [ 14.339002661845198, 35.957734204091679 ], [ 14.33901455913279, 35.957781794043328 ], [ 14.339097840146168, 35.95788886914832 ], [ 14.339193019345467, 35.957936459006781 ], [ 14.339193019345467, 35.957995944835254 ], [ 14.339050250995665, 35.958091123667373 ], [ 14.338859894393693, 35.958103021104186 ], [ 14.338839958980905, 35.958059011049706 ], [ 14.338776690635468, 35.958035975293967 ], [ 14.338793866423705, 35.957914876768079 ], [ 14.33868500588261, 35.957876211090436 ], [ 14.338610053150257, 35.95789524616773 ], [ 14.338533909251819, 35.957959491882988 ], [ 14.338502381978619, 35.958044557713514 ], [ 14.338386855938129, 35.958130842135624 ], [ 14.338324514654062, 35.958233891336889 ], [ 14.338217439963763, 35.958257686165759 ], [ 14.337967596025367, 35.958257686165759 ], [ 14.337884315011989, 35.958293377668497 ], [ 14.33781714258833, 35.958391485044345 ], [ 14.337991390600616, 35.958459939740358 ], [ 14.338101286000903, 35.958556647176273 ], [ 14.338419693853361, 35.958650296898689 ], [ 14.338764716092724, 35.958793065011726 ], [ 14.339204915734763, 35.959102395037917 ], [ 14.339311992221687, 35.959280854117296 ], [ 14.33947855424841, 35.95935223836328 ], [ 14.339657013562753, 35.959459314247731 ], [ 14.339954445753321, 35.959566389259862 ], [ 14.340287570705096, 35.959637773247763 ], [ 14.340418301630057, 35.959722179224052 ], [ 14.340462285841305, 35.959727640647273 ], [ 14.340109111390747, 35.960089870824277 ], [ 14.340239981554593, 35.960137460083665 ], [ 14.340644490232087, 35.959744848745089 ], [ 14.341084689874123, 35.959970897913948 ], [ 14.34128694376372, 35.959970897913948 ], [ 14.341631110806947, 35.960172329092202 ], [ 14.341739041591714, 35.960220740673201 ], [ 14.341727145202382, 35.960387303043113 ], [ 14.341628880290088, 35.960639039346553 ], [ 14.341367836156747, 35.96065634031649 ], [ 14.341256484587371, 35.960599085827162 ], [ 14.341104794170198, 35.960581240235229 ], [ 14.341054229799473, 35.960551496118818 ], [ 14.340935256923254, 35.960509855645888 ], [ 14.340741925101064, 35.960503907108937 ], [ 14.340572389650749, 35.960539599050847 ], [ 14.340390956014511, 35.960560419282217 ], [ 14.340191674650178, 35.960557444652189 ], [ 14.339974550049396, 35.960503907108937 ], [ 14.339926730031875, 35.960479561802579 ], [ 14.339692706323929, 35.960518173853416 ], [ 14.339444358978797, 35.960494898139451 ], [ 14.338569815812068, 35.960467605827311 ], [ 14.33787501565217, 35.96072458727614 ], [ 14.33710163536284, 35.961285070290593 ], [ 14.336884941953363, 35.961303396342409 ], [ 14.336682687165469, 35.961386677156682 ], [ 14.336528022426375, 35.961481856265188 ], [ 14.336206794762226, 35.961529444685787 ], [ 14.336040232735504, 35.961612725988793 ], [ 14.335790389695438, 35.961791185212618 ], [ 14.33567141592089, 35.961969644760231 ], [ 14.335659518633262, 35.962231386009371 ], [ 14.335925813419438, 35.9624294122371 ], [ 14.336103531623682, 35.962458288945186 ], [ 14.336194898372931, 35.962421742802661 ], [ 14.336409048651824, 35.962397947774143 ], [ 14.336528022426375, 35.962457435331977 ], [ 14.33718237414393, 35.96249312566389 ], [ 14.337444115369951, 35.962564509914749 ], [ 14.337658265648844, 35.962647790853325 ], [ 14.337753444848143, 35.962742969896119 ], [ 14.337812931286271, 35.962897635323259 ], [ 14.337812931286271, 35.963016608187097 ], [ 14.337786687903566, 35.963124859900759 ], [ 14.337848880965614, 35.963429039710668 ], [ 14.337718883964214, 35.96391665476537 ], [ 14.337789136711018, 35.964170646134249 ], [ 14.337812931286271, 35.964325310946428 ], [ 14.337848623149146, 35.964444285294661 ], [ 14.337908109587239, 35.964575155198446 ], [ 14.338086568901586, 35.964634641116113 ], [ 14.338122260764464, 35.964706024885295 ], [ 14.338122260764464, 35.964848792957092 ], [ 14.338098994398605, 35.964932555718796 ], [ 14.338143001067747, 35.965188989693566 ], [ 14.338073641246323, 35.965350727644335 ], [ 14.337931904162492, 35.965467453072904 ], [ 14.337720500033427, 35.965756883288364 ], [ 14.337299161419081, 35.966053980071102 ], [ 14.336892889348684, 35.966534873236689 ], [ 14.33680166004169, 35.966788054238478 ], [ 14.33680166004169, 35.966859436787914 ], [ 14.336860624558637, 35.966943429347801 ], [ 14.336869234910617, 35.967238243078384 ], [ 14.336920632917909, 35.967335330192277 ], [ 14.336968250814484, 35.967477985179308 ], [ 14.337206168719181, 35.967525687041665 ], [ 14.337277553343229, 35.967573276182328 ], [ 14.337301347020151, 35.967656556927665 ], [ 14.337229963294433, 35.967716042705099 ], [ 14.337075297657007, 35.967692249271941 ], [ 14.336956324780788, 35.967632762022511 ], [ 14.336784504016389, 35.967632762022511 ], [ 14.336772910359349, 35.967649423109968 ], [ 14.33680166004169, 35.967787427323806 ], [ 14.336884941953363, 35.967930194913414 ], [ 14.33680166004169, 35.967977783810262 ], [ 14.33655181700159, 35.967882605987931 ], [ 14.336444741412997, 35.967977783810262 ], [ 14.336159205611724, 35.968120551782718 ], [ 14.336111617359553, 35.968168141291891 ], [ 14.336124120111688, 35.968246020193746 ], [ 14.336201206342851, 35.968308639814978 ], [ 14.336468535988248, 35.968417984290141 ], [ 14.336655923658213, 35.968557540122248 ], [ 14.336849250090488, 35.968858185223894 ], [ 14.336849250090488, 35.968965259851686 ], [ 14.336803080278168, 35.969290019890295 ], [ 14.336480433275872, 35.969631509057336 ], [ 14.336409048651824, 35.96969099625489 ], [ 14.33631387124915, 35.969738584817399 ], [ 14.336230590235772, 35.969702892671165 ], [ 14.335958880405062, 35.969483970115583 ], [ 14.335409159960196, 35.96955902974058 ], [ 14.335023959671418, 35.969767019725928 ], [ 14.335136037977849, 35.969881353240957 ], [ 14.335255010854068, 35.969964633732822 ], [ 14.335290702716946, 35.969976530834906 ], [ 14.33532639457982, 35.970095503938211 ], [ 14.335266908141692, 35.970166887859541 ], [ 14.335076550641423, 35.970143093710959 ], [ 14.334957577765204, 35.97001222285742 ], [ 14.334886194039454, 35.969845661159283 ], [ 14.334775289831095, 35.969767019725928 ], [ 14.334620040288755, 35.969767019725928 ], [ 14.333995667148869, 35.969716643742572 ], [ 14.333803539967452, 35.969774276947497 ], [ 14.333696464378857, 35.969774276947497 ], [ 14.333578226324526, 35.969749653138194 ], [ 14.333375236714708, 35.969774276947497 ], [ 14.333208673789688, 35.969809969061451 ], [ 14.333089700913469, 35.969869456124549 ], [ 14.332838179820426, 35.969888086990643 ], [ 14.332708987709527, 35.969750482680581 ], [ 14.332621784651622, 35.969731129113043 ], [ 14.332452550136937, 35.969759031110563 ], [ 14.332185506155813, 35.969762379814931 ], [ 14.332161710682234, 35.969833764037482 ], [ 14.331949735224645, 35.969853289885982 ], [ 14.331888073066917, 35.969821866186841 ], [ 14.331566846301101, 35.969821866186841 ], [ 14.330995655222644, 35.969889815140291 ], [ 14.330833467093024, 35.969891093258489 ], [ 14.33017457529, 35.96977836286036 ], [ 14.329654068058215, 35.969811079963982 ], [ 14.329163304045453, 35.969736722163674 ], [ 14.328303724116376, 35.969495801857065 ], [ 14.327973574384822, 35.969341137721329 ], [ 14.327646398076896, 35.969129959285105 ], [ 14.326997994104822, 35.968820629277253 ], [ 14.326473959188863, 35.968604040259763 ], [ 14.326290000388354, 35.968544009869767 ], [ 14.325520928419103, 35.968477992964694 ], [ 14.324773485186968, 35.968489368274199 ], [ 14.32435707922185, 35.968560752193653 ], [ 14.323512370902321, 35.968536956833958 ], [ 14.323108908762116, 35.96866092033536 ], [ 14.322998972039331, 35.968683993706193 ], [ 14.322794380733386, 35.968690388029898 ], [ 14.322501099657741, 35.968667827951876 ], [ 14.322322640343394, 35.968667827951876 ], [ 14.322049001829747, 35.968691621818095 ], [ 14.321799158789682, 35.968893877024961 ], [ 14.321763466926805, 35.969000952331392 ], [ 14.32177536421443, 35.969131822680204 ], [ 14.321715877776304, 35.969262692812066 ], [ 14.321537417563661, 35.969262692812066 ], [ 14.321299471811187, 35.969322180287527 ], [ 14.321073423346373, 35.96954822821408 ], [ 14.32093065589487, 35.969607714747347 ], [ 14.320787888443398, 35.969750482680581 ], [ 14.320728401106974, 35.969869456124549 ], [ 14.320609428230753, 35.969988428662226 ], [ 14.320504822110848, 35.970191488273827 ], [ 14.320216816840889, 35.970226374653691 ], [ 14.320062152101791, 35.970309656235614 ], [ 14.319919384650323, 35.970428628836956 ], [ 14.319788513588145, 35.970607089220316 ], [ 14.319681438897849, 35.970785547746189 ], [ 14.319657644322598, 35.970928315730497 ], [ 14.319705232574769, 35.971130570296424 ], [ 14.319869040366855, 35.971237646204408 ], [ 14.319869040366855, 35.971252462088636 ], [ 14.319990768376041, 35.971285235288669 ], [ 14.32010974125226, 35.971332824344238 ], [ 14.32010974125226, 35.971463693735622 ], [ 14.320074050287715, 35.971475592065843 ], [ 14.319955077411494, 35.971439899977902 ], [ 14.319590393745491, 35.971417994999619 ], [ 14.319386949588139, 35.971435841050564 ], [ 14.319208490273793, 35.971485810262536 ], [ 14.319187075335753, 35.971553624740231 ], [ 14.319272735986308, 35.971646422983788 ], [ 14.319547562971048, 35.97177134634822 ], [ 14.319718885170456, 35.971814176090369 ], [ 14.3198861415949, 35.971838714195385 ], [ 14.320283162814517, 35.972142685227162 ], [ 14.320335789717108, 35.972320299861259 ], [ 14.320561839080252, 35.972474964703601 ], [ 14.32071650381935, 35.972641528124363 ], [ 14.320775991155774, 35.972808089739708 ], [ 14.320799784832726, 35.972927062937778 ], [ 14.320799784832726, 35.973069830684196 ], [ 14.320728401106974, 35.973307776839079 ], [ 14.320657018279553, 35.973402954663982 ], [ 14.32064512009363, 35.973498133828159 ], [ 14.320657018279553, 35.973569516853686 ], [ 14.320756037776711, 35.97365953633367 ], [ 14.320752195682225, 35.973704354108619 ], [ 14.320680811956473, 35.973736080145947 ], [ 14.320597530943129, 35.973819360933277 ], [ 14.320609428230753, 35.973878847156129 ], [ 14.320752195682225, 35.973962129246843 ], [ 14.320823580306275, 35.973962129246843 ], [ 14.320871168558446, 35.97389074512234 ], [ 14.321002038722289, 35.973914538868357 ], [ 14.321368006080847, 35.974057709035968 ], [ 14.321394360854658, 35.974088761010599 ], [ 14.321323267284768, 35.974247663645315 ], [ 14.321216190797843, 35.974366636854711 ], [ 14.321228088085469, 35.974616479865247 ], [ 14.32126377994831, 35.974854425719826 ], [ 14.321228088085469, 35.97517565384846 ], [ 14.321287575421893, 35.975330318912086 ], [ 14.321370856435237, 35.975401701734718 ], [ 14.321561213037208, 35.975401701734718 ], [ 14.321636490061382, 35.975358120788414 ], [ 14.321721960269086, 35.975420009970541 ], [ 14.321850120215753, 35.975688029872771 ], [ 14.32182314470608, 35.975755743325635 ], [ 14.321715877776304, 35.9758300053116 ], [ 14.321668287727507, 35.975972772896419 ], [ 14.321620698577004, 35.976067951869823 ], [ 14.321608802187709, 35.97619882213472 ], [ 14.321756993666854, 35.976354151825142 ], [ 14.321832119774081, 35.976464010028437 ], [ 14.321920389132208, 35.976636811864616 ], [ 14.322119909448404, 35.976791993845929 ], [ 14.322381840218945, 35.976716999982493 ], [ 14.322456122808099, 35.976656978669638 ], [ 14.322572484281789, 35.976591433081509 ], [ 14.322643867109212, 35.976615228194319 ], [ 14.322716982786801, 35.97670146106482 ], [ 14.32273356029707, 35.97682533686821 ], [ 14.322596277958709, 35.976853173839267 ], [ 14.322489202370116, 35.97691265995671 ], [ 14.32245351140557, 35.97694835175102 ], [ 14.322465407794864, 35.977138708684151 ], [ 14.322512996945365, 35.977269579354527 ], [ 14.322679558972087, 35.977400449807959 ], [ 14.322786634560682, 35.97761460118916 ], [ 14.322822327321854, 35.977745471797412 ], [ 14.323262526963926, 35.978007212362961 ], [ 14.323559960052789, 35.978149979644378 ], [ 14.323690830216668, 35.978197568923086 ], [ 14.323809803092889, 35.978268952787396 ], [ 14.324035851557703, 35.978483103992929 ], [ 14.324131030757002, 35.978518795804028 ], [ 14.324305011969651, 35.978539049362148 ], [ 14.324392771084726, 35.978518795804028 ], [ 14.324535539434493, 35.978518795804028 ], [ 14.324719826120111, 35.978545123029647 ], [ 14.324772835705033, 35.978538180656805 ], [ 14.324797279762217, 35.978435514886343 ], [ 14.324940047213687, 35.978411721049284 ], [ 14.325034408946062, 35.978435311340085 ], [ 14.325071232686216, 35.978412222645616 ], [ 14.325320761315929, 35.978376029189761 ], [ 14.325451630581476, 35.978304644695342 ], [ 14.325606296218872, 35.978280850091856 ], [ 14.325737167281048, 35.978280850091856 ], [ 14.325903729307766, 35.978328439291701 ], [ 14.32597511303352, 35.978292748121433 ], [ 14.32607029133449, 35.978222970117812 ], [ 14.326201162396666, 35.978197568923086 ], [ 14.326296339799336, 35.978316541994417 ], [ 14.32632824526328, 35.978441228721124 ], [ 14.326332031662179, 35.978625871867379 ], [ 14.326534285551777, 35.97872105127616 ], [ 14.326877159919315, 35.978744970055118 ], [ 14.32709784005201, 35.978789970314175 ], [ 14.327128404331253, 35.978939980200487 ], [ 14.327236227318167, 35.979054174668221 ], [ 14.327260021893416, 35.97912555921161 ], [ 14.327426583920138, 35.979363505284816 ], [ 14.327545556796359, 35.979411093831843 ], [ 14.327725103970524, 35.97943826619305 ], [ 14.327778780105357, 35.979484048245723 ], [ 14.32778786836109, 35.979612194817101 ], [ 14.327842989885255, 35.979672834689055 ], [ 14.327926270898599, 35.979720423776449 ], [ 14.327926270898599, 35.979839396732928 ], [ 14.32796569795644, 35.979957679646809 ], [ 14.327991107702539, 35.979993838938256 ], [ 14.328247497664417, 35.980101138350442 ], [ 14.328318882288466, 35.980160624200657 ], [ 14.328319899181379, 35.980255830108952 ], [ 14.328295086814917, 35.980339083663047 ], [ 14.328199909412247, 35.980386673075628 ], [ 14.328247497664417, 35.980458057140709 ], [ 14.328339019822199, 35.980497280948335 ], [ 14.328366687932968, 35.980626399961736 ], [ 14.328404760331319, 35.980693025324953 ], [ 14.328547527782789, 35.980864345871453 ], [ 14.328728366734314, 35.980969041699062 ], [ 14.329013901637287, 35.981378309640931 ], [ 14.329247386356043, 35.981755774878835 ], [ 14.329389639072842, 35.981814350105033 ], [ 14.329484818272142, 35.981814350105033 ], [ 14.329532407422642, 35.981861939354914 ], [ 14.329532407422642, 35.981945220291436 ], [ 14.329515118446674, 35.982007461952037 ], [ 14.330271959853343, 35.982622979640077 ], [ 14.330529000195485, 35.982608040134217 ], [ 14.331007047657064, 35.982732835659604 ], [ 14.331150441234312, 35.982635263732377 ], [ 14.331388386986752, 35.982575776839866 ], [ 14.331483565287723, 35.982444906972319 ], [ 14.331449969194443, 35.982387312821963 ], [ 14.331340796937956, 35.982361625836269 ], [ 14.331317003261036, 35.982302138737481 ], [ 14.331357551416319, 35.982253301638565 ], [ 14.331720960372943, 35.982100979911202 ], [ 14.331904920071752, 35.98193700029455 ], [ 14.332344840337754, 35.981965980359298 ], [ 14.332384238649491, 35.981987391740525 ], [ 14.33267329584665, 35.982016603673642 ], [ 14.3328993443115, 35.982147474251505 ], [ 14.332994522612466, 35.982373523250622 ], [ 14.333077803625844, 35.982670955846345 ], [ 14.333339544851865, 35.982956490723247 ], [ 14.333386754014995, 35.983123308250313 ], [ 14.333458517728085, 35.983277717860254 ], [ 14.333576314709605, 35.983314816246903 ], [ 14.333779745392199, 35.983408589254232 ], [ 14.333898718268454, 35.983503767256252 ], [ 14.333981999281797, 35.983610843098148 ], [ 14.333968678164474, 35.983748740175336 ], [ 14.334050615298159, 35.983886110735405 ], [ 14.334208047746646, 35.983860685921968 ], [ 14.334279432370694, 35.983860685921968 ], [ 14.334320268885181, 35.983941278125592 ], [ 14.334436079691617, 35.983964970710169 ], [ 14.334457890786711, 35.984170015870873 ], [ 14.334386507959291, 35.984300887238774 ], [ 14.334265609993423, 35.984334853673573 ], [ 14.334077177582801, 35.984419859831775 ], [ 14.333922512843703, 35.984562627142694 ], [ 14.333803539967452, 35.984693497859425 ], [ 14.333625079754807, 35.984752983882373 ], [ 14.333470415015711, 35.984764880936176 ], [ 14.333280058413738, 35.984860060209748 ], [ 14.333149188249893, 35.984943340889657 ], [ 14.33308604566858, 35.985188014949507 ], [ 14.333023525619723, 35.985193697766029 ], [ 14.332800500884138, 35.985321238290993 ], [ 14.332390590636866, 35.985692871048862 ], [ 14.332209300731066, 35.985692871048862 ], [ 14.332143872835635, 35.985719437206569 ], [ 14.331794040117913, 35.985798990249414 ], [ 14.331354119851943, 35.986112010239857 ], [ 14.330677943564536, 35.98624938468123 ], [ 14.330513817768841, 35.986095185866738 ], [ 14.330233042140289, 35.986114222136585 ], [ 14.330207547054201, 35.986140931347784 ], [ 14.330210552817155, 35.986240146775117 ], [ 14.330162963666652, 35.986275838712224 ], [ 14.32906198306453, 35.986309543347502 ], [ 14.329056515019399, 35.986489990722973 ], [ 14.328925644855554, 35.986525683274017 ], [ 14.328806671081002, 35.986501888241769 ], [ 14.328692040660853, 35.986456036119044 ], [ 14.328329473425677, 35.986509212251114 ], [ 14.328262398918367, 35.986543462670809 ], [ 14.328164216651071, 35.986692244664141 ], [ 14.32809283292532, 35.986739833879696 ], [ 14.327985757336725, 35.986775526317707 ], [ 14.327878681748132, 35.98683501295158 ], [ 14.327775891123423, 35.986816873091044 ], [ 14.327463349269777, 35.987037452814363 ], [ 14.327239678645482, 35.98698034611305 ], [ 14.326977938317791, 35.987027935154828 ], [ 14.326981360898998, 35.987137468125979 ], [ 14.3268912050788, 35.987227624046525 ], [ 14.326843615928301, 35.987334699196282 ], [ 14.326843615928301, 35.987453672302884 ], [ 14.326952162059012, 35.987459703125921 ], [ 14.327052739234869, 35.987426177064656 ], [ 14.327098096071882, 35.987367212768255 ], [ 14.32715252409662, 35.98734907084949 ], [ 14.327361163211251, 35.987498746824457 ], [ 14.327628766842798, 35.987539567693837 ], [ 14.327837406855762, 35.987589459838873 ], [ 14.327887299286621, 35.987684709118675 ], [ 14.327991618843953, 35.987934169796304 ], [ 14.328018833305489, 35.988179094797907 ], [ 14.32810047399513, 35.988265272147835 ], [ 14.328141295238266, 35.988723373168234 ], [ 14.328041511274847, 35.988791406882847 ], [ 14.328073260431928, 35.988836764113664 ], [ 14.328027903594913, 35.988863978294248 ], [ 14.328027903594913, 35.989213223325855 ], [ 14.327919048443736, 35.98932661429405 ], [ 14.328041511274847, 35.989440005099262 ], [ 14.328038749853636, 35.989520061731241 ], [ 14.328139115925408, 35.989588235040479 ], [ 14.328124839000573, 35.989726243781369 ], [ 14.328605489779873, 35.990059367960185 ], [ 14.329295534258639, 35.990563814205487 ], [ 14.329623899037692, 35.990763688939978 ], [ 14.32975238956436, 35.99078272408341 ], [ 14.329866604962852, 35.990720857851713 ], [ 14.32987136333891, 35.990573332165255 ], [ 14.329266980408999, 35.990145028651305 ], [ 14.329362158710001, 35.990045092017255 ], [ 14.328603861134271, 35.989477998247423 ], [ 14.328713800552013, 35.989355611269765 ], [ 14.328663832662631, 35.989319919272162 ], [ 14.328942228654006, 35.989072455280343 ], [ 14.329084997003804, 35.98916525400481 ], [ 14.329184934579162, 35.98903914214565 ], [ 14.329879190359987, 35.989587239258384 ], [ 14.330009372414322, 35.989469262245393 ], [ 14.329320367286334, 35.988938972971035 ], [ 14.329434959078943, 35.988832841276071 ], [ 14.329315141786351, 35.988743299929524 ], [ 14.329777993346596, 35.988301102725998 ], [ 14.329874714054917, 35.98836728185924 ], [ 14.329914962172904, 35.988330960680706 ], [ 14.329871266320856, 35.987589432217959 ], [ 14.329695185745392, 35.987570397030908 ], [ 14.329699944121447, 35.987123057910075 ], [ 14.329785604772004, 35.987070710098365 ], [ 14.330056863648439, 35.98697553203769 ], [ 14.330570826653407, 35.986989807809188 ], [ 14.330742147954515, 35.987013602694233 ], [ 14.33087711982594, 35.987111010022637 ], [ 14.331134160168086, 35.98742402989604 ], [ 14.331463920030798, 35.987200019698989 ], [ 14.332088160220049, 35.987184990200923 ], [ 14.333078879807534, 35.987543010136569 ], [ 14.334932159934233, 35.987438969943796 ], [ 14.335940880861722, 35.98734896981469 ], [ 14.336931959775345, 35.987005979987323 ], [ 14.337628921281793, 35.986573979840422 ], [ 14.337776159648415, 35.986275989176136 ], [ 14.337848880965614, 35.986006978874677 ], [ 14.337920006874867, 35.985918920067917 ], [ 14.337991390600616, 35.985918920067917 ], [ 14.337991390600616, 35.986002201083963 ], [ 14.338027047429172, 35.986079456172227 ], [ 14.338325879194953, 35.986201020316322 ], [ 14.338637999738756, 35.986215959868815 ], [ 14.339574000247346, 35.986678019720109 ], [ 14.340142079561659, 35.987050979896864 ], [ 14.340308039717156, 35.986992029857475 ], [ 14.340638159804271, 35.987200019698989 ], [ 14.342600879885392, 35.987184990200923 ], [ 14.342637959645383, 35.986931999641186 ], [ 14.343077879911359, 35.986886999663774 ], [ 14.343225120074644, 35.986707990227785 ], [ 14.343627959682328, 35.986992029857475 ], [ 14.344031879963323, 35.987050979896864 ], [ 14.34436200005047, 35.987229990008373 ], [ 14.344545350691511, 35.987395078003061 ], [ 14.344655996185073, 35.987330832979787 ], [ 14.344197119669948, 35.986723019816708 ], [ 14.344545959749276, 35.986678019720109 ], [ 14.344934393074777, 35.986824008083985 ], [ 14.345030760745169, 35.9867026549665 ], [ 14.344928038392444, 35.986637598186419 ], [ 14.345280000117386, 35.986410000069682 ], [ 14.345719920383393, 35.986082040232681 ], [ 14.345719920383393, 35.985993029295102 ], [ 14.346728999738657, 35.986006978874677 ], [ 14.346968039639162, 35.986364999794503 ], [ 14.346564120256463, 35.986723019816708 ], [ 14.346178919967684, 35.987290019997999 ], [ 14.346200619671706, 35.987494046172046 ], [ 14.346245830083326, 35.987539255867858 ], [ 14.346392639055271, 35.987464213340978 ], [ 14.346443324698535, 35.987489286643111 ], [ 14.346467120172116, 35.987567808657971 ], [ 14.346374320609993, 35.987574947944168 ], [ 14.346393356809186, 35.987629675181715 ], [ 14.346498052760602, 35.987624915660966 ], [ 14.346528986247387, 35.987653469873834 ], [ 14.346512329685405, 35.987717715361221 ], [ 14.346465702630596, 35.987748109963235 ], [ 14.34640525409681, 35.987824791299609 ], [ 14.346336250008237, 35.987881898116591 ], [ 14.34612925570889, 35.988032570336202 ], [ 14.345994960268879, 35.988094980188308 ], [ 14.345682839725105, 35.98830396001312 ], [ 14.345692899059634, 35.988413662751498 ], [ 14.345833529419044, 35.988494317902514 ], [ 14.34625199971269, 35.988437969642625 ], [ 14.346381605946954, 35.988374149954531 ], [ 14.346529781256418, 35.988401090995666 ], [ 14.346679686721158, 35.988379676266803 ], [ 14.346786763208083, 35.988294015112544 ], [ 14.346886699885109, 35.988265461858425 ], [ 14.346972361433963, 35.988336846064705 ], [ 14.347115128885466, 35.988351122316757 ], [ 14.347279312173308, 35.988351122316757 ], [ 14.347536293226643, 35.988236907867048 ], [ 14.347736168377359, 35.98830115433308 ], [ 14.348028842191866, 35.988358260805249 ], [ 14.348292962156734, 35.988322569083252 ], [ 14.348457143647948, 35.988386814025837 ], [ 14.348485271696129, 35.988412384206363 ], [ 14.348564221033204, 35.988408230206453 ], [ 14.348664157710232, 35.988244047092692 ], [ 14.348648905215049, 35.988056590960994 ], [ 14.348664157710232, 35.987987065089847 ], [ 14.348756957272352, 35.987915681293913 ], [ 14.34879264913523, 35.987965648794855 ], [ 14.348963970436307, 35.988029894754902 ], [ 14.349063907113369, 35.988094139935811 ], [ 14.349135290839087, 35.988087002150301 ], [ 14.349320889065002, 35.988022756963574 ], [ 14.349499349277677, 35.987879988644821 ], [ 14.349613561981212, 35.987737222248342 ], [ 14.349777745269053, 35.987501655021354 ], [ 14.349884820857648, 35.987301780017845 ], [ 14.35002045119421, 35.987223257738215 ], [ 14.350170355760621, 35.987109043836334 ], [ 14.350355954884831, 35.987023382756256 ], [ 14.350572137152891, 35.986835166321917 ], [ 14.350802040288618, 35.986723019816708 ], [ 14.351168879012993, 35.986723019816708 ], [ 14.351726524395282, 35.986930583693031 ], [ 14.351819323059074, 35.987001967653441 ], [ 14.351897844798062, 35.987130458910087 ], [ 14.351890706784795, 35.98724467278096 ], [ 14.351847876908682, 35.987380302219329 ], [ 14.351803421980218, 35.987432840265107 ], [ 14.351811119643882, 35.987706989733141 ], [ 14.351920919822772, 35.987946030027246 ], [ 14.351923538411812, 35.988115710290593 ], [ 14.351990644360152, 35.988843670691402 ], [ 14.352062028085903, 35.989129205763348 ], [ 14.352033475134593, 35.989186313089874 ], [ 14.352159959723245, 35.990063010175064 ], [ 14.352342839647072, 35.990256960234952 ], [ 14.352581878649248, 35.990778959793147 ], [ 14.352496567443332, 35.991230418226237 ], [ 14.352493465560652, 35.99136532415632 ], [ 14.3525759919892, 35.991470596237519 ], [ 14.352797282077958, 35.991513426191929 ], [ 14.353061402042862, 35.991634777724272 ], [ 14.353289830144886, 35.991777545789589 ], [ 14.353683119762794, 35.991897029697064 ], [ 14.354507880093145, 35.991702989908447 ], [ 14.3551600857355, 35.991570533246183 ], [ 14.355309992996833, 35.991492010854209 ], [ 14.355609804824612, 35.991220752071747 ], [ 14.355773987214125, 35.990870970800017 ], [ 14.355852508953113, 35.990621127642513 ], [ 14.35583823292664, 35.990142856117117 ], [ 14.355659772713961, 35.990142856117117 ], [ 14.355659772713961, 35.990107165202488 ], [ 14.35583823292664, 35.989907290258266 ], [ 14.355895339727555, 35.989793075880904 ], [ 14.3559310306921, 35.989664585326409 ], [ 14.355995277302913, 35.989521817071292 ], [ 14.356073799041901, 35.989414741255572 ], [ 14.356466411330064, 35.989343358024534 ], [ 14.357244494299932, 35.989307666021389 ], [ 14.357451506565591, 35.989286250084881 ], [ 14.357558601018825, 35.989534840748483 ], [ 14.357972609380454, 35.989586061764157 ], [ 14.358093961893854, 35.989507540304281 ], [ 14.358157752160507, 35.989389773231814 ], [ 14.359228965289041, 35.989578924113623 ], [ 14.359479693169682, 35.989764310930042 ], [ 14.359464531404303, 35.990050057088879 ], [ 14.35937887075375, 35.990264209030968 ], [ 14.35937887075375, 35.990360577324275 ], [ 14.359421700629859, 35.990371285147383 ], [ 14.359485946342376, 35.990449807201259 ], [ 14.359486620078833, 35.990501574206384 ], [ 14.359595495891277, 35.990580336714288 ], [ 14.359685820594763, 35.990585436217465 ], [ 14.359742928294009, 35.990671097064144 ], [ 14.359600159944208, 35.990856695004013 ], [ 14.359593021930971, 35.990978046819777 ], [ 14.359635851807083, 35.991099399902495 ], [ 14.359750067205576, 35.99124930570995 ], [ 14.359792897081686, 35.99127786006472 ], [ 14.359814312019726, 35.991470596237519 ], [ 14.359864280807408, 35.991534840796994 ], [ 14.360438652820319, 35.99185535487964 ], [ 14.360628086852472, 35.992020250762238 ], [ 14.361128151123379, 35.992009495192391 ], [ 14.361810990215226, 35.99208051114465 ], [ 14.36191301996689, 35.992079282083033 ], [ 14.362020072199295, 35.992013113331943 ], [ 14.362112870863085, 35.992013113331943 ], [ 14.362161184055715, 35.992076291923638 ], [ 14.362304727651576, 35.99207456207931 ], [ 14.362715183176253, 35.991985331859638 ], [ 14.362959860005144, 35.99189761770009 ], [ 14.362983754293372, 35.991841792279558 ], [ 14.363048000005856, 35.99182751520555 ], [ 14.363119979314648, 35.991840217244317 ], [ 14.363345741216891, 35.991759284231478 ], [ 14.363421515907756, 35.991716574337296 ], [ 14.363561963010856, 35.991570533246183 ], [ 14.363628307187826, 35.991600019280369 ], [ 14.363672916626522, 35.991574875328538 ], [ 14.363695574832944, 35.991433381031612 ], [ 14.363800884333711, 35.991421460271098 ], [ 14.363883189776674, 35.991434903743105 ], [ 14.364107091267959, 35.991541322669661 ], [ 14.364324000273104, 35.991613980224678 ], [ 14.364624249580402, 35.991816423088174 ], [ 14.365003917145359, 35.991956005871295 ], [ 14.365175238446435, 35.992120189255033 ], [ 14.365287945573566, 35.99233573398476 ], [ 14.365417942574966, 35.992669844341258 ], [ 14.365389388725324, 35.992869718827436 ], [ 14.365318004999608, 35.993019624904818 ], [ 14.365253760185423, 35.993112424073814 ], [ 14.364984071564081, 35.993281199970433 ], [ 14.364096831609109, 35.993574878894485 ], [ 14.363476303258597, 35.9937263251961 ], [ 14.362691079580568, 35.993869093110028 ], [ 14.362451999255894, 35.993954969887056 ], [ 14.362113795229533, 35.994530963152421 ], [ 14.362091455925045, 35.994682867683586 ], [ 14.361841612884948, 35.995689380076541 ], [ 14.361920134623936, 35.995946361699588 ], [ 14.361870165836255, 35.996146237331487 ], [ 14.361891581672626, 35.996324696250817 ], [ 14.3624412374388, 35.99657454023987 ], [ 14.362719634328505, 35.996731584274933 ], [ 14.362898092744523, 35.996938597082512 ], [ 14.363133659758113, 35.997152749219786 ], [ 14.363504856209907, 35.997295516019172 ], [ 14.363683316422584, 35.997302655151806 ], [ 14.36403309613971, 35.99723840874897 ], [ 14.36421869436559, 35.997224131925016 ], [ 14.364332907967457, 35.997181302164272 ], [ 14.364668412556405, 35.997088502694844 ], [ 14.364825456932678, 35.996981426975061 ], [ 14.364975363295716, 35.996902904881985 ], [ 14.365146683698496, 35.996831521159223 ], [ 14.365403665650163, 35.996674477323204 ], [ 14.365589263876043, 35.996645924195228 ], [ 14.365803415053264, 35.996538847874596 ], [ 14.365903352628624, 35.996453186858815 ], [ 14.366046120080094, 35.996360387986215 ], [ 14.366403039607086, 35.996267589004482 ], [ 14.366538669045319, 35.996203343212088 ], [ 14.366731405284471, 35.996181929147632 ], [ 14.366909864598815, 35.996210481716787 ], [ 14.367002664160937, 35.996253312004733 ], [ 14.367024079098977, 35.996331834017788 ], [ 14.366914393006182, 35.996805024153808 ], [ 14.366635919759659, 35.997235019057349 ], [ 14.366610052771073, 35.997345484846655 ], [ 14.366610052771073, 35.997538220729318 ], [ 14.366674297585222, 35.997752372691949 ], [ 14.366717128359667, 35.997959385727334 ], [ 14.366838480873097, 35.998180676326285 ], [ 14.367102600837965, 35.998330581758076 ], [ 14.367288199063877, 35.998387688964172 ], [ 14.36748093620136, 35.998387688964172 ], [ 14.367759332192735, 35.998323444172001 ], [ 14.367873545794598, 35.99823778291416 ], [ 14.36793779240541, 35.998109292306523 ], [ 14.368294711034071, 35.997930833064537 ], [ 14.36835181783502, 35.997845172107034 ], [ 14.36835181783502, 35.997759511056493 ], [ 14.368287573020835, 35.997723819227417 ], [ 14.368166219609108, 35.997680989011293 ], [ 14.368164281943033, 35.997462072113336 ], [ 14.36848865820224, 35.997218606959137 ], [ 14.368615937799888, 35.997095641119415 ], [ 14.368637353636259, 35.997017119140047 ], [ 14.368637353636259, 35.996924320204236 ], [ 14.368673046397465, 35.996847029948775 ], [ 14.368751568136453, 35.996781552732905 ], [ 14.368837227888678, 35.996767275826187 ] ] ], [ [ [ 14.406034714784218, 35.967309068297851 ], [ 14.406184621147254, 35.967394728965395 ], [ 14.406323819592092, 35.967455405124447 ], [ 14.406512986824639, 35.967398298066989 ], [ 14.406562955612319, 35.967319776340794 ], [ 14.406616494304931, 35.967301930086478 ], [ 14.406755691851467, 35.967276944887431 ], [ 14.406887752283069, 35.967273375780344 ], [ 14.407169718179373, 35.967398298066989 ], [ 14.407280362774603, 35.967426850873814 ], [ 14.407373162336727, 35.967398298066989 ], [ 14.407465961000518, 35.967398298066989 ], [ 14.407676543171105, 35.96705922469873 ], [ 14.407719373945547, 35.966730858724212 ], [ 14.407762203821662, 35.966584522008887 ], [ 14.407640852206558, 35.966509569342229 ], [ 14.407498083856758, 35.966509569342229 ], [ 14.407451684075715, 35.966484585346542 ], [ 14.407580174602382, 35.966384647103602 ], [ 14.407601590438752, 35.966281141036397 ], [ 14.40748737593859, 35.966191910731816 ], [ 14.40738743926153, 35.966166927362679 ], [ 14.407116180385096, 35.966237120998088 ], [ 14.406697394782766, 35.966284710188276 ], [ 14.406573662632191, 35.966237120998088 ], [ 14.405926449826165, 35.966275192207149 ], [ 14.405764647073834, 35.966199049043588 ], [ 14.404917558218765, 35.966103871258234 ], [ 14.404460702014745, 35.96607531724591 ], [ 14.404213237713527, 35.966141941804473 ], [ 14.404137094713422, 35.966351335297283 ], [ 14.403251936154955, 35.966341817324135 ], [ 14.402975918004099, 35.966237120998088 ], [ 14.402776043751711, 35.966122907260704 ], [ 14.402566650950547, 35.966065799966572 ], [ 14.40251906180008, 35.965942067960029 ], [ 14.402861704402268, 35.965694604092462 ], [ 14.402861704402268, 35.965513765265023 ], [ 14.402633276300241, 35.965256782678225 ], [ 14.402414364950333, 35.965161603757124 ], [ 14.402328705198107, 35.964980765163119 ], [ 14.401890884294916, 35.96478089128766 ], [ 14.401776669794758, 35.964647641271611 ], [ 14.401586313192785, 35.964581016179238 ], [ 14.401557760241475, 35.964466802227612 ], [ 14.401272224440236, 35.964371623081334 ], [ 14.401072349289521, 35.964238373828785 ], [ 14.400748742886494, 35.964209819868941 ], [ 14.400463207085254, 35.964143195134262 ], [ 14.400225261332782, 35.964105124351377 ], [ 14.399597082929322, 35.963971873922027 ], [ 14.398968906322489, 35.963895730718626 ], [ 14.398892763322383, 35.963939751335147 ], [ 14.39883565472484, 35.964036119056637 ], [ 14.39872501012961, 35.964118211116912 ], [ 14.39864649018725, 35.964228856328027 ], [ 14.398621506242575, 35.964368053842918 ], [ 14.398532274788755, 35.96443586934484 ], [ 14.398489444912645, 35.964521528766987 ], [ 14.398753563979216, 35.964746387852486 ], [ 14.398760701992453, 35.964860602853889 ], [ 14.398735718047778, 35.965056908047323 ], [ 14.398749994972581, 35.96512115375333 ], [ 14.39889990223395, 35.965110446139299 ], [ 14.39901054593085, 35.965188967881382 ], [ 14.39907835975167, 35.965321028221609 ], [ 14.39914260726078, 35.965374566134443 ], [ 14.399328203690066, 35.965385273712656 ], [ 14.399481679958033, 35.965417395711498 ], [ 14.399599461668201, 35.965424534820329 ], [ 14.399710108060061, 35.965460226719479 ], [ 14.399877858557907, 35.965556594766568 ], [ 14.399988504949764, 35.965677946954877 ], [ 14.400163394359179, 35.9657671771132 ], [ 14.400120563584737, 35.965849268827931 ], [ 14.400234778983227, 35.965945637127291 ], [ 14.40027047084607, 35.966031297092805 ], [ 14.400213364045154, 35.966109820100385 ], [ 14.400591697611889, 35.966252587088178 ], [ 14.400666651242572, 35.966206188081749 ], [ 14.400713050125319, 35.966259726121493 ], [ 14.400688066180644, 35.966341817324135 ], [ 14.40072375714519, 35.966395355271921 ], [ 14.400809418694042, 35.966416770150033 ], [ 14.400923633194237, 35.966373939660919 ], [ 14.400934341112405, 35.966295417643067 ], [ 14.400905787262797, 35.966238311200783 ], [ 14.401016431858029, 35.966138372646078 ], [ 14.401426889179334, 35.966288279340056 ], [ 14.401655317281358, 35.966348954895288 ], [ 14.401958699014036, 35.966452462327702 ], [ 14.401926576157795, 35.966520276766524 ], [ 14.401958699014036, 35.966566676315452 ], [ 14.40210503637047, 35.966548829890861 ], [ 14.402337032580803, 35.966623783247329 ], [ 14.402461954999131, 35.966638059792103 ], [ 14.402526199813314, 35.966602367698286 ], [ 14.402479800930569, 35.966548829890861 ], [ 14.402469093012401, 35.966488153762214 ], [ 14.402536907731518, 35.966502431058579 ], [ 14.402611861362168, 35.966445324038887 ], [ 14.402668968163116, 35.966506000200461 ], [ 14.402850997382396, 35.966602367698286 ], [ 14.402975918004099, 35.966645198063496 ], [ 14.403043732723216, 35.966580952870501 ], [ 14.403172224148213, 35.966613075837067 ], [ 14.403350682564229, 35.966598799287773 ], [ 14.403486312900762, 35.966605936835698 ], [ 14.40368618715318, 35.966798673650949 ], [ 14.403843232427786, 35.966887903269836 ], [ 14.403964584042885, 35.966909318741429 ], [ 14.40413233633736, 35.967012824712235 ], [ 14.404246549939192, 35.967052085737706 ], [ 14.404328641583112, 35.967037809267794 ], [ 14.404335779596384, 35.966966426152553 ], [ 14.40428224180207, 35.966927164357422 ], [ 14.404317933664943, 35.966862918666791 ], [ 14.404332210589747, 35.966795103795228 ], [ 14.40437504136419, 35.966795103795228 ], [ 14.404414302233668, 35.966870056917898 ], [ 14.404521377822295, 35.966909318741429 ], [ 14.404596330554648, 35.966962856304363 ], [ 14.40466057716546, 35.967041379112594 ], [ 14.404778359773927, 35.967105623930941 ], [ 14.404956819986571, 35.967144884910269 ], [ 14.405071033588436, 35.967234114864908 ], [ 14.40523878588291, 35.967287652934729 ], [ 14.40528518476566, 35.967344760072208 ], [ 14.405431522122061, 35.967337621864061 ], [ 14.405499336841178, 35.967351898279709 ], [ 14.405638535286016, 35.967355466656173 ], [ 14.405759887799446, 35.96738402093262 ], [ 14.405877671306241, 35.967458974223298 ], [ 14.405952624038592, 35.967469682245856 ], [ 14.405974038976668, 35.967412575198736 ], [ 14.405959762051832, 35.967359037213626 ], [ 14.406034714784218, 35.967309068297851 ] ] ] ] } },
{ "type": "Feature", "properties": { "LocalityId": 38, "LAU_Name": "L-Imġarr", "LAU_Latin": "Mġarr", "Region": "Tramuntana (Northern)", "Area_Km2": 16.116704, "Population": 4840.0, "NUTS3": "MT001", "LAU": "MT01538", "GREAT_CID": null, "GREAT_CIN": null, "FUA_ID": "MT001L", "FUA_Name": "Malta", "Shape__Are": 24624528.7773, "Shape__Len": 30088.9956404 }, "geometry": { "type": "Polygon", "coordinates": [ [ [ 14.374816960595457, 35.939241712232942 ], [ 14.37498114478163, 35.93923457366683 ], [ 14.375230987821695, 35.939255989363218 ], [ 14.375473692848558, 35.939341649908911 ], [ 14.375723536786952, 35.939391618335797 ], [ 14.376101871251983, 35.939348787738034 ], [ 14.377388208433198, 35.938887648031837 ], [ 14.378100618267597, 35.938549288683127 ], [ 14.378650274033737, 35.937963942266975 ], [ 14.378985777724358, 35.937835450264977 ], [ 14.379378389114258, 35.937864002849047 ], [ 14.379671062030434, 35.937764066941391 ], [ 14.379968019012237, 35.93754299824505 ], [ 14.380106504194744, 35.937342902201578 ], [ 14.380242132734647, 35.936850353978159 ], [ 14.380249270747884, 35.936286421664143 ], [ 14.379999427707817, 35.935815289304898 ], [ 14.379578263366643, 35.935308463177307 ], [ 14.379142822100665, 35.934980099040239 ], [ 14.378536058635245, 35.934608901827637 ], [ 14.378079203329523, 35.93440188992605 ], [ 14.377779390603449, 35.934287673798174 ], [ 14.377622346227175, 35.934173459687386 ], [ 14.377129798160247, 35.933688049693771 ], [ 14.376722909845578, 35.933352546274683 ], [ 14.376523033796531, 35.932938519713659 ], [ 14.376351714292083, 35.932517354721021 ], [ 14.376158978052931, 35.932210405324071 ], [ 14.375966240915451, 35.931839208926377 ], [ 14.375916272127775, 35.931603642210732 ], [ 14.375894327183712, 35.930741438740228 ], [ 14.376016209703129, 35.930218796343063 ], [ 14.375914965079028, 35.930045055705392 ], [ 14.375823474362312, 35.92967627865665 ], [ 14.375880581163228, 35.929247975729787 ], [ 14.376051901566008, 35.928534137696857 ], [ 14.376208945942281, 35.928362817093927 ], [ 14.376480203920419, 35.928112973246051 ], [ 14.376672941956231, 35.927884545203639 ], [ 14.376872816208614, 35.927820299038551 ], [ 14.377234494111663, 35.927644813872668 ], [ 14.377447158577091, 35.92743066301643 ], [ 14.377655361110502, 35.927139179257495 ], [ 14.378410839772874, 35.927204613857057 ], [ 14.379457802880296, 35.927507995054071 ], [ 14.380296562556047, 35.927829222261593 ], [ 14.380427433618189, 35.927930349870138 ], [ 14.380611841576348, 35.928114758320554 ], [ 14.380922724241689, 35.92829724524438 ], [ 14.381418673330259, 35.928481655021386 ], [ 14.382027620600123, 35.928679880049124 ], [ 14.382729514755766, 35.927563143640192 ], [ 14.383097917447053, 35.927053918665514 ], [ 14.383306580816207, 35.926859592200898 ], [ 14.385337889964211, 35.927128460675902 ], [ 14.385634289092215, 35.927181771329316 ], [ 14.386089188765553, 35.927111518257966 ], [ 14.386190348049698, 35.927075157260752 ], [ 14.386287452338644, 35.927006881234313 ], [ 14.386337420228026, 35.926757036739112 ], [ 14.386405234048814, 35.926542885660822 ], [ 14.386461381449028, 35.92621706677096 ], [ 14.386568932246423, 35.925920153332669 ], [ 14.386706070854313, 35.925746342144642 ], [ 14.387020846818075, 35.92571438296433 ], [ 14.388204106812008, 35.925547081165583 ], [ 14.388179122867333, 35.925311515343964 ], [ 14.388261213612925, 35.924911764222358 ], [ 14.388307613394002, 35.924790412699984 ], [ 14.388393274044523, 35.924683335661499 ], [ 14.388450380845471, 35.924579830241591 ], [ 14.388614563234981, 35.924412077206973 ], [ 14.388747122231569, 35.92421217634697 ], [ 14.389064282324092, 35.923491227064844 ], [ 14.389192772850762, 35.923009385883006 ], [ 14.389485446665269, 35.923070061942809 ], [ 14.389617507096871, 35.922859480723027 ], [ 14.389738858711969, 35.922695297342671 ], [ 14.389813812342654, 35.922648898215101 ], [ 14.389949441780887, 35.922606068730609 ], [ 14.389988702650365, 35.922566806712659 ], [ 14.389935164856084, 35.922481146176693 ], [ 14.389880715271751, 35.922246853021122 ], [ 14.389928025944519, 35.922152779686705 ], [ 14.39028404086803, 35.921792688224023 ], [ 14.390634568881774, 35.921405952047444 ], [ 14.390809617293007, 35.921181959705699 ], [ 14.390788202354937, 35.921099868863053 ], [ 14.39062045006046, 35.92079648708814 ], [ 14.390753973847664, 35.920648360794317 ], [ 14.391065520367993, 35.92022872134978 ], [ 14.391199595720748, 35.91999957869038 ], [ 14.39146336085113, 35.918960043361302 ], [ 14.391548383697813, 35.918797367268354 ], [ 14.391703230794921, 35.918599220045564 ], [ 14.391778056864815, 35.91852648220398 ], [ 14.392020761891645, 35.918340883749941 ], [ 14.392309335795201, 35.918227628735529 ], [ 14.392344369192969, 35.918131491050787 ], [ 14.392516100125821, 35.918109393778678 ], [ 14.392720324020857, 35.918060106669131 ], [ 14.392701287821664, 35.917955411108458 ], [ 14.392312008283165, 35.917626569679356 ], [ 14.392232534329985, 35.917467622253859 ], [ 14.392101664166139, 35.917253470028221 ], [ 14.391816129263201, 35.917122600312439 ], [ 14.391554388037179, 35.916932242785229 ], [ 14.391471107023802, 35.916837063849776 ], [ 14.391494901599051, 35.916682399199608 ], [ 14.3916733609134, 35.916480144914054 ], [ 14.392184945179485, 35.9156354373103 ], [ 14.392506171945302, 35.915183339302878 ], [ 14.393452602792689, 35.914214302833052 ], [ 14.39388090604543, 35.913850245756294 ], [ 14.39420213281125, 35.913421942965641 ], [ 14.394523361373693, 35.912886563762918 ], [ 14.394772526185715, 35.912526791710988 ], [ 14.395006408858151, 35.912471226662134 ], [ 14.39633651016336, 35.912229831969476 ], [ 14.397131094286678, 35.911966440866024 ], [ 14.39764421736686, 35.911844533994326 ], [ 14.399248969587045, 35.911544548652643 ], [ 14.400160894347723, 35.911246619739728 ], [ 14.401583785333587, 35.910394862781708 ], [ 14.402333315352145, 35.909686972827508 ], [ 14.402731875385825, 35.909276516321555 ], [ 14.403511148623448, 35.908366371891475 ], [ 14.403796684424686, 35.908152221221833 ], [ 14.404218155091407, 35.907878133916277 ], [ 14.404548594080458, 35.907692588332992 ], [ 14.404725722091538, 35.907502339083671 ], [ 14.404023455135032, 35.9076250239046 ], [ 14.402459737957027, 35.907601525972609 ], [ 14.40110422421073, 35.907187796787746 ], [ 14.400335941860629, 35.907152550056132 ], [ 14.399997774665177, 35.907056925700438 ], [ 14.399557573226515, 35.907128309824422 ], [ 14.399307671795938, 35.907245605846498 ], [ 14.399057887146352, 35.907580408023335 ], [ 14.398831837783172, 35.907413845676309 ], [ 14.398427330902342, 35.907235385889642 ], [ 14.398189384251538, 35.906973645111236 ], [ 14.397808671945922, 35.906628623242376 ], [ 14.397297086781508, 35.906307395786996 ], [ 14.396880680816389, 35.906236011650094 ], [ 14.39615494537308, 35.906140833670911 ], [ 14.395476290633818, 35.90652070523565 ], [ 14.395215057854253, 35.906462061074755 ], [ 14.395179365991376, 35.906795185786983 ], [ 14.395036599438235, 35.907104516336219 ], [ 14.394799080385519, 35.907263999728329 ], [ 14.393680305954289, 35.907104516336219 ], [ 14.393168721688172, 35.906961747981001 ], [ 14.393180618975796, 35.906866570147074 ], [ 14.390682184981721, 35.906402575021104 ], [ 14.39065839040647, 35.906259806854635 ], [ 14.389052253882459, 35.905998065759789 ], [ 14.387131126697316, 35.906341629328111 ], [ 14.38511815935075, 35.906557959731629 ], [ 14.383198780287154, 35.906592931690632 ], [ 14.382639606870569, 35.906592931690632 ], [ 14.382496839419096, 35.906450163867596 ], [ 14.380878805607425, 35.905879092910176 ], [ 14.380057891863148, 35.905617352738929 ], [ 14.379332156419839, 35.905319920303747 ], [ 14.379415437433185, 35.905153358292068 ], [ 14.379332156419839, 35.904891617175728 ], [ 14.379153696207164, 35.904629875921323 ], [ 14.378951442317598, 35.904487108922488 ], [ 14.378713495666794, 35.904380032776686 ], [ 14.378094835812114, 35.904284854020496 ], [ 14.377963965648268, 35.904249162139337 ], [ 14.377690328032919, 35.904082600056874 ], [ 14.377821198196765, 35.903927935211996 ], [ 14.378059143949239, 35.903820859037261 ], [ 14.378677803803951, 35.903666195136161 ], [ 14.378808673967796, 35.903452042661165 ], [ 14.378737291140377, 35.903178404767651 ], [ 14.378535036352481, 35.90305943204482 ], [ 14.378023452086362, 35.902631129052835 ], [ 14.377571355156698, 35.902535951103886 ], [ 14.376809926952216, 35.902345594134992 ], [ 14.37621609832857, 35.902281883151339 ], [ 14.375489326229445, 35.902357489776278 ], [ 14.375156201277672, 35.902428875228814 ], [ 14.374882562764025, 35.902535951103886 ], [ 14.374513746847741, 35.902809589035797 ], [ 14.374252007418345, 35.903083226749203 ], [ 14.373859396926775, 35.903678092034212 ], [ 14.373479247864843, 35.904031504765392 ], [ 14.372789830410154, 35.904298476044062 ], [ 14.371605444827191, 35.904401991995343 ], [ 14.370599533829923, 35.904641774129779 ], [ 14.369957080298288, 35.904641774129779 ], [ 14.369719132749189, 35.904534698193252 ], [ 14.369397905983368, 35.904356237734568 ], [ 14.369207549381398, 35.904153983953385 ], [ 14.369052883743972, 35.903963627238021 ], [ 14.368850629854407, 35.903868448708671 ], [ 14.368636478677185, 35.903820859037261 ], [ 14.36850560761501, 35.903642399879352 ], [ 14.368410430212336, 35.903404454194622 ], [ 14.368469915752167, 35.903178404767651 ], [ 14.368458019362839, 35.902928562134207 ], [ 14.368160586273943, 35.902440772312865 ], [ 14.367970229672002, 35.902202825925961 ], [ 14.367696592056653, 35.902048161045734 ], [ 14.367244494228695, 35.902048161045734 ], [ 14.366328402183413, 35.902095748872483 ], [ 14.365471795677928, 35.902369386871058 ], [ 14.364520010871473, 35.902821486062606 ], [ 14.363663405264287, 35.903321172672129 ], [ 14.363044743612976, 35.903797065282262 ], [ 14.362806797860506, 35.903951729655255 ], [ 14.362580750293986, 35.904070703219581 ], [ 14.362295216289342, 35.904070703219581 ], [ 14.361985885014523, 35.904035011241852 ], [ 14.361664658248706, 35.903939832798351 ], [ 14.361236355894293, 35.903785167674449 ], [ 14.361069792969243, 35.903689988930466 ], [ 14.3608913327566, 35.90353532404594 ], [ 14.360748565305126, 35.903321172672129 ], [ 14.36071287523888, 35.903118917700937 ], [ 14.360760462592754, 35.902857177860042 ], [ 14.360915128230145, 35.902393183238232 ], [ 14.360927026416102, 35.902107648189599 ], [ 14.360915128230145, 35.901822110655488 ], [ 14.360748565305126, 35.901465193110482 ], [ 14.360558208703157, 35.901215350162339 ], [ 14.360332160238308, 35.901048786788579 ], [ 14.360082316299911, 35.900917917191506 ], [ 14.35996334342369, 35.900739455853817 ], [ 14.359570732033824, 35.900513409002421 ], [ 14.359344682670681, 35.900323052262699 ], [ 14.359106736918205, 35.899918541761132 ], [ 14.358999662227911, 35.899692496203699 ], [ 14.359059147767738, 35.89952593326354 ], [ 14.359118635104162, 35.899145219670331 ], [ 14.35982057597222, 35.898062563909278 ], [ 14.359737294958844, 35.897979283314967 ], [ 14.359594526609078, 35.897872207096924 ], [ 14.35929709441851, 35.897717541758823 ], [ 14.359071045055362, 35.897562878301656 ], [ 14.358987764041986, 35.897336828200046 ], [ 14.358987764041986, 35.896944217084851 ], [ 14.358940174891487, 35.896670579250511 ], [ 14.358690331851422, 35.896813347250685 ], [ 14.358047877421455, 35.897277343292096 ], [ 14.357548190442994, 35.897491492826596 ], [ 14.356953325163531, 35.897717541758823 ], [ 14.356049130405875, 35.897979283314967 ], [ 14.355370984113067, 35.898395689048577 ], [ 14.354823707984103, 35.898705018227773 ], [ 14.354502480319958, 35.899002450782127 ], [ 14.354105578576288, 35.899541231946394 ], [ 14.353657772000426, 35.89976387823846 ], [ 14.353158085021933, 35.900144591039052 ], [ 14.352862782736919, 35.900520522685134 ], [ 14.352408555003372, 35.900691867211521 ], [ 14.35184938068849, 35.90141760417692 ], [ 14.351533920208475, 35.901501030323651 ], [ 14.350790119644801, 35.901605089856261 ], [ 14.350124272186521, 35.901500884791886 ], [ 14.349553200584012, 35.90153657572953 ], [ 14.348018449582346, 35.901596063257927 ], [ 14.3470326590508, 35.901806187356897 ], [ 14.346557206822034, 35.901820645156185 ], [ 14.346138675442987, 35.902000571735023 ], [ 14.346233852845625, 35.901596063257927 ], [ 14.346162469119907, 35.901548472947709 ], [ 14.345436733676596, 35.901227246701175 ], [ 14.345305864411049, 35.901346219995219 ], [ 14.344211160337847, 35.901891990344254 ], [ 14.343637860913404, 35.902024366030091 ], [ 14.343295219209512, 35.902005331322279 ], [ 14.342895469806409, 35.902386044983729 ], [ 14.342514755704169, 35.902386044983729 ], [ 14.34224825610209, 35.902271829913332 ], [ 14.342286327602142, 35.902557365824954 ], [ 14.342362469703952, 35.902938079013836 ], [ 14.342438612704061, 35.903813720911536 ], [ 14.342326633212313, 35.904550570008716 ], [ 14.342057898601785, 35.905469825960104 ], [ 14.341670846885222, 35.905661862039167 ], [ 14.341258399795581, 35.905698253981669 ], [ 14.340840119944753, 35.905996980154271 ], [ 14.340949920123643, 35.906220990027698 ], [ 14.341163764975322, 35.906336186043958 ], [ 14.341146555949427, 35.906671764064306 ], [ 14.341013306148403, 35.906900192982022 ], [ 14.340890752587454, 35.906987730886172 ], [ 14.340765960424802, 35.907162030047445 ], [ 14.340765960424802, 35.907429959934205 ], [ 14.340830381308786, 35.907543432680882 ], [ 14.340908610196987, 35.907566441680785 ], [ 14.340899091648209, 35.907804387948239 ], [ 14.340861021046488, 35.907909083846427 ], [ 14.340794395696792, 35.907994744883581 ], [ 14.34068018209496, 35.908089922815741 ], [ 14.340527896094713, 35.908156548246041 ], [ 14.340385128643241, 35.908194619063742 ], [ 14.340251878842217, 35.908280279791782 ], [ 14.340071039890695, 35.90830883431736 ], [ 14.339956826288828, 35.90830883431736 ], [ 14.339804540288617, 35.908270762099377 ], [ 14.339421633398759, 35.908253237202352 ], [ 14.339328647885372, 35.908108958970523 ], [ 14.33916684513304, 35.908108958970523 ], [ 14.33901455913279, 35.908137512102698 ], [ 14.338890826982214, 35.908194619063742 ], [ 14.338643362680996, 35.908270762099377 ], [ 14.338652881229743, 35.908384975787918 ], [ 14.33863384503055, 35.908470637037496 ], [ 14.338548185278322, 35.908546779807573 ], [ 14.338462523729474, 35.908651476178633 ], [ 14.338405416928525, 35.9087466540484 ], [ 14.338433970778164, 35.908898939711619 ], [ 14.338557702928773, 35.908994118011321 ], [ 14.338654028378366, 35.909103882176218 ], [ 14.338693079940388, 35.909280990256875 ], [ 14.338956144384834, 35.90947001070294 ], [ 14.339024076783238, 35.90947001070294 ], [ 14.339100219783344, 35.909536634971133 ], [ 14.339128772734654, 35.90960325991086 ], [ 14.339128772734654, 35.909726992104666 ], [ 14.339090702132932, 35.909803135120882 ], [ 14.339024076783238, 35.909869759836205 ], [ 14.338743369426632, 35.909929062843133 ], [ 14.338567220579186, 35.909936385222977 ], [ 14.338510112879941, 35.909993492340853 ], [ 14.338491077579077, 35.910069635100598 ], [ 14.338519631428719, 35.910202884753886 ], [ 14.338405416928525, 35.910336134182693 ], [ 14.3383673463268, 35.910421794775104 ], [ 14.338319757176297, 35.910621670100142 ], [ 14.338253131826637, 35.910764436944852 ], [ 14.338253131826637, 35.9108691340194 ], [ 14.338376863977214, 35.911040454684887 ], [ 14.338405416928525, 35.91116418681392 ], [ 14.338405416928525, 35.911259365299045 ], [ 14.338253131826637, 35.911364061718658 ], [ 14.338005668423715, 35.911506828678924 ], [ 14.337605918122286, 35.911649596836661 ], [ 14.337086640684122, 35.912007882829847 ], [ 14.336787567271523, 35.912130987015722 ], [ 14.336711241015076, 35.912106452919183 ], [ 14.336520884413105, 35.912096935687025 ], [ 14.336344124711299, 35.912287139693639 ], [ 14.336181565577476, 35.912344330239208 ], [ 14.336025955810699, 35.912296809690439 ], [ 14.335702349407708, 35.912468130902255 ], [ 14.335540545757043, 35.912706077707803 ], [ 14.335550064305789, 35.912839327286164 ], [ 14.335626207305895, 35.912953540927894 ], [ 14.335607171106702, 35.913048720170607 ], [ 14.335554822681846, 35.913101068305089 ], [ 14.335492956606544, 35.913124862900261 ], [ 14.335502475155286, 35.913172452069091 ], [ 14.335583807722793, 35.913229559033859 ], [ 14.335721384708568, 35.913229559033859 ], [ 14.335816563907867, 35.913296183774065 ], [ 14.335816563907867, 35.913391361876926 ], [ 14.335670724218124, 35.913387310880402 ], [ 14.335637744369084, 35.913446011022771 ], [ 14.335588134907512, 35.913619791039373 ], [ 14.335607364244479, 35.913716671939724 ], [ 14.335721384708568, 35.913819664833191 ], [ 14.335759457106919, 35.913914843761383 ], [ 14.335778492407814, 35.914019540304643 ], [ 14.335749938558175, 35.91413375369762 ], [ 14.335683314106811, 35.914219415271155 ], [ 14.335626207305895, 35.914257486081759 ], [ 14.335521509557854, 35.914257486081759 ], [ 14.335388260655126, 35.914219415271155 ], [ 14.335216939354014, 35.914190860696081 ], [ 14.334707020564482, 35.914196958227869 ], [ 14.334180120022783, 35.913983040147521 ], [ 14.333998654945482, 35.913952914718614 ], [ 14.33369408384335, 35.91405761121149 ], [ 14.333475174290067, 35.914371699858762 ], [ 14.333427585139599, 35.914504950269361 ], [ 14.333546175333522, 35.914682704681468 ], [ 14.333646494692847, 35.91492373466982 ], [ 14.333627459391986, 35.915018913724758 ], [ 14.333470485084284, 35.915071817846759 ], [ 14.333170603187932, 35.915095056013193 ], [ 14.333027834838166, 35.915218788348817 ], [ 14.332999281886856, 35.915352038060171 ], [ 14.332942175085908, 35.915428180755498 ], [ 14.332834023315625, 35.915507870814864 ], [ 14.332749119944856, 35.915669009857133 ], [ 14.332946110605192, 35.915904073305448 ], [ 14.333008800435602, 35.915904073305448 ], [ 14.333037353386908, 35.915980216196949 ], [ 14.332957264087753, 35.916015255288933 ], [ 14.332870572171265, 35.916196377652987 ], [ 14.332751817585638, 35.916303822668226 ], [ 14.33262808633336, 35.916446590172008 ], [ 14.332618567784614, 35.916617911127439 ], [ 14.332590013934976, 35.916732125861564 ], [ 14.332504354182751, 35.916817786076457 ], [ 14.332494835634005, 35.916874893319871 ], [ 14.332513871833198, 35.916979590310653 ], [ 14.332583800288154, 35.917072910271749 ], [ 14.332618567784614, 35.917160428918393 ], [ 14.332570978634115, 35.917265124803784 ], [ 14.332570978634115, 35.917341267840222 ], [ 14.332685193134274, 35.917617285187198 ], [ 14.33277085378483, 35.917664873836046 ], [ 14.332951692736357, 35.917664873836046 ], [ 14.333065907236517, 35.917712463911315 ], [ 14.333075424886966, 35.917893303026062 ], [ 14.333027834838166, 35.918159801944007 ], [ 14.332871815439614, 35.918290923842889 ], [ 14.332808925284883, 35.918302569735488 ], [ 14.332685193134274, 35.918435820072247 ], [ 14.332675674585531, 35.918673765660472 ], [ 14.332787710671132, 35.918915185067426 ], [ 14.33289458503711, 35.919044962025886 ], [ 14.333189639387125, 35.919187728947186 ], [ 14.333227709988881, 35.919235318833721 ], [ 14.333227709988881, 35.919340014882749 ], [ 14.333094460187827, 35.919520853913966 ], [ 14.332989764236409, 35.919711211031419 ], [ 14.333018317187719, 35.919996745848664 ], [ 14.333113600591583, 35.920080350284145 ], [ 14.333244120412491, 35.920087019895071 ], [ 14.333413838220784, 35.920240387326764 ], [ 14.333532281091015, 35.920263245681845 ], [ 14.333627459391986, 35.920348905710142 ], [ 14.333627459391986, 35.920415531001566 ], [ 14.333246746188074, 35.920653477181446 ], [ 14.333227709988881, 35.920758174263185 ], [ 14.333229900979836, 35.920874368314237 ], [ 14.333170603187932, 35.921005637756203 ], [ 14.333151566988775, 35.921091297707896 ], [ 14.333180120838382, 35.921243584343152 ], [ 14.333290772620121, 35.921577550341055 ], [ 14.333608424091123, 35.922100190202578 ], [ 14.333960584343757, 35.922309581852161 ], [ 14.334055761746431, 35.922442831985464 ], [ 14.334360332848565, 35.922604634897283 ], [ 14.334426958198225, 35.922709332305956 ], [ 14.334510601232632, 35.922776253141507 ], [ 14.334522137397524, 35.922842581038246 ], [ 14.33462683334894, 35.922966312894097 ], [ 14.334788636101274, 35.923023420063082 ], [ 14.335064654252131, 35.923013902689398 ], [ 14.335178867853962, 35.922956796241074 ], [ 14.335264529402846, 35.922890170908005 ], [ 14.335407295955987, 35.922880652790873 ], [ 14.335616688757153, 35.92275692080095 ], [ 14.335664277907652, 35.9226427067644 ], [ 14.335664277907652, 35.922452350155282 ], [ 14.335738370053953, 35.922315704946975 ], [ 14.335987885208944, 35.922271511279583 ], [ 14.336025955810699, 35.922233439233771 ], [ 14.336121083806033, 35.922242977797929 ], [ 14.336225830961418, 35.922290546204422 ], [ 14.336282937762332, 35.922338135678892 ], [ 14.336349563112028, 35.922423795642317 ], [ 14.336349563112028, 35.922481565197138 ], [ 14.336454960647677, 35.922638969778902 ], [ 14.33702304086032, 35.922682979919898 ], [ 14.337299161419081, 35.92280303979193 ], [ 14.337701097321585, 35.922737885260887 ], [ 14.337796274724258, 35.922766438933024 ], [ 14.337959039572281, 35.922788009675592 ], [ 14.338253159674416, 35.922713040189628 ], [ 14.339057425839849, 35.922621741960363 ], [ 14.339150226300269, 35.922567014767722 ], [ 14.339607080707694, 35.922352863254332 ], [ 14.339792679831904, 35.922221991791304 ], [ 14.339890236871755, 35.922100639778783 ], [ 14.340104706052584, 35.921629860095251 ], [ 14.340014324755215, 35.92139348019893 ], [ 14.340099592842005, 35.921176959021771 ], [ 14.340295615118437, 35.921077165702812 ], [ 14.340857210393066, 35.92057099876898 ], [ 14.341040913173703, 35.920439783166984 ], [ 14.341353119955764, 35.920385010087877 ], [ 14.341497354356095, 35.920285540228477 ], [ 14.341679556051915, 35.920253727976011 ], [ 14.341945469054091, 35.92017607675222 ], [ 14.342252039806064, 35.920235970027605 ], [ 14.343077879911359, 35.920490039985339 ], [ 14.34338324961581, 35.920624924201427 ], [ 14.343724512405725, 35.920752934938356 ], [ 14.343774839621178, 35.920757969840778 ], [ 14.344086960164985, 35.921012040304085 ], [ 14.344073601318382, 35.921085694665713 ], [ 14.343925767368717, 35.921110333644279 ], [ 14.343782999018915, 35.921195994210059 ], [ 14.343754446067605, 35.921329244037182 ], [ 14.343821069620672, 35.921433940951786 ], [ 14.343802035218108, 35.92170044030717 ], [ 14.343897212620778, 35.921786100961299 ], [ 14.344125640722803, 35.921814654249538 ], [ 14.344201783722912, 35.921890797271182 ], [ 14.344239856121263, 35.922005010938655 ], [ 14.34413515927155, 35.922138260857629 ], [ 14.344030463320133, 35.922176332221831 ], [ 14.343925767368717, 35.922300063665155 ], [ 14.343840105819829, 35.922528493290393 ], [ 14.343706856018805, 35.922718848988815 ], [ 14.343522297143668, 35.922786794084494 ], [ 14.343440357315023, 35.922899688296518 ], [ 14.343468910266333, 35.923080527918238 ], [ 14.343402284916674, 35.923109080739138 ], [ 14.343335659566979, 35.923109080739138 ], [ 14.343233948717252, 35.923147222927085 ], [ 14.343145302965006, 35.923318474082237 ], [ 14.343116750013731, 35.923442205920999 ], [ 14.343031089363176, 35.923565938293635 ], [ 14.343012054062315, 35.923680151724305 ], [ 14.343002536411868, 35.923889544282808 ], [ 14.343021571712729, 35.924089419042701 ], [ 14.34309588035303, 35.92444400999802 ], [ 14.343536382727322, 35.924790033701221 ], [ 14.34378559604839, 35.924889903808918 ], [ 14.343975952650363, 35.925232548053764 ], [ 14.343985471199105, 35.925422905245199 ], [ 14.343956917349498, 35.925575190086477 ], [ 14.343909328198999, 35.925708439809448 ], [ 14.343847594176033, 35.925708439809448 ], [ 14.34355457091689, 35.92554564884049 ], [ 14.343307106615669, 35.92537432830941 ], [ 14.343078679411974, 35.92524107802344 ], [ 14.342916874863016, 35.925298185004593 ], [ 14.34304060701359, 35.925498059841289 ], [ 14.343050124664039, 35.925602756329098 ], [ 14.343135786212889, 35.925669380831749 ], [ 14.343421321115866, 35.925697934900235 ], [ 14.343681610664376, 35.925757994213875 ], [ 14.343706856018805, 35.92580263112346 ], [ 14.343659266868306, 35.925916844960859 ], [ 14.343678303067499, 35.926069131033245 ], [ 14.343621196266582, 35.926126238143802 ], [ 14.343497464115973, 35.926126238143802 ], [ 14.343411802567088, 35.926164309043038 ], [ 14.343411802567088, 35.926269004648731 ], [ 14.343534640893985, 35.926373217829571 ], [ 14.343649749217892, 35.926564058197343 ], [ 14.343643151092108, 35.92672925921763 ], [ 14.343554686799546, 35.926865939717921 ], [ 14.343459509396908, 35.926955407210848 ], [ 14.343113058836224, 35.927115306679248 ], [ 14.342899859873192, 35.927189546023932 ], [ 14.342667623812705, 35.927239824740177 ], [ 14.34258375080957, 35.927239824740177 ], [ 14.342472000388215, 35.927189999935713 ], [ 14.342325839999907, 35.927010989727336 ], [ 14.342078637108447, 35.926949328848245 ], [ 14.341652461066296, 35.926583660937901 ], [ 14.34128240277996, 35.926374688693478 ], [ 14.341082527629242, 35.926279510936915 ], [ 14.340889633286602, 35.926218574009383 ], [ 14.340998017720569, 35.926133566298653 ], [ 14.340907272605508, 35.926061727219341 ], [ 14.340851425242624, 35.92607404702558 ], [ 14.340435314823218, 35.926269993227713 ], [ 14.33958822686651, 35.926574562991505 ], [ 14.339469442636483, 35.926682142303726 ], [ 14.339316959905204, 35.927040960333557 ], [ 14.339114998866391, 35.927443979902783 ], [ 14.339132999308063, 35.927697959781447 ], [ 14.339309766196413, 35.928088567039609 ], [ 14.339558338120385, 35.928435438232022 ], [ 14.339684159752307, 35.928443970038416 ], [ 14.340051000273311, 35.92868202008642 ], [ 14.34054599984265, 35.92863800964701 ], [ 14.341078080070279, 35.928741960020808 ], [ 14.341739039795085, 35.928653040106262 ], [ 14.341959000377235, 35.928308969678959 ], [ 14.342231589658608, 35.928267753024571 ], [ 14.342391823952473, 35.928194826218778 ], [ 14.342499240002567, 35.928184163791101 ], [ 14.342678929110541, 35.928134503249865 ], [ 14.342859768062066, 35.928105949333812 ], [ 14.34304060701359, 35.927991735021209 ], [ 14.343145302965006, 35.927963181780989 ], [ 14.343288071314808, 35.927972699286428 ], [ 14.343706856018805, 35.928115466822035 ], [ 14.344106606320238, 35.928353413111736 ], [ 14.34430647967433, 35.928505698856 ], [ 14.344496837174598, 35.928715091002658 ], [ 14.344696712325314, 35.929029179637752 ], [ 14.34480140827673, 35.929162430086905 ], [ 14.344963211927395, 35.929428928856737 ], [ 14.345010801077894, 35.929571696672518 ], [ 14.345010801077894, 35.92972398297993 ], [ 14.344935755819039, 35.929946457780098 ], [ 14.344782372975869, 35.929980964049236 ], [ 14.344618795152504, 35.929985148036991 ], [ 14.343904080241122, 35.930309039808613 ], [ 14.343059880368019, 35.930666969965522 ], [ 14.342957871277617, 35.930926623304231 ], [ 14.34532015930216, 35.930878547283491 ], [ 14.34531965624562, 35.930939605730572 ], [ 14.345367110648821, 35.930978723205513 ], [ 14.346213738668117, 35.930944479231627 ], [ 14.346514270046404, 35.930918360172058 ], [ 14.346494525974796, 35.930829434703924 ], [ 14.346522009032595, 35.930807380258706 ], [ 14.34912988657435, 35.930655632125131 ], [ 14.349829446906897, 35.930698462341581 ], [ 14.350072151933761, 35.930926890255726 ], [ 14.350429069664123, 35.93134091716847 ], [ 14.350928756642585, 35.931555068344643 ], [ 14.352613416702244, 35.931954817885476 ], [ 14.35344146935809, 35.932168968853532 ], [ 14.354712101293183, 35.932425950704207 ], [ 14.355954180276967, 35.93276859284218 ], [ 14.356396759556217, 35.932954190895451 ], [ 14.35696783026043, 35.933111235677224 ], [ 14.358010034093498, 35.933339663893747 ], [ 14.358495444147156, 35.93355381474732 ], [ 14.358938024324701, 35.934139164000015 ], [ 14.359152174603594, 35.934596018924069 ], [ 14.359594754781138, 35.9348530008861 ], [ 14.360237210109432, 35.935024321972435 ], [ 14.361336520743418, 35.935267028330614 ], [ 14.362007529921287, 35.935366965213284 ], [ 14.362864134630144, 35.935766715117197 ], [ 14.363743947314346, 35.936793442265667 ], [ 14.36400410660718, 35.937077865861987 ], [ 14.364554463957552, 35.937479592719285 ], [ 14.365254736654133, 35.937751415841589 ], [ 14.365633826602355, 35.937836843819277 ], [ 14.367004397011105, 35.937979613179849 ], [ 14.369474277155573, 35.938193763827918 ], [ 14.370687802289718, 35.938322255247435 ], [ 14.372978113700457, 35.939207924226515 ], [ 14.373442108816043, 35.939400660259061 ], [ 14.374127305985535, 35.939849495315002 ], [ 14.374802683670657, 35.940419544992388 ], [ 14.375634599082218, 35.940773624877224 ], [ 14.37555935439741, 35.940662250057649 ], [ 14.375651520647244, 35.940626485859589 ], [ 14.37613756311486, 35.940619420148465 ], [ 14.376216083955551, 35.940576590215997 ], [ 14.376308884415968, 35.940469514192479 ], [ 14.376251775818394, 35.940319607952162 ], [ 14.375636657122538, 35.940012461932291 ], [ 14.374795545657419, 35.939662877037307 ], [ 14.374709885905162, 35.939498693637802 ], [ 14.374709885905162, 35.939377341957339 ], [ 14.374816960595457, 35.939241712232942 ] ] ] } },
{ "type": "Feature", "properties": { "LocalityId": 39, "LAU_Name": "Il-Mosta", "LAU_Latin": "Mosta", "Region": "Tramuntana (Northern)", "Area_Km2": 6.78394, "Population": 23482.0, "NUTS3": "MT001", "LAU": "MT01539", "GREAT_CID": null, "GREAT_CIN": null, "FUA_ID": "MT001L", "FUA_Name": "Malta", "Shape__Are": 10363923.5483, "Shape__Len": 19498.374986399998 }, "geometry": { "type": "Polygon", "coordinates": [ [ [ 14.407144034447095, 35.928966413219989 ], [ 14.407243971124155, 35.928873614295128 ], [ 14.407415293323563, 35.928737984733452 ], [ 14.407608028664381, 35.928609493738037 ], [ 14.407772211952222, 35.92860235493918 ], [ 14.407900703377221, 35.928666601196184 ], [ 14.408035559365988, 35.928779252788758 ], [ 14.408279037842282, 35.928823645038605 ], [ 14.408314728806829, 35.928795092098802 ], [ 14.408304622759882, 35.928646046793176 ], [ 14.408243345081077, 35.928431033756638 ], [ 14.408350420669708, 35.928002731358454 ], [ 14.408693063271892, 35.927817133320005 ], [ 14.409364071551465, 35.927353138136525 ], [ 14.409671023189107, 35.927031911177203 ], [ 14.409885174366293, 35.926760652777261 ], [ 14.410206401132115, 35.926582192987588 ], [ 14.411091559690609, 35.926225273654758 ], [ 14.413204521206351, 35.925254454201195 ], [ 14.413797006848636, 35.925054578748771 ], [ 14.414774965867519, 35.924876118745978 ], [ 14.415781477837713, 35.924711936642574 ], [ 14.415938522214017, 35.924640551653013 ], [ 14.41593138420075, 35.924433539838333 ], [ 14.41588855342634, 35.924190835139697 ], [ 14.416074150753923, 35.923919575723261 ], [ 14.416516730931466, 35.922998724938502 ], [ 14.416836768327862, 35.922479406805344 ], [ 14.417717169408565, 35.920908962930028 ], [ 14.418478596714751, 35.919624053860808 ], [ 14.418585672303342, 35.919576464935673 ], [ 14.41904966741896, 35.919969075803387 ], [ 14.419537457109833, 35.920278405770524 ], [ 14.420239397977891, 35.920528248909939 ], [ 14.421571895988286, 35.92076619620569 ], [ 14.422190555842969, 35.921075525237704 ], [ 14.423047160551826, 35.921349163072712 ], [ 14.424338271380449, 35.921820477664177 ], [ 14.424082226371656, 35.92211059083413 ], [ 14.424201200146207, 35.922348537006627 ], [ 14.424784168138046, 35.9228244301137 ], [ 14.42512919037741, 35.923086170829386 ], [ 14.42547421171848, 35.923312218667675 ], [ 14.425322688387933, 35.923674388825425 ], [ 14.425741473091897, 35.923817156119604 ], [ 14.426226884043885, 35.923817156119604 ], [ 14.426673361113139, 35.923728624947358 ], [ 14.427042177927756, 35.923681036309624 ], [ 14.427268226392602, 35.923478781006168 ], [ 14.427494274857452, 35.923193245665757 ], [ 14.427767913371063, 35.92301478582722 ], [ 14.427982065446617, 35.922836327768408 ], [ 14.428446059663907, 35.922550792290764 ], [ 14.428898156593569, 35.922360434005455 ], [ 14.429243178832932, 35.922229564009875 ], [ 14.429719071236176, 35.922074898992008 ], [ 14.430028400714368, 35.921955926311078 ], [ 14.430040298001993, 35.921825055646131 ], [ 14.429873735975274, 35.921717979684828 ], [ 14.429873735975274, 35.921610904306057 ], [ 14.430028400714368, 35.921539520154731 ], [ 14.430266347365141, 35.92139675311364 ], [ 14.430563779555706, 35.921123114715797 ], [ 14.430754137056008, 35.920897065712865 ], [ 14.431527461649818, 35.920242713829047 ], [ 14.433038419872862, 35.919302826787501 ], [ 14.432859959660183, 35.918898318732253 ], [ 14.43282426779734, 35.918767448100361 ], [ 14.432943240673561, 35.918529502066498 ], [ 14.432955137961185, 35.918351043344487 ], [ 14.432943240673561, 35.918148788232941 ], [ 14.43289565242139, 35.917970328651968 ], [ 14.43289565242139, 35.917791868668367 ], [ 14.433026522585234, 35.917613409737179 ], [ 14.433109802700283, 35.917470642156808 ], [ 14.433145494563158, 35.917363566120528 ], [ 14.433062214448112, 35.917208901044745 ], [ 14.433026522585234, 35.917078031255222 ], [ 14.433074110837405, 35.916923366348726 ], [ 14.433228775576502, 35.916602139220203 ], [ 14.433776051705463, 35.9161024520848 ], [ 14.434251944108709, 35.915590868142758 ], [ 14.434263842294632, 35.915269640695925 ], [ 14.433918820055265, 35.914984104820071 ], [ 14.433749547811335, 35.914705897854873 ], [ 14.433966409205768, 35.914424931806657 ], [ 14.433288263811255, 35.913496942357128 ], [ 14.433561902324902, 35.912997255251113 ], [ 14.43409728026791, 35.912354801271746 ], [ 14.434454199794933, 35.911759935731574 ], [ 14.434489890759478, 35.911557681956872 ], [ 14.434989576839643, 35.911355427665207 ], [ 14.434811118423593, 35.911105583928133 ], [ 14.434870603963423, 35.910808151022472 ], [ 14.435251318065664, 35.910641588921806 ], [ 14.435715313181248, 35.910367951151272 ], [ 14.435536852968607, 35.909820674953906 ], [ 14.437012118430472, 35.90959462566525 ], [ 14.438353676848829, 35.909322499110182 ], [ 14.439141737406526, 35.909130631256652 ], [ 14.438927585331006, 35.90830971689175 ], [ 14.438582563091643, 35.908416792813469 ], [ 14.438213747175324, 35.908428689725 ], [ 14.438011493285726, 35.908297819962399 ], [ 14.437928212272382, 35.908107463028543 ], [ 14.437702162909238, 35.907964695027644 ], [ 14.437428525293889, 35.907940901063398 ], [ 14.437285756045791, 35.907893310930575 ], [ 14.437166784067902, 35.907821928224337 ], [ 14.437071605766898, 35.90771485222519 ], [ 14.437035913005726, 35.907560187203273 ], [ 14.436881249164925, 35.907286548962645 ], [ 14.436916941027802, 35.907191370064155 ], [ 14.437131092205025, 35.906893937724234 ], [ 14.437523702696561, 35.906513223920186 ], [ 14.4381066706884, 35.906084920702149 ], [ 14.438451424331531, 35.905770812981899 ], [ 14.438158056119299, 35.90527650588578 ], [ 14.437135594561209, 35.905304538333539 ], [ 14.436386607125097, 35.904373091889795 ], [ 14.436191879320949, 35.904041009870234 ], [ 14.435496000284438, 35.902574999675508 ], [ 14.435303345791958, 35.902362907138595 ], [ 14.434656946859604, 35.901344996070392 ], [ 14.434367040754486, 35.898962041137374 ], [ 14.434001507282227, 35.897965169739734 ], [ 14.433815160759666, 35.897456970200381 ], [ 14.433115233914499, 35.897695587962481 ], [ 14.431770838616478, 35.89831424767312 ], [ 14.430502079668731, 35.899001009971848 ], [ 14.426948160250138, 35.901578969839335 ], [ 14.426333770087961, 35.901757328139865 ], [ 14.42332675220087, 35.901939404355353 ], [ 14.42094588072804, 35.90198901003351 ], [ 14.418401039766376, 35.901755009825813 ], [ 14.4154280419774, 35.901700870697105 ], [ 14.414559119569375, 35.901207989864773 ], [ 14.414006880248447, 35.901149039787079 ], [ 14.413447307081555, 35.900880032793538 ], [ 14.41331336018785, 35.900710363762244 ], [ 14.413294323988689, 35.900481935896977 ], [ 14.413114652847026, 35.900363848332809 ], [ 14.412686349594281, 35.90029246465609 ], [ 14.412555479430438, 35.900459025983139 ], [ 14.412555479430438, 35.900637485770197 ], [ 14.412507890279935, 35.900804049281895 ], [ 14.412246149053917, 35.901041994780456 ], [ 14.412139074363619, 35.901244247782685 ], [ 14.412103381602444, 35.901446503178711 ], [ 14.411948715965018, 35.901958086894176 ], [ 14.411841642173052, 35.902100854089404 ], [ 14.411532311796527, 35.902303108751738 ], [ 14.411092111256194, 35.902493465822815 ], [ 14.410758988101048, 35.902719515023222 ], [ 14.410449657724559, 35.902981256047042 ], [ 14.410199813786162, 35.903266790854445 ], [ 14.409973765321316, 35.903576120643208 ], [ 14.409830996971515, 35.903825964142911 ], [ 14.409766444933524, 35.904116446003357 ], [ 14.409807202396264, 35.904266164754631 ], [ 14.409212337116832, 35.904361342805664 ], [ 14.408794589068687, 35.904223144136132 ], [ 14.408242638106962, 35.904617199146664 ], [ 14.407511022291821, 35.904968106102089 ], [ 14.406452161896739, 35.905753328277903 ], [ 14.405643146338383, 35.906371988308848 ], [ 14.405202944899717, 35.90682408500799 ], [ 14.404869820846274, 35.907347566688379 ], [ 14.404725722091538, 35.907502339083671 ], [ 14.404548594080458, 35.907692588332992 ], [ 14.404218155091407, 35.907878133916277 ], [ 14.403796684424686, 35.908152221221833 ], [ 14.403511148623448, 35.908366371891475 ], [ 14.402731875385825, 35.909276516321555 ], [ 14.402333315352145, 35.909686972827508 ], [ 14.401583785333587, 35.910394862781708 ], [ 14.402250034338769, 35.911025420878268 ], [ 14.40367771065017, 35.9124411988779 ], [ 14.404224986779131, 35.91301821896851 ], [ 14.405438511913275, 35.914124668142321 ], [ 14.405967942110834, 35.914326921902436 ], [ 14.406985161999193, 35.914648148812141 ], [ 14.407817973031131, 35.914856351752562 ], [ 14.408085662002634, 35.915022915165416 ], [ 14.4084782733925, 35.915332244104839 ], [ 14.408698374111834, 35.915617780179119 ], [ 14.409221854767248, 35.915903315222742 ], [ 14.409477647349455, 35.915962802136413 ], [ 14.410423484410428, 35.916343514850936 ], [ 14.410655479722427, 35.916456539756176 ], [ 14.410780403039123, 35.916498180163714 ], [ 14.411161115344735, 35.916539821276857 ], [ 14.41192254265092, 35.916843201918645 ], [ 14.412249718060549, 35.916890791033211 ], [ 14.412707765430653, 35.916914585943509 ], [ 14.414367438850681, 35.917420221912103 ], [ 14.414074660831574, 35.917447252638134 ], [ 14.413422573766834, 35.917405956116227 ], [ 14.412708735611151, 35.917417853130999 ], [ 14.41230422693366, 35.917441647882754 ], [ 14.411209673777403, 35.918084102019463 ], [ 14.410888447011587, 35.918167383281549 ], [ 14.410115123316107, 35.918167383281549 ], [ 14.409746307399788, 35.918357740018912 ], [ 14.409222824947779, 35.918821734874847 ], [ 14.408699344292366, 35.919250038257019 ], [ 14.406964637291612, 35.920034058745678 ], [ 14.406592017908382, 35.920166038155024 ], [ 14.405843893753248, 35.921087463166877 ], [ 14.4052886486694, 35.921377717246195 ], [ 14.40482465355378, 35.921924992788199 ], [ 14.404146508159272, 35.922626933876188 ], [ 14.403527848304556, 35.923198004705625 ], [ 14.402302425882786, 35.923852356144408 ], [ 14.401588587727103, 35.924352042331812 ], [ 14.401255461877032, 35.924851729726541 ], [ 14.400839056810213, 35.925220546008084 ], [ 14.400244187039196, 35.925434307123112 ], [ 14.399708812689411, 35.925696439290903 ], [ 14.399316201299545, 35.926184228315584 ], [ 14.398911694418679, 35.926350789696983 ], [ 14.398507185741188, 35.926350789696983 ], [ 14.398078884285074, 35.926243714771367 ], [ 14.397692472168979, 35.926063833865605 ], [ 14.397281764217716, 35.926089050329779 ], [ 14.396282389362465, 35.92627940691429 ], [ 14.396032546322365, 35.926100946765942 ], [ 14.39575890780872, 35.926017665128519 ], [ 14.395473372905776, 35.92605335810093 ], [ 14.395009377790158, 35.926089050329779 ], [ 14.39490992440677, 35.926150252142513 ], [ 14.393704987166709, 35.926188902065952 ], [ 14.392967275384031, 35.926239283258909 ], [ 14.392972508070555, 35.926279890655984 ], [ 14.393424639136207, 35.926602320199322 ], [ 14.394362207204965, 35.927242833358626 ], [ 14.394489402361019, 35.927284055639255 ], [ 14.394533545574054, 35.927311333227202 ], [ 14.394324131213361, 35.927873909648554 ], [ 14.394362559344561, 35.927923704197994 ], [ 14.395209443383726, 35.928099318224703 ], [ 14.395242156433127, 35.928171628271734 ], [ 14.395220618425853, 35.928455215814758 ], [ 14.395344603901377, 35.928550905958907 ], [ 14.395394292414693, 35.928578210751361 ], [ 14.396146813823155, 35.928040909738975 ], [ 14.396369454079782, 35.927924793139724 ], [ 14.396463868812786, 35.927902723335976 ], [ 14.397460222633731, 35.927897440112098 ], [ 14.397329351571591, 35.928218667192276 ], [ 14.397840936736008, 35.928373331832844 ], [ 14.398507185741188, 35.928551791944535 ], [ 14.398935488095601, 35.928777840889595 ], [ 14.39978019731346, 35.928813533343444 ], [ 14.400327473442424, 35.928896814218376 ], [ 14.401050196834598, 35.928890596342811 ], [ 14.401212038214505, 35.928795092098802 ], [ 14.401761693082348, 35.928795092098802 ], [ 14.401975845157869, 35.928773677205342 ], [ 14.401982983171106, 35.928673739261875 ], [ 14.402032951958784, 35.928645186267936 ], [ 14.402297071923686, 35.928645186267936 ], [ 14.402596883751464, 35.928666601196184 ], [ 14.403139400606035, 35.92880223015289 ], [ 14.404310518970604, 35.928987953902471 ], [ 14.405295192896221, 35.929173426261279 ], [ 14.40541755960761, 35.929133720877402 ], [ 14.405723496148964, 35.928959275180709 ], [ 14.40607327676442, 35.928930720835105 ], [ 14.406349850972379, 35.929048852325522 ], [ 14.406558686818078, 35.92919484104651 ], [ 14.406708593181115, 35.929216255825892 ], [ 14.407008405008861, 35.929166288240744 ], [ 14.407144034447095, 35.928966413219989 ] ] ] } },
{ "type": "Feature", "properties": { "LocalityId": 44, "LAU_Name": "In-Naxxar", "LAU_Latin": "Naxxar", "Region": "Tramuntana (Northern)", "Area_Km2": 11.513845, "Population": 16912.0, "NUTS3": "MT001", "LAU": "MT01544", "GREAT_CID": null, "GREAT_CIN": null, "FUA_ID": "MT001L", "FUA_Name": "Malta", "Shape__Are": 17598281.090799998, "Shape__Len": 24733.39928 }, "geometry": { "type": "Polygon", "coordinates": [ [ [ 14.463966959659235, 35.9369039701023 ], [ 14.463860141887107, 35.936475059001673 ], [ 14.463907731037606, 35.936094345736521 ], [ 14.463967218374032, 35.935844503773581 ], [ 14.46393152561286, 35.935475686861103 ], [ 14.463681681674464, 35.935178253223789 ], [ 14.462967844417078, 35.934821334145667 ], [ 14.462527643876744, 35.934547695652029 ], [ 14.462230210787844, 35.934274057665846 ], [ 14.462636039988803, 35.93401100982188 ], [ 14.462861665347152, 35.93389508892232 ], [ 14.463283812445219, 35.933596950341197 ], [ 14.462556009978455, 35.933460562966907 ], [ 14.461667621078227, 35.933243031786155 ], [ 14.461213993419312, 35.933146473751975 ], [ 14.460757138113591, 35.932932323249716 ], [ 14.460337273634615, 35.932604152179636 ], [ 14.459586441957228, 35.93236125216513 ], [ 14.45914386267798, 35.932561127332143 ], [ 14.45840147067269, 35.932475465984709 ], [ 14.458001722167886, 35.932404082184966 ], [ 14.457487759162918, 35.932689617724527 ], [ 14.456188847364364, 35.933130758238846 ], [ 14.455422623952877, 35.933340816769103 ], [ 14.454994320700134, 35.933269433023412 ], [ 14.454922936974382, 35.933079075810518 ], [ 14.45406502791174, 35.932680721962754 ], [ 14.453757001889036, 35.932389032072301 ], [ 14.45264107421891, 35.932646186322295 ], [ 14.452179839626174, 35.932635000059264 ], [ 14.45078267459342, 35.932293854281625 ], [ 14.449688123233793, 35.93177037329378 ], [ 14.448902901352389, 35.93100894471133 ], [ 14.448093883997407, 35.930057161036487 ], [ 14.447332456691221, 35.928938813961835 ], [ 14.447451428669112, 35.92865327869653 ], [ 14.447808349094432, 35.928367743127438 ], [ 14.448189063196706, 35.928272564860215 ], [ 14.448641160126371, 35.928201180902761 ], [ 14.448902901352389, 35.927868056128212 ], [ 14.449212230830581, 35.927439754317597 ], [ 14.449402587432553, 35.926678326219466 ], [ 14.449188436255332, 35.925417212307458 ], [ 14.448998079653359, 35.924394042306915 ], [ 14.448879105878811, 35.923894357112353 ], [ 14.448474598099647, 35.923347080649179 ], [ 14.448427008949146, 35.922228733968453 ], [ 14.448070090320455, 35.921871815355537 ], [ 14.447903527395434, 35.921586279305465 ], [ 14.447808349094432, 35.921205567090773 ], [ 14.447974910222856, 35.920658290207925 ], [ 14.448046293948575, 35.920063423815911 ], [ 14.448950489604563, 35.91965891601307 ], [ 14.449240198978613, 35.919421449897229 ], [ 14.44910983276964, 35.919195820161114 ], [ 14.449074140906799, 35.919045914320343 ], [ 14.449338260871667, 35.918917422853859 ], [ 14.449488167234703, 35.918746101786368 ], [ 14.44969518039869, 35.91846056681927 ], [ 14.449723734248296, 35.918353490668061 ], [ 14.449723734248296, 35.91829638376462 ], [ 14.449909330677583, 35.918167893263082 ], [ 14.450273389116139, 35.917703898209133 ], [ 14.450458987342055, 35.917496884970227 ], [ 14.450794491032674, 35.917254180081997 ], [ 14.450865874758392, 35.917182796363612 ], [ 14.450994366183389, 35.917175657988203 ], [ 14.451344145900517, 35.917018612839293 ], [ 14.451529744126429, 35.916783047077601 ], [ 14.451586850927345, 35.916675970838078 ], [ 14.451568996911067, 35.916479567262158 ], [ 14.451139594120411, 35.916399053899298 ], [ 14.450639908040278, 35.916137314334193 ], [ 14.450140221061787, 35.915661421732381 ], [ 14.449830890685263, 35.915566242722925 ], [ 14.449069463379111, 35.915494858936334 ], [ 14.449331203706802, 35.915209323873455 ], [ 14.448569776400618, 35.914543074780489 ], [ 14.448902901352389, 35.913781646922779 ], [ 14.448855311303557, 35.913543701169573 ], [ 14.44873633932567, 35.913305754700666 ], [ 14.448189063196706, 35.91278227315123 ], [ 14.448678933385754, 35.91200877991426 ], [ 14.448857390903438, 35.911651861748524 ], [ 14.448976364677989, 35.91116407331301 ], [ 14.449317592433614, 35.910966165257662 ], [ 14.449426382906102, 35.910593170249804 ], [ 14.449616738609743, 35.910045894155139 ], [ 14.450092631911284, 35.909070314846858 ], [ 14.449926068986267, 35.908784779151596 ], [ 14.449878479835764, 35.90857062815919 ], [ 14.449878479835764, 35.908403897639182 ], [ 14.449131029417083, 35.908189747071106 ], [ 14.449023954726821, 35.907928005811499 ], [ 14.448952571001069, 35.907523497071999 ], [ 14.448583753288123, 35.906833453714341 ], [ 14.44808406720796, 35.906857248011612 ], [ 14.447608174804747, 35.90659550816531 ], [ 14.447310742614148, 35.906500329163251 ], [ 14.447572482941872, 35.906107717662067 ], [ 14.448488575885451, 35.905608031183981 ], [ 14.448821699040595, 35.905227317741954 ], [ 14.449138399195673, 35.904639442075236 ], [ 14.448837140182004, 35.904771941228383 ], [ 14.44790797225944, 35.904990597052837 ], [ 14.447241720559299, 35.904971560875509 ], [ 14.446234331833407, 35.904711855065194 ], [ 14.444351386641092, 35.904621586029826 ], [ 14.442615958293137, 35.904638496156096 ], [ 14.440445981604617, 35.905028668666098 ], [ 14.43886602019133, 35.905257097233502 ], [ 14.438158056119299, 35.90527650588578 ], [ 14.438451424331531, 35.905770812981899 ], [ 14.4381066706884, 35.906084920702149 ], [ 14.437523702696561, 35.906513223920186 ], [ 14.437131092205025, 35.906893937724234 ], [ 14.436916941027802, 35.907191370064155 ], [ 14.436881249164925, 35.907286548962645 ], [ 14.437035913005726, 35.907560187203273 ], [ 14.437071605766898, 35.90771485222519 ], [ 14.437166784067902, 35.907821928224337 ], [ 14.437285756045791, 35.907893310930575 ], [ 14.437428525293889, 35.907940901063398 ], [ 14.437702162909238, 35.907964695027644 ], [ 14.437928212272382, 35.908107463028543 ], [ 14.438011493285726, 35.908297819962399 ], [ 14.438213747175324, 35.908428689725 ], [ 14.438582563091643, 35.908416792813469 ], [ 14.438927585331006, 35.90830971689175 ], [ 14.439141737406526, 35.909130631256652 ], [ 14.438353676848829, 35.909322499110182 ], [ 14.437012118430472, 35.90959462566525 ], [ 14.435536852968607, 35.909820674953906 ], [ 14.435715313181248, 35.910367951151272 ], [ 14.435251318065664, 35.910641588921806 ], [ 14.434870603963423, 35.910808151022472 ], [ 14.434811118423593, 35.911105583928133 ], [ 14.434989576839643, 35.911355427665207 ], [ 14.434489890759478, 35.911557681956872 ], [ 14.434454199794933, 35.911759935731574 ], [ 14.43409728026791, 35.912354801271746 ], [ 14.433561902324902, 35.912997255251113 ], [ 14.433288263811255, 35.913496942357128 ], [ 14.433966409205768, 35.914424931806657 ], [ 14.433749547811335, 35.914705897854873 ], [ 14.433918820055265, 35.914984104820071 ], [ 14.434263842294632, 35.915269640695925 ], [ 14.434251944108709, 35.915590868142758 ], [ 14.433776051705463, 35.9161024520848 ], [ 14.433228775576502, 35.916602139220203 ], [ 14.433074110837405, 35.916923366348726 ], [ 14.433026522585234, 35.917078031255222 ], [ 14.433062214448112, 35.917208901044745 ], [ 14.433145494563158, 35.917363566120528 ], [ 14.433109802700283, 35.917470642156808 ], [ 14.433026522585234, 35.917613409737179 ], [ 14.43289565242139, 35.917791868668367 ], [ 14.43289565242139, 35.917970328651968 ], [ 14.432943240673561, 35.918148788232941 ], [ 14.432955137961185, 35.918351043344487 ], [ 14.432943240673561, 35.918529502066498 ], [ 14.43282426779734, 35.918767448100361 ], [ 14.432859959660183, 35.918898318732253 ], [ 14.433038419872862, 35.919302826787501 ], [ 14.431527461649818, 35.920242713829047 ], [ 14.430754137056008, 35.920897065712865 ], [ 14.430563779555706, 35.921123114715797 ], [ 14.430266347365141, 35.92139675311364 ], [ 14.430028400714368, 35.921539520154731 ], [ 14.429873735975274, 35.921610904306057 ], [ 14.429873735975274, 35.921717979684828 ], [ 14.430040298001993, 35.921825055646131 ], [ 14.430028400714368, 35.921955926311078 ], [ 14.429719071236176, 35.922074898992008 ], [ 14.429243178832932, 35.922229564009875 ], [ 14.428898156593569, 35.922360434005455 ], [ 14.428446059663907, 35.922550792290764 ], [ 14.427982065446617, 35.922836327768408 ], [ 14.427767913371063, 35.92301478582722 ], [ 14.427494274857452, 35.923193245665757 ], [ 14.427268226392602, 35.923478781006168 ], [ 14.427042177927756, 35.923681036309624 ], [ 14.426673361113139, 35.923728624947358 ], [ 14.426226884043885, 35.923817156119604 ], [ 14.425741473091897, 35.923817156119604 ], [ 14.425322688387933, 35.923674388825425 ], [ 14.425122814135515, 35.924026549042814 ], [ 14.423723690775455, 35.925549403874626 ], [ 14.423695136925817, 35.925663618077834 ], [ 14.423714173125008, 35.925777832116026 ], [ 14.423618993925707, 35.925930117001222 ], [ 14.422695762968894, 35.9270627408631 ], [ 14.422543478765272, 35.927167436734116 ], [ 14.421848675012152, 35.927805133121417 ], [ 14.421439408856902, 35.928081150321312 ], [ 14.420925444953637, 35.92845234617792 ], [ 14.420249678298006, 35.928709327743285 ], [ 14.420478106400031, 35.92902341712869 ], [ 14.420516177001756, 35.929213773923081 ], [ 14.420382928099029, 35.929289915639664 ], [ 14.420268712700539, 35.929375576801633 ], [ 14.420268712700539, 35.929499309346511 ], [ 14.420373410448615, 35.929642077035211 ], [ 14.420668463001972, 35.929784843738709 ], [ 14.420820748103887, 35.929880023095144 ], [ 14.421172909254819, 35.93021314666688 ], [ 14.421372782608909, 35.930489164916793 ], [ 14.421458445056093, 35.930660486004136 ], [ 14.421486998007401, 35.930812770941799 ], [ 14.421703527923505, 35.930973384905727 ], [ 14.42188793588163, 35.931145895675236 ], [ 14.422298394101265, 35.931032872122792 ], [ 14.422393572402234, 35.931110204274241 ], [ 14.422607723579457, 35.931169690661015 ], [ 14.423684036443882, 35.931687760999594 ], [ 14.423470277830424, 35.93220475579021 ], [ 14.423250177111093, 35.932258294326573 ], [ 14.42312525559106, 35.932585470331247 ], [ 14.42280402972354, 35.933245770323055 ], [ 14.421667341088893, 35.934096505849631 ], [ 14.421307894601002, 35.934569738143423 ], [ 14.420824317110524, 35.935089853329892 ], [ 14.420510229256275, 35.935508639287534 ], [ 14.420096202928333, 35.936146331676433 ], [ 14.419601274325933, 35.937374135171069 ], [ 14.418998889249233, 35.938532497085575 ], [ 14.418911566715378, 35.938765757926497 ], [ 14.41886522801977, 35.939088615849911 ], [ 14.419461041021872, 35.940017169048559 ], [ 14.419659736684601, 35.940234411758276 ], [ 14.420104927366378, 35.9405638821097 ], [ 14.420361909318009, 35.940799449034252 ], [ 14.420461845995073, 35.941013600042282 ], [ 14.420439000040755, 35.941226039875559 ], [ 14.420242204314821, 35.941508400197108 ], [ 14.420198880365307, 35.941677469716048 ], [ 14.420198880365307, 35.942085000208138 ], [ 14.420261970844354, 35.942545972893434 ], [ 14.420250073556728, 35.942986173304931 ], [ 14.420276247769158, 35.943055178080783 ], [ 14.420575903290041, 35.942961015321465 ], [ 14.420928209069773, 35.942957467661181 ], [ 14.42214174588201, 35.943723805863577 ], [ 14.422891275900572, 35.94417590433941 ], [ 14.423307680069062, 35.944556617949203 ], [ 14.423640805919133, 35.94510389377708 ], [ 14.423985828158497, 35.945960500759881 ], [ 14.424092902848795, 35.946317418989217 ], [ 14.424652076265383, 35.947043154804589 ], [ 14.425080834963987, 35.947528327878906 ], [ 14.425548119710175, 35.948318039236163 ], [ 14.42557742904294, 35.948468919332726 ], [ 14.425593357071241, 35.948493269068166 ], [ 14.425803301437957, 35.948376749083572 ], [ 14.425967482929204, 35.948493343245303 ], [ 14.425451140287027, 35.948774119158827 ], [ 14.425482072875512, 35.948805052357926 ], [ 14.426062662128503, 35.948529034796614 ], [ 14.426370215637368, 35.948647595150838 ], [ 14.426679546013888, 35.948718978825205 ], [ 14.427421938019179, 35.948761808707985 ], [ 14.427973971625903, 35.948771327345383 ], [ 14.428140534550922, 35.94869994299107 ], [ 14.42821215633024, 35.948701073098412 ], [ 14.428288062175113, 35.94873325497057 ], [ 14.428330892051223, 35.94878560275405 ], [ 14.428389570903894, 35.948945372981079 ], [ 14.428434635788419, 35.949350962859967 ], [ 14.428601673023937, 35.949569006756477 ], [ 14.429455919655179, 35.950391009811618 ], [ 14.432079959685508, 35.952539040340973 ], [ 14.432262839609374, 35.952762959839369 ], [ 14.432373008995803, 35.953818311141674 ], [ 14.432392080229315, 35.954150040180366 ], [ 14.432960160441926, 35.954821980134817 ], [ 14.433327000962926, 35.954895960036637 ], [ 14.433914880044428, 35.954657999843505 ], [ 14.434887733937574, 35.954347830706169 ], [ 14.43533031411512, 35.954162234170866 ], [ 14.435715786593418, 35.954105126953486 ], [ 14.436044152270803, 35.954090848870123 ], [ 14.436470727164931, 35.954136181684973 ], [ 14.436723171726092, 35.954178660314454 ], [ 14.437029249302958, 35.954133680203718 ], [ 14.437985793383767, 35.953762484236435 ], [ 14.438471203437455, 35.953534056144761 ], [ 14.438942335667981, 35.953334180931719 ], [ 14.439370638920723, 35.953020092159448 ], [ 14.439699004598108, 35.952634619157585 ], [ 14.441535507788547, 35.951555338122184 ], [ 14.441859000105511, 35.951509979828707 ], [ 14.442518880055339, 35.951509979828707 ], [ 14.443014960297953, 35.951628959665946 ], [ 14.44329000018344, 35.951643990116708 ], [ 14.443491960323918, 35.95182299980933 ], [ 14.443913880148253, 35.951763960193929 ], [ 14.444167631758125, 35.95146392485222 ], [ 14.444524552183445, 35.951007067804909 ], [ 14.44494876720333, 35.950423401158851 ], [ 14.445090862714972, 35.950419341151211 ], [ 14.445319291715327, 35.950390788012832 ], [ 14.445476336091602, 35.95030512708135 ], [ 14.445676210343986, 35.950133805666923 ], [ 14.44589036241954, 35.949976761983287 ], [ 14.446261557973038, 35.949805439856853 ], [ 14.44637577157487, 35.949719779745116 ], [ 14.446475710048556, 35.949619842103509 ], [ 14.446704138150583, 35.949562735965728 ], [ 14.446875458553363, 35.94953418179054 ], [ 14.446932566252608, 35.949391413668735 ], [ 14.446875458553363, 35.949334306638612 ], [ 14.446489986075063, 35.949191538882801 ], [ 14.446261557973038, 35.949077325219626 ], [ 14.44596174614526, 35.948748960109192 ], [ 14.445871009115038, 35.948692248952312 ], [ 14.445785159818294, 35.948108970272365 ], [ 14.446023840392659, 35.947720980350255 ], [ 14.446517213112989, 35.947365255311873 ], [ 14.447132441403326, 35.947249898699283 ], [ 14.447689235182702, 35.947092855101239 ], [ 14.44817464523639, 35.946907256793821 ], [ 14.448702885166162, 35.946593167923645 ], [ 14.448917036343385, 35.946250525352106 ], [ 14.44884797027108, 35.946053192356253 ], [ 14.44905108025511, 35.945616960196176 ], [ 14.449271039938964, 35.944840980154702 ], [ 14.449730040421587, 35.944184969715067 ], [ 14.449839839702149, 35.943363990096415 ], [ 14.450240656303803, 35.943171306638504 ], [ 14.450668037885055, 35.94317354082937 ], [ 14.450959080359034, 35.943215039895158 ], [ 14.452170119854811, 35.944184969715067 ], [ 14.452286352869416, 35.944523037303263 ], [ 14.45225779991811, 35.944894233046405 ], [ 14.452186416192358, 35.945151214979951 ], [ 14.451957988090363, 35.945508133955755 ], [ 14.451815219740562, 35.945765116074618 ], [ 14.451686729213897, 35.946507507238273 ], [ 14.451686729213897, 35.946650274753239 ], [ 14.451713466670002, 35.946800006810022 ], [ 14.452261919591997, 35.947258019767276 ], [ 14.452378061876765, 35.947306917058455 ], [ 14.452828870622319, 35.947578264949094 ], [ 14.453414218251337, 35.947578264949094 ], [ 14.453609173329252, 35.947370340880646 ], [ 14.454121174413656, 35.94722591510876 ], [ 14.454442145159602, 35.947149962296947 ], [ 14.454670573261627, 35.947121408704284 ], [ 14.454841894562703, 35.946978641313265 ], [ 14.455027491890322, 35.946536061052782 ], [ 14.454970385089373, 35.946350462891971 ], [ 14.454984662014208, 35.946250525352106 ], [ 14.455113153439175, 35.946164865022482 ], [ 14.455255920890645, 35.946179142356591 ], [ 14.455227367041037, 35.945736561981455 ], [ 14.455227367041037, 35.945465303763754 ], [ 14.455427242191755, 35.944394545783126 ], [ 14.455427242191755, 35.94418039520955 ], [ 14.45509887561604, 35.94356649416693 ], [ 14.45485617058921, 35.942938316256367 ], [ 14.454756233912184, 35.942581397309922 ], [ 14.454799063788297, 35.942295861864835 ], [ 14.454841894562703, 35.941824728234096 ], [ 14.455027491890322, 35.941139443162534 ], [ 14.454994228173666, 35.94058503270891 ], [ 14.455032120010667, 35.940455010363607 ], [ 14.455123919747855, 35.940230999981182 ], [ 14.455545839572189, 35.940081960234963 ], [ 14.455711080177112, 35.940186990152554 ], [ 14.456163893064062, 35.940049745747181 ], [ 14.456512275900934, 35.940068686206402 ], [ 14.45668359720201, 35.940225729945304 ], [ 14.457011962879395, 35.940439881780648 ], [ 14.457197159558373, 35.940663989756331 ], [ 14.457417120140526, 35.941291019894436 ], [ 14.457577213398881, 35.941518844822305 ], [ 14.457741163124778, 35.941559299640566 ], [ 14.457948840143716, 35.941470029769818 ], [ 14.458078080763663, 35.940708989899662 ], [ 14.458462919929675, 35.940350969932368 ], [ 14.458848121116786, 35.94033602970071 ], [ 14.459019773896221, 35.940231450908875 ], [ 14.459253414921839, 35.940140070357849 ], [ 14.459296244797953, 35.940068686206402 ], [ 14.459224861970529, 35.939925917710134 ], [ 14.459124924395169, 35.939626105792293 ], [ 14.459123161002269, 35.939381040331668 ], [ 14.459088262351798, 35.939295555838072 ], [ 14.4589821569437, 35.939226357223738 ], [ 14.459067816695924, 35.939112142975667 ], [ 14.459267691846643, 35.939154972974343 ], [ 14.459424736222916, 35.939154972974343 ], [ 14.459453290072554, 35.939040759350448 ], [ 14.459424736222916, 35.938940821294018 ], [ 14.459239137997001, 35.938655285787419 ], [ 14.459224861970529, 35.938441134207856 ], [ 14.459239137997001, 35.938269813253754 ], [ 14.459296244797953, 35.938127045872022 ], [ 14.459305863958003, 35.937992384251459 ], [ 14.459527078588303, 35.937918990018709 ], [ 14.459812804832392, 35.938065611859209 ], [ 14.459938700126212, 35.938155599078094 ], [ 14.460152851303437, 35.938098491928351 ], [ 14.460438387104674, 35.937955724964453 ], [ 14.46059543058265, 35.937855786990752 ], [ 14.460809582658172, 35.937741572944105 ], [ 14.460966627034477, 35.937698742906804 ], [ 14.461166502185195, 35.937684466222571 ], [ 14.46142348323853, 35.937598806062859 ], [ 14.461794679690323, 35.937498867637949 ], [ 14.462051660743658, 35.937413207277096 ], [ 14.462265812819176, 35.937270439802752 ], [ 14.462437134120288, 35.937199055968911 ], [ 14.462951098023552, 35.937099119220477 ], [ 14.463265185877802, 35.937084841700589 ], [ 14.463517933171218, 35.937009759941354 ], [ 14.463966959659235, 35.9369039701023 ] ] ] } },
{ "type": "Feature", "properties": { "LocalityId": 55, "LAU_Name": "San Pawl Il-Baħar", "LAU_Latin": "San Pawl Il-Baħar", "Region": "Tramuntana (Northern)", "Area_Km2": 14.571655, "Population": 32042.0, "NUTS3": "MT001", "LAU": "MT01555", "GREAT_CID": null, "GREAT_CIN": null, "FUA_ID": "MT001L", "FUA_Name": "Malta", "Shape__Are": 22274696.973099999, "Shape__Len": 40825.1788801 }, "geometry": { "type": "Polygon", "coordinates": [ [ [ 14.430174974327709, 35.96019020095283 ], [ 14.430151178854162, 35.959868973655375 ], [ 14.430044104163864, 35.959714308840702 ], [ 14.429865643951185, 35.95957154093869 ], [ 14.429484929848943, 35.959393081788988 ], [ 14.429377855158648, 35.959393081788988 ], [ 14.42896144919353, 35.959464465933529 ], [ 14.428426070352193, 35.959523952065439 ], [ 14.427866896935605, 35.959619131237531 ], [ 14.427164956067546, 35.959833282137566 ], [ 14.42686752297865, 35.959845179311948 ], [ 14.426355938712565, 35.959607233301959 ], [ 14.425983775673494, 35.959315463192581 ], [ 14.425955870407524, 35.959277192303674 ], [ 14.425822619708173, 35.958863167039091 ], [ 14.425732200681557, 35.958629979340031 ], [ 14.425903841782903, 35.958072481292078 ], [ 14.426165582110592, 35.957513308332778 ], [ 14.426296453172769, 35.95734674571888 ], [ 14.426260760411562, 35.957085005005361 ], [ 14.426073809322853, 35.956975364157472 ], [ 14.425527567154784, 35.956731169092919 ], [ 14.425108781552455, 35.956402803073367 ], [ 14.425018361627545, 35.956293348157281 ], [ 14.424913664777828, 35.956202927847556 ], [ 14.424818488273456, 35.956055402354004 ], [ 14.424585299998743, 35.955512885307471 ], [ 14.424551987773077, 35.955270180044295 ], [ 14.424337956071804, 35.954537066296652 ], [ 14.424319079772728, 35.953777979675252 ], [ 14.424539040354878, 35.952822989863897 ], [ 14.424869160441993, 35.952255990061218 ], [ 14.424942959737539, 35.951420969901541 ], [ 14.424740999597061, 35.950958009909961 ], [ 14.424740999597061, 35.950718970315677 ], [ 14.424483960153214, 35.950525019816098 ], [ 14.423977206128422, 35.94936379681652 ], [ 14.423831520948912, 35.949173868882554 ], [ 14.422963017155803, 35.948519516857267 ], [ 14.421939848623595, 35.946437488787673 ], [ 14.422165897986742, 35.946318515677262 ], [ 14.422927325292925, 35.947603425098769 ], [ 14.423510293284764, 35.94836485236349 ], [ 14.424295515166198, 35.949042998183778 ], [ 14.424397039166331, 35.949100104697223 ], [ 14.424744440144579, 35.948900231356049 ], [ 14.425227470561058, 35.948655145930601 ], [ 14.425593357071241, 35.948493269068166 ], [ 14.42557742904294, 35.948468919332726 ], [ 14.425548119710175, 35.948318039236163 ], [ 14.425080834963987, 35.947528327878906 ], [ 14.424652076265383, 35.947043154804589 ], [ 14.424092902848795, 35.946317418989217 ], [ 14.423985828158497, 35.945960500759881 ], [ 14.423640805919133, 35.94510389377708 ], [ 14.423307680069062, 35.944556617949203 ], [ 14.422891275900572, 35.94417590433941 ], [ 14.42214174588201, 35.943723805863577 ], [ 14.420928209069773, 35.942957467661181 ], [ 14.420575903290041, 35.942961015321465 ], [ 14.420276247769158, 35.943055178080783 ], [ 14.420250073556728, 35.942986173304931 ], [ 14.420261970844354, 35.942545972893434 ], [ 14.420198880365307, 35.942085000208138 ], [ 14.420198880365307, 35.941677469716048 ], [ 14.420242204314821, 35.941508400197108 ], [ 14.420439000040755, 35.941226039875559 ], [ 14.420461845995073, 35.941013600042282 ], [ 14.420361909318009, 35.940799449034252 ], [ 14.420104927366378, 35.9405638821097 ], [ 14.419659736684601, 35.940234411758276 ], [ 14.419461041021872, 35.940017169048559 ], [ 14.41886522801977, 35.939088615849911 ], [ 14.418911566715378, 35.938765757926497 ], [ 14.418998889249233, 35.938532497085575 ], [ 14.419601274325933, 35.937374135171069 ], [ 14.420096202928333, 35.936146331676433 ], [ 14.420510229256275, 35.935508639287534 ], [ 14.420824317110524, 35.935089853329892 ], [ 14.421307894601002, 35.934569738143423 ], [ 14.421667341088893, 35.934096505849631 ], [ 14.42280402972354, 35.933245770323055 ], [ 14.42312525559106, 35.932585470331247 ], [ 14.423250177111093, 35.932258294326573 ], [ 14.423470277830424, 35.93220475579021 ], [ 14.423684036443882, 35.931687760999594 ], [ 14.422607723579457, 35.931169690661015 ], [ 14.422393572402234, 35.931110204274241 ], [ 14.422298394101265, 35.931032872122792 ], [ 14.42188793588163, 35.931145895675236 ], [ 14.421703527923505, 35.930973384905727 ], [ 14.421486998007401, 35.930812770941799 ], [ 14.421458445056093, 35.930660486004136 ], [ 14.421372782608909, 35.930489164916793 ], [ 14.421172909254819, 35.93021314666688 ], [ 14.420820748103887, 35.929880023095144 ], [ 14.420668463001972, 35.929784843738709 ], [ 14.420373410448615, 35.929642077035211 ], [ 14.420268712700539, 35.929499309346511 ], [ 14.420268712700539, 35.929375576801633 ], [ 14.420382928099029, 35.929289915639664 ], [ 14.420516177001756, 35.929213773923081 ], [ 14.420478106400031, 35.92902341712869 ], [ 14.420249678298006, 35.928709327743285 ], [ 14.420925444953637, 35.92845234617792 ], [ 14.421439408856902, 35.928081150321312 ], [ 14.421848675012152, 35.927805133121417 ], [ 14.422543478765272, 35.927167436734116 ], [ 14.422695762968894, 35.9270627408631 ], [ 14.423618993925707, 35.925930117001222 ], [ 14.423714173125008, 35.925777832116026 ], [ 14.423695136925817, 35.925663618077834 ], [ 14.423723690775455, 35.925549403874626 ], [ 14.425122814135515, 35.924026549042814 ], [ 14.425322688387933, 35.923674388825425 ], [ 14.42547421171848, 35.923312218667675 ], [ 14.42512919037741, 35.923086170829386 ], [ 14.424784168138046, 35.9228244301137 ], [ 14.424201200146207, 35.922348537006627 ], [ 14.424082226371656, 35.92211059083413 ], [ 14.424338271380449, 35.921820477664177 ], [ 14.423047160551826, 35.921349163072712 ], [ 14.422190555842969, 35.921075525237704 ], [ 14.421571895988286, 35.92076619620569 ], [ 14.420239397977891, 35.920528248909939 ], [ 14.419537457109833, 35.920278405770524 ], [ 14.41904966741896, 35.919969075803387 ], [ 14.418585672303342, 35.919576464935673 ], [ 14.418478596714751, 35.919624053860808 ], [ 14.417717169408565, 35.920908962930028 ], [ 14.416836768327862, 35.922479406805344 ], [ 14.416516730931466, 35.922998724938502 ], [ 14.416074150753923, 35.923919575723261 ], [ 14.41588855342634, 35.924190835139697 ], [ 14.41593138420075, 35.924433539838333 ], [ 14.415938522214017, 35.924640551653013 ], [ 14.415781477837713, 35.924711936642574 ], [ 14.414774965867519, 35.924876118745978 ], [ 14.413797006848636, 35.925054578748771 ], [ 14.413204521206351, 35.925254454201195 ], [ 14.411091559690609, 35.926225273654758 ], [ 14.410206401132115, 35.926582192987588 ], [ 14.409885174366293, 35.926760652777261 ], [ 14.409671023189107, 35.927031911177203 ], [ 14.409364071551465, 35.927353138136525 ], [ 14.408693063271892, 35.927817133320005 ], [ 14.408350420669708, 35.928002731358454 ], [ 14.408243345081077, 35.928431033756638 ], [ 14.408304622759882, 35.928646046793176 ], [ 14.408314728806829, 35.928795092098802 ], [ 14.408279037842282, 35.928823645038605 ], [ 14.408035559365988, 35.928779252788758 ], [ 14.407900703377221, 35.928666601196184 ], [ 14.407772211952222, 35.92860235493918 ], [ 14.407608028664381, 35.928609493738037 ], [ 14.407415293323563, 35.928737984733452 ], [ 14.407243971124155, 35.928873614295128 ], [ 14.407144034447095, 35.928966413219989 ], [ 14.407008405008861, 35.929166288240744 ], [ 14.406708593181115, 35.929216255825892 ], [ 14.406558686818078, 35.92919484104651 ], [ 14.406349850972379, 35.929048852325522 ], [ 14.40607327676442, 35.928930720835105 ], [ 14.405723496148964, 35.928959275180709 ], [ 14.40541755960761, 35.929133720877402 ], [ 14.405295192896221, 35.929173426261279 ], [ 14.404310518970604, 35.928987953902471 ], [ 14.403139400606035, 35.92880223015289 ], [ 14.402596883751464, 35.928666601196184 ], [ 14.402297071923686, 35.928645186267936 ], [ 14.402032951958784, 35.928645186267936 ], [ 14.401982983171106, 35.928673739261875 ], [ 14.401975845157869, 35.928773677205342 ], [ 14.401761693082348, 35.928795092098802 ], [ 14.401212038214505, 35.928795092098802 ], [ 14.401050196834598, 35.928890596342811 ], [ 14.400327473442424, 35.928896814218376 ], [ 14.39978019731346, 35.928813533343444 ], [ 14.398935488095601, 35.928777840889595 ], [ 14.398507185741188, 35.928551791944535 ], [ 14.397840936736008, 35.928373331832844 ], [ 14.397329351571591, 35.928218667192276 ], [ 14.397460222633731, 35.927897440112098 ], [ 14.396463868812786, 35.927902723335976 ], [ 14.396369454079782, 35.927924793139724 ], [ 14.396146813823155, 35.928040909738975 ], [ 14.395394292414693, 35.928578210751361 ], [ 14.395344603901377, 35.928550905958907 ], [ 14.395220618425853, 35.928455215814758 ], [ 14.395242156433127, 35.928171628271734 ], [ 14.395209443383726, 35.928099318224703 ], [ 14.394362559344561, 35.927923704197994 ], [ 14.394324131213361, 35.927873909648554 ], [ 14.394533545574054, 35.927311333227202 ], [ 14.394489402361019, 35.927284055639255 ], [ 14.394362207204965, 35.927242833358626 ], [ 14.393424639136207, 35.926602320199322 ], [ 14.392972508070555, 35.926279890655984 ], [ 14.392967275384031, 35.926239283258909 ], [ 14.393704987166709, 35.926188902065952 ], [ 14.39490992440677, 35.926150252142513 ], [ 14.395009377790158, 35.926089050329779 ], [ 14.395473372905776, 35.92605335810093 ], [ 14.39575890780872, 35.926017665128519 ], [ 14.396032546322365, 35.926100946765942 ], [ 14.396282389362465, 35.92627940691429 ], [ 14.397281764217716, 35.926089050329779 ], [ 14.397692472168979, 35.926063833865605 ], [ 14.398078884285074, 35.926243714771367 ], [ 14.398507185741188, 35.926350789696983 ], [ 14.398911694418679, 35.926350789696983 ], [ 14.399316201299545, 35.926184228315584 ], [ 14.399708812689411, 35.925696439290903 ], [ 14.400244187039196, 35.925434307123112 ], [ 14.400839056810213, 35.925220546008084 ], [ 14.401255461877032, 35.924851729726541 ], [ 14.401588587727103, 35.924352042331812 ], [ 14.402302425882786, 35.923852356144408 ], [ 14.403527848304556, 35.923198004705625 ], [ 14.404146508159272, 35.922626933876188 ], [ 14.40482465355378, 35.921924992788199 ], [ 14.4052886486694, 35.921377717246195 ], [ 14.405843893753248, 35.921087463166877 ], [ 14.406592017908382, 35.920166038155024 ], [ 14.406964637291612, 35.920034058745678 ], [ 14.408699344292366, 35.919250038257019 ], [ 14.409222824947779, 35.918821734874847 ], [ 14.409746307399788, 35.918357740018912 ], [ 14.410115123316107, 35.918167383281549 ], [ 14.410888447011587, 35.918167383281549 ], [ 14.411209673777403, 35.918084102019463 ], [ 14.41230422693366, 35.917441647882754 ], [ 14.412708735611151, 35.917417853130999 ], [ 14.413422573766834, 35.917405956116227 ], [ 14.414074660831574, 35.917447252638134 ], [ 14.414367438850681, 35.917420221912103 ], [ 14.412707765430653, 35.916914585943509 ], [ 14.412249718060549, 35.916890791033211 ], [ 14.41192254265092, 35.916843201918645 ], [ 14.411161115344735, 35.916539821276857 ], [ 14.410780403039123, 35.916498180163714 ], [ 14.410655479722427, 35.916456539756176 ], [ 14.410423484410428, 35.916343514850936 ], [ 14.409477647349455, 35.915962802136413 ], [ 14.409221854767248, 35.915903315222742 ], [ 14.408698374111834, 35.915617780179119 ], [ 14.4084782733925, 35.915332244104839 ], [ 14.408085662002634, 35.915022915165416 ], [ 14.407817973031131, 35.914856351752562 ], [ 14.406985161999193, 35.914648148812141 ], [ 14.405967942110834, 35.914326921902436 ], [ 14.405438511913275, 35.914124668142321 ], [ 14.404224986779131, 35.91301821896851 ], [ 14.40367771065017, 35.9124411988779 ], [ 14.402250034338769, 35.911025420878268 ], [ 14.401583785333587, 35.910394862781708 ], [ 14.400160894347723, 35.911246619739728 ], [ 14.399248969587045, 35.911544548652643 ], [ 14.39764421736686, 35.911844533994326 ], [ 14.397131094286678, 35.911966440866024 ], [ 14.39633651016336, 35.912229831969476 ], [ 14.395006408858151, 35.912471226662134 ], [ 14.394772526185715, 35.912526791710988 ], [ 14.394523361373693, 35.912886563762918 ], [ 14.39420213281125, 35.913421942965641 ], [ 14.39388090604543, 35.913850245756294 ], [ 14.393452602792689, 35.914214302833052 ], [ 14.392506171945302, 35.915183339302878 ], [ 14.392184945179485, 35.9156354373103 ], [ 14.3916733609134, 35.916480144914054 ], [ 14.391494901599051, 35.916682399199608 ], [ 14.391471107023802, 35.916837063849776 ], [ 14.391554388037179, 35.916932242785229 ], [ 14.391816129263201, 35.917122600312439 ], [ 14.392101664166139, 35.917253470028221 ], [ 14.392232534329985, 35.917467622253859 ], [ 14.392312008283165, 35.917626569679356 ], [ 14.392701287821664, 35.917955411108458 ], [ 14.392720324020857, 35.918060106669131 ], [ 14.392516100125821, 35.918109393778678 ], [ 14.392344369192969, 35.918131491050787 ], [ 14.392309335795201, 35.918227628735529 ], [ 14.392020761891645, 35.918340883749941 ], [ 14.391778056864815, 35.91852648220398 ], [ 14.391703230794921, 35.918599220045564 ], [ 14.391548383697813, 35.918797367268354 ], [ 14.39146336085113, 35.918960043361302 ], [ 14.391199595720748, 35.91999957869038 ], [ 14.391065520367993, 35.92022872134978 ], [ 14.390753973847664, 35.920648360794317 ], [ 14.39062045006046, 35.92079648708814 ], [ 14.390788202354937, 35.921099868863053 ], [ 14.390809617293007, 35.921181959705699 ], [ 14.390634568881774, 35.921405952047444 ], [ 14.39028404086803, 35.921792688224023 ], [ 14.389928025944519, 35.922152779686705 ], [ 14.389880715271751, 35.922246853021122 ], [ 14.389935164856084, 35.922481146176693 ], [ 14.389988702650365, 35.922566806712659 ], [ 14.389949441780887, 35.922606068730609 ], [ 14.389813812342654, 35.922648898215101 ], [ 14.389738858711969, 35.922695297342671 ], [ 14.389617507096871, 35.922859480723027 ], [ 14.389485446665269, 35.923070061942809 ], [ 14.389192772850762, 35.923009385883006 ], [ 14.389064282324092, 35.923491227064844 ], [ 14.388747122231569, 35.92421217634697 ], [ 14.388614563234981, 35.924412077206973 ], [ 14.388450380845471, 35.924579830241591 ], [ 14.388393274044523, 35.924683335661499 ], [ 14.388307613394002, 35.924790412699984 ], [ 14.388261213612925, 35.924911764222358 ], [ 14.388179122867333, 35.925311515343964 ], [ 14.388204106812008, 35.925547081165583 ], [ 14.387020846818075, 35.92571438296433 ], [ 14.386706070854313, 35.925746342144642 ], [ 14.386568932246423, 35.925920153332669 ], [ 14.386461381449028, 35.92621706677096 ], [ 14.386405234048814, 35.926542885660822 ], [ 14.386337420228026, 35.926757036739112 ], [ 14.386287452338644, 35.927006881234313 ], [ 14.386190348049698, 35.927075157260752 ], [ 14.386089188765553, 35.927111518257966 ], [ 14.385634289092215, 35.927181771329316 ], [ 14.385337889964211, 35.927128460675902 ], [ 14.383306580816207, 35.926859592200898 ], [ 14.383097917447053, 35.927053918665514 ], [ 14.382729514755766, 35.927563143640192 ], [ 14.382027620600123, 35.928679880049124 ], [ 14.381418673330259, 35.928481655021386 ], [ 14.380922724241689, 35.92829724524438 ], [ 14.380611841576348, 35.928114758320554 ], [ 14.380427433618189, 35.927930349870138 ], [ 14.380296562556047, 35.927829222261593 ], [ 14.379457802880296, 35.927507995054071 ], [ 14.378410839772874, 35.927204613857057 ], [ 14.377655361110502, 35.927139179257495 ], [ 14.377447158577091, 35.92743066301643 ], [ 14.377234494111663, 35.927644813872668 ], [ 14.376872816208614, 35.927820299038551 ], [ 14.376672941956231, 35.927884545203639 ], [ 14.376480203920419, 35.928112973246051 ], [ 14.376208945942281, 35.928362817093927 ], [ 14.376051901566008, 35.928534137696857 ], [ 14.375880581163228, 35.929247975729787 ], [ 14.375823474362312, 35.92967627865665 ], [ 14.375914965079028, 35.930045055705392 ], [ 14.376016209703129, 35.930218796343063 ], [ 14.375894327183712, 35.930741438740228 ], [ 14.375916272127775, 35.931603642210732 ], [ 14.375966240915451, 35.931839208926377 ], [ 14.376158978052931, 35.932210405324071 ], [ 14.376351714292083, 35.932517354721021 ], [ 14.376523033796531, 35.932938519713659 ], [ 14.376722909845578, 35.933352546274683 ], [ 14.377129798160247, 35.933688049693771 ], [ 14.377622346227175, 35.934173459687386 ], [ 14.377779390603449, 35.934287673798174 ], [ 14.378079203329523, 35.93440188992605 ], [ 14.378536058635245, 35.934608901827637 ], [ 14.379142822100665, 35.934980099040239 ], [ 14.379578263366643, 35.935308463177307 ], [ 14.379999427707817, 35.935815289304898 ], [ 14.380249270747884, 35.936286421664143 ], [ 14.380242132734647, 35.936850353978159 ], [ 14.380106504194744, 35.937342902201578 ], [ 14.379968019012237, 35.93754299824505 ], [ 14.379671062030434, 35.937764066941391 ], [ 14.379378389114258, 35.937864002849047 ], [ 14.378985777724358, 35.937835450264977 ], [ 14.378650274033737, 35.937963942266975 ], [ 14.378100618267597, 35.938549288683127 ], [ 14.377388208433198, 35.938887648031837 ], [ 14.376101871251983, 35.939348787738034 ], [ 14.375723536786952, 35.939391618335797 ], [ 14.375473692848558, 35.939341649908911 ], [ 14.375230987821695, 35.939255989363218 ], [ 14.37498114478163, 35.93923457366683 ], [ 14.374816960595457, 35.939241712232942 ], [ 14.374709885905162, 35.939377341957339 ], [ 14.374709885905162, 35.939498693637802 ], [ 14.374795545657419, 35.939662877037307 ], [ 14.375636657122538, 35.940012461932291 ], [ 14.376251775818394, 35.940319607952162 ], [ 14.376308884415968, 35.940469514192479 ], [ 14.376216083955551, 35.940576590215997 ], [ 14.37613756311486, 35.940619420148465 ], [ 14.375651520647244, 35.940626485859589 ], [ 14.37555935439741, 35.940662250057649 ], [ 14.375634599082218, 35.940773624877224 ], [ 14.374802683670657, 35.940419544992388 ], [ 14.374127305985535, 35.939849495315002 ], [ 14.373442108816043, 35.939400660259061 ], [ 14.372978113700457, 35.939207924226515 ], [ 14.372480331150378, 35.939793747270897 ], [ 14.372147207096933, 35.94026012190497 ], [ 14.37177601064514, 35.940812157102677 ], [ 14.371452404242113, 35.941154799254683 ], [ 14.371243012339278, 35.940935889202649 ], [ 14.371128796940786, 35.940897816689009 ], [ 14.371052654839009, 35.940945405873606 ], [ 14.371195422290482, 35.941316601693892 ], [ 14.371109761639925, 35.94170683402146 ], [ 14.37095747563971, 35.94189719082128 ], [ 14.370738566086427, 35.941906708831027 ], [ 14.370538690935712, 35.94187815479826 ], [ 14.370386405833793, 35.941849602209764 ], [ 14.370262673683184, 35.941792494092631 ], [ 14.369967620231499, 35.941744904690815 ], [ 14.36984388808089, 35.941678279916466 ], [ 14.369739192129472, 35.941678279916466 ], [ 14.369720155930281, 35.941725870085705 ], [ 14.369739192129472, 35.941811530136242 ], [ 14.369862924280081, 35.94187815479826 ], [ 14.370215083634388, 35.942192244227613 ], [ 14.370281708984079, 35.942325494308079 ], [ 14.37022460218313, 35.942468260651459 ], [ 14.369996174081141, 35.942582475867802 ], [ 14.369815335129582, 35.94263958268678 ], [ 14.369682085328559, 35.94275379692823 ], [ 14.369596423779706, 35.942944154115324 ], [ 14.369510764027448, 35.943343902788442 ], [ 14.369491727828255, 35.943543777821247 ], [ 14.370272191333633, 35.943772205707248 ], [ 14.370491101785209, 35.943943527097517 ], [ 14.370652905435875, 35.944219544677331 ], [ 14.370567244785351, 35.944495562020315 ], [ 14.370453030285157, 35.944771579853743 ], [ 14.370405441134688, 35.944942901259132 ], [ 14.370141638275095, 35.945038871803362 ], [ 14.369975076248375, 35.945181639790093 ], [ 14.369867999761448, 35.945288715974527 ], [ 14.369820410610949, 35.945490970028011 ], [ 14.369844206084496, 35.945717019261217 ], [ 14.369820410610949, 35.945931170034044 ], [ 14.369737129597572, 35.946192911341818 ], [ 14.369713335022354, 35.946359472747424 ], [ 14.369939384385498, 35.946763982855053 ], [ 14.370154297334061, 35.946990658236786 ], [ 14.370220441186742, 35.947076586749887 ], [ 14.370236816576066, 35.947275565838311 ], [ 14.370158294837077, 35.947432609800394 ], [ 14.369887035960609, 35.947451645939864 ], [ 14.369553911008866, 35.947313638188326 ], [ 14.369354036756484, 35.947256529656414 ], [ 14.36901615342865, 35.94729460201561 ], [ 14.368697305401714, 35.947451645939864 ], [ 14.368635440224708, 35.947665797829302 ], [ 14.368549778675856, 35.947832361220776 ], [ 14.36844508272444, 35.94793229821444 ], [ 14.368640197702469, 35.948036993353625 ], [ 14.36906374168082, 35.948308250742407 ], [ 14.369315965256396, 35.948598545244664 ], [ 14.370174088118079, 35.949396520923628 ], [ 14.370384713407796, 35.949503957186685 ], [ 14.371163120669484, 35.94971957030711 ], [ 14.371916691310188, 35.950018832701424 ], [ 14.372323108009347, 35.950017002307135 ], [ 14.372674078892524, 35.949921823927198 ], [ 14.373227303665335, 35.950082436876933 ], [ 14.373566378159214, 35.950118129164828 ], [ 14.373750785219045, 35.950213307308346 ], [ 14.374381343259683, 35.950284691749708 ], [ 14.374565749421215, 35.950362023973348 ], [ 14.374839387036531, 35.950498841778085 ], [ 14.374958360811082, 35.950522638209854 ], [ 14.375214153393289, 35.950516688920793 ], [ 14.375345023557134, 35.950576175973701 ], [ 14.375832238326195, 35.951006547854384 ], [ 14.376261115602414, 35.951295962710162 ], [ 14.376510958642482, 35.951480371191273 ], [ 14.376986851944054, 35.951932468191664 ], [ 14.377189105833619, 35.952057390021352 ], [ 14.37737946333392, 35.952110928199566 ], [ 14.377736381962615, 35.952241798179507 ], [ 14.377873200770274, 35.952325079095161 ], [ 14.378033815051479, 35.952348874249694 ], [ 14.378212274365824, 35.952348874249694 ], [ 14.378513208189377, 35.952291985333289 ], [ 14.3788130882891, 35.952360771097069 ], [ 14.379324671656891, 35.952574922769742 ], [ 14.379741077622009, 35.952812868876656 ], [ 14.379943332409903, 35.953038918250606 ], [ 14.38027050781953, 35.953241172099119 ], [ 14.380518222750705, 35.953271483262348 ], [ 14.381121164782872, 35.953282812768336 ], [ 14.382037257726484, 35.953330401766031 ], [ 14.382584533855448, 35.953479117653572 ], [ 14.383453036750227, 35.953800344760467 ], [ 14.384797432946547, 35.954175110249089 ], [ 14.385106763323071, 35.954365466826417 ], [ 14.385630243978486, 35.954829461970618 ], [ 14.385761115040662, 35.954984126897813 ], [ 14.38615967417601, 35.955222073019485 ], [ 14.386350030777979, 35.95531130335754 ], [ 14.386510645957516, 35.955483814088964 ], [ 14.386736691727407, 35.955781246929078 ], [ 14.386921100583864, 35.95613816587683 ], [ 14.387153098590822, 35.956667595720809 ], [ 14.387301814686138, 35.956947182053149 ], [ 14.387462428069046, 35.957137539221726 ], [ 14.387843143069585, 35.957393330989909 ], [ 14.388223857171825, 35.95755989423273 ], [ 14.388473700211925, 35.957613432317359 ], [ 14.389068564593057, 35.957708610156111 ], [ 14.389752959567009, 35.957834999674198 ], [ 14.38990259643545, 35.957834535031324 ], [ 14.390026044718443, 35.957600926915319 ], [ 14.390249998312028, 35.957639418940701 ], [ 14.390283309639393, 35.957587071206767 ], [ 14.390130351699316, 35.957557781154421 ], [ 14.39013253101221, 35.957539622203619 ], [ 14.390322119554595, 35.957492010291759 ], [ 14.390544698725819, 35.957492010291759 ], [ 14.390630710617639, 35.957463339003766 ], [ 14.390744926016131, 35.9574728573199 ], [ 14.390859139617962, 35.957515686819704 ], [ 14.390968594843768, 35.957496650923787 ], [ 14.39103997856952, 35.957453820686503 ], [ 14.391063773144737, 35.9573729200334 ], [ 14.391192263671407, 35.957225393089331 ], [ 14.391225576795399, 35.95716828590507 ], [ 14.391339791295596, 35.95704931295657 ], [ 14.391401657370865, 35.957011241662499 ], [ 14.39137310262293, 35.956858956302582 ], [ 14.391377861897318, 35.956778054313034 ], [ 14.391501594047927, 35.956701910717825 ], [ 14.391530147897534, 35.956616250812502 ], [ 14.39152063024712, 35.95655438470196 ], [ 14.391592013972838, 35.956378305254781 ], [ 14.391582496322426, 35.956254573339663 ], [ 14.391487317123124, 35.956068974740042 ], [ 14.391444487247014, 35.955902412716171 ], [ 14.391396898096511, 35.95583102898803 ], [ 14.391244612096296, 35.955716814743361 ], [ 14.391177987644932, 35.955545492703124 ], [ 14.39110184464479, 35.955397966708873 ], [ 14.390968594843768, 35.955307546828465 ], [ 14.390863897994022, 35.955312306116575 ], [ 14.390716372166493, 35.955217128298926 ], [ 14.3906973359673, 35.955136226082104 ], [ 14.390644988440775, 35.955064841661546 ], [ 14.390568845440665, 35.954993459357979 ], [ 14.390549810139769, 35.954864968140278 ], [ 14.390615159881751, 35.954552970253559 ], [ 14.390552690138566, 35.9544256439763 ], [ 14.390478426414052, 35.954346244742212 ], [ 14.39034041733864, 35.954312932947921 ], [ 14.390273792887276, 35.954222513279881 ], [ 14.390188132236721, 35.954027396992835 ], [ 14.390083436285304, 35.953960771666907 ], [ 14.389950185585953, 35.953941737095768 ], [ 14.389883561134589, 35.953917941693895 ], [ 14.389493329381901, 35.953527710041939 ], [ 14.389326767355179, 35.953418254777823 ], [ 14.389193516655824, 35.953294523316337 ], [ 14.389079303053961, 35.953237416925994 ], [ 14.389012677704301, 35.953170791661037 ], [ 14.388812802553586, 35.9530565772058 ], [ 14.388631963602059, 35.952813871667459 ], [ 14.388484437774498, 35.95269013998648 ], [ 14.38840353639833, 35.952580685016237 ], [ 14.388370224172666, 35.952499783007966 ], [ 14.388379740924785, 35.952271354900944 ], [ 14.388422571699227, 35.952171418305419 ], [ 14.388422571699227, 35.952090515878069 ], [ 14.388451472298543, 35.952048276826943 ], [ 14.388836198276824, 35.952216456981617 ], [ 14.389093579978796, 35.952304666829001 ], [ 14.389241105806326, 35.95241412290887 ], [ 14.389364837956935, 35.952475989353289 ], [ 14.389421944757853, 35.952495024277617 ], [ 14.389494516954695, 35.952479828916665 ], [ 14.389502847032347, 35.952447434776673 ], [ 14.389421944757853, 35.952409364173299 ], [ 14.389369597231292, 35.9523570158821 ], [ 14.38934580265604, 35.952280873115555 ], [ 14.389283936580737, 35.952223765992471 ], [ 14.389222071403763, 35.952138104866812 ], [ 14.389050750102651, 35.951866846810482 ], [ 14.388785325783997, 35.951383570009234 ], [ 14.389036473177848, 35.951224392291714 ], [ 14.389020360994907, 35.95120750812395 ], [ 14.389039162733825, 35.951194276687545 ], [ 14.388471282845503, 35.950807836319946 ], [ 14.388412734248545, 35.950746031108856 ], [ 14.388331831075719, 35.950598504150612 ], [ 14.388329358013742, 35.950530900747019 ], [ 14.388246610599673, 35.950528079907322 ], [ 14.388241379709775, 35.950574635020963 ], [ 14.388269965898745, 35.950693683169845 ], [ 14.388341348726165, 35.950760308342325 ], [ 14.388311574066071, 35.950784026884378 ], [ 14.38820925775183, 35.950715023040267 ], [ 14.388117680796825, 35.950684164764056 ], [ 14.387855818298265, 35.950627343733522 ], [ 14.387194410314105, 35.950440014972479 ], [ 14.386968673564684, 35.950329863853732 ], [ 14.386947306237358, 35.950263089967315 ], [ 14.386906534401527, 35.950230479663972 ], [ 14.38675425019794, 35.950220961929595 ], [ 14.386616241122528, 35.950135302995598 ], [ 14.386563893595968, 35.950052021953162 ], [ 14.386390191759384, 35.94997111880987 ], [ 14.386311282846513, 35.949965714161884 ], [ 14.386228759112923, 35.949911130978307 ], [ 14.386146088055639, 35.949810792883504 ], [ 14.386135486138663, 35.949677196180573 ], [ 14.385986003780456, 35.949611117688669 ], [ 14.385900343129901, 35.949625393672839 ], [ 14.385762334054489, 35.949544493001483 ], [ 14.385657638103071, 35.949430279121309 ], [ 14.385519629027659, 35.949178056217697 ], [ 14.385519629027659, 35.949097154361105 ], [ 14.38563860190388, 35.948982939834266 ], [ 14.385586254377319, 35.948940110071348 ], [ 14.385551911784017, 35.9489891081327 ], [ 14.385413108597906, 35.948889184838528 ], [ 14.385267406350383, 35.949021011361573 ], [ 14.385104939743028, 35.948907251238964 ], [ 14.38504817609857, 35.948824219066978 ], [ 14.38485781859827, 35.948607687926099 ], [ 14.384786435770845, 35.948502992088642 ], [ 14.384589548416777, 35.948424620291966 ], [ 14.384517833212696, 35.948370299300144 ], [ 14.384334657743121, 35.948040673869194 ], [ 14.384353693942279, 35.947902664964758 ], [ 14.384310863167869, 35.94785507633366 ], [ 14.384197072672505, 35.947943011793598 ], [ 14.38388291385135, 35.947847393121073 ], [ 14.383560671090949, 35.947641106038546 ], [ 14.383349560710968, 35.947441048651918 ], [ 14.383178240308188, 35.947217380238776 ], [ 14.383097338033693, 35.9469508810785 ], [ 14.383187757060306, 35.946770040785829 ], [ 14.383235347109105, 35.946627274214457 ], [ 14.383292453910054, 35.946532094659986 ], [ 14.383335283786165, 35.946389327658686 ], [ 14.383335283786165, 35.946292320973264 ], [ 14.383752839594832, 35.945901000050171 ], [ 14.38407342765848, 35.945674242271913 ], [ 14.384786754672783, 35.945228150055101 ], [ 14.385191264248572, 35.945142490071682 ], [ 14.385324513151298, 35.945142490071682 ], [ 14.385424450726658, 35.945166285207684 ], [ 14.385676674302264, 35.945261462771043 ], [ 14.385689870553792, 35.945241666847991 ], [ 14.387080556038381, 35.945913435306565 ], [ 14.387489823091929, 35.946094274650733 ], [ 14.387627832167341, 35.946118068772911 ], [ 14.388741418827832, 35.946075238911519 ], [ 14.389493329381901, 35.946027649906995 ], [ 14.38975982898398, 35.946041925811436 ], [ 14.390140543086222, 35.946189453278073 ], [ 14.390259658794578, 35.946327710984242 ], [ 14.390207168435913, 35.946384567833029 ], [ 14.39034543712442, 35.946488270878902 ], [ 14.390560079680123, 35.946840959994439 ], [ 14.390624304731336, 35.946923607358336 ], [ 14.390687819215183, 35.947117443068116 ], [ 14.390364211913857, 35.947155514039821 ], [ 14.389845489634535, 35.947341111764111 ], [ 14.389702722183063, 35.947355388885683 ], [ 14.389693430009755, 35.947324261673913 ], [ 14.389603771856184, 35.947322781018379 ], [ 14.389607542983764, 35.947398218780393 ], [ 14.389878801860199, 35.947388700704813 ], [ 14.390335658064251, 35.947212621190239 ], [ 14.390816308843554, 35.947255451162327 ], [ 14.391006666343824, 35.947326834640009 ], [ 14.391063773144737, 35.947312558240526 ], [ 14.39110184464479, 35.947288763750848 ], [ 14.391116121569629, 35.94725069284334 ], [ 14.391321764802775, 35.947221774213347 ], [ 14.391668156972948, 35.947312558240526 ], [ 14.391782370574809, 35.947450566721187 ], [ 14.391782370574809, 35.94748863898689 ], [ 14.391744299074757, 35.947560022253839 ], [ 14.391668156972948, 35.94765520129733 ], [ 14.39166339769859, 35.947721826123185 ], [ 14.39173002304825, 35.947774173849595 ], [ 14.391967968800724, 35.947916941984865 ], [ 14.392191637628361, 35.948012119871109 ], [ 14.392310611402912, 35.948078745123247 ], [ 14.39232012905336, 35.948154888303677 ], [ 14.392391512779076, 35.948178681805281 ], [ 14.392429584279133, 35.948178681805281 ], [ 14.392491450354436, 35.948135852333635 ], [ 14.392534280230549, 35.948135852333635 ], [ 14.392662770757216, 35.948173924269128 ], [ 14.392881681208795, 35.948273860830767 ], [ 14.392910235058434, 35.948373797993192 ], [ 14.392957824208937, 35.948416628063093 ], [ 14.393095833284349, 35.948464217083256 ], [ 14.393143979390315, 35.948437468943453 ], [ 14.393181493934868, 35.948307172989864 ], [ 14.393233842359761, 35.948273860830767 ], [ 14.393314743735925, 35.948245306916967 ], [ 14.39340040438648, 35.948245306916967 ], [ 14.393467028837843, 35.948259583875164 ], [ 14.393547931112307, 35.948254824889396 ], [ 14.393633590864566, 35.948207235743162 ], [ 14.394090447966914, 35.948207235743162 ], [ 14.394161831692665, 35.948216753720132 ], [ 14.394214180117523, 35.948245306916967 ], [ 14.394271421665737, 35.948306173778057 ], [ 14.394385501418599, 35.948354762075951 ], [ 14.394647241746323, 35.948397592156169 ], [ 14.394970849047647, 35.948511806801939 ], [ 14.395123134149536, 35.948545118860714 ], [ 14.395318250025893, 35.948568913699276 ], [ 14.395660919577528, 35.948719980213504 ], [ 14.395862879718042, 35.948780009673996 ], [ 14.396307235864882, 35.948981100689323 ], [ 14.396450872885577, 35.948982939834266 ], [ 14.396517498235237, 35.949016253148855 ], [ 14.396588881960989, 35.949106672230869 ], [ 14.396584122686601, 35.949244681213898 ], [ 14.39659584031117, 35.94928697994154 ], [ 14.396962806596299, 35.949381087166238 ], [ 14.39708856893945, 35.949387448146503 ], [ 14.397278924643091, 35.949430279121309 ], [ 14.397395348100549, 35.949480857849785 ], [ 14.397664398019721, 35.949554010817359 ], [ 14.397731023369413, 35.949601599879628 ], [ 14.39781668401997, 35.949868100280284 ], [ 14.397859513896083, 35.949958519114645 ], [ 14.397873790820887, 35.950053696723216 ], [ 14.39779288944472, 35.950210741708325 ], [ 14.39781192474558, 35.950334473636531 ], [ 14.398064148321156, 35.950420133808969 ], [ 14.398716120401533, 35.950562902253552 ], [ 14.399244360331336, 35.950643804063674 ], [ 14.399371158432006, 35.950703557905634 ], [ 14.399771039887449, 35.950808970033172 ], [ 14.399915859989353, 35.950572491213094 ], [ 14.399843984885157, 35.950529590318268 ], [ 14.399824948685964, 35.950505795342977 ], [ 14.399867778562109, 35.950462964951228 ], [ 14.399946807849224, 35.950412801360606 ], [ 14.39994403474992, 35.950387842088134 ], [ 14.399843984885157, 35.950320197053266 ], [ 14.399791635561968, 35.950239294911761 ], [ 14.399634592084027, 35.950158394141859 ], [ 14.399582243659134, 35.950110804687746 ], [ 14.399582243659134, 35.950075662168906 ], [ 14.39945375313247, 35.950015625693524 ], [ 14.399444340584948, 35.949904161362376 ], [ 14.399472789331661, 35.949791957296512 ], [ 14.399557240849855, 35.949704375866716 ], [ 14.399624159050303, 35.949585960360011 ], [ 14.399717345786307, 35.949560565950584 ], [ 14.399805913385103, 35.949482627170205 ], [ 14.399872537836467, 35.949487386082069 ], [ 14.400086689013689, 35.949573045718488 ], [ 14.400405537040625, 35.949739608725359 ], [ 14.400480667639403, 35.949644998694204 ], [ 14.400725039041113, 35.949644998694204 ], [ 14.401127880445426, 35.949555990301867 ], [ 14.401477079850862, 35.949585960360011 ], [ 14.401806839713574, 35.949660028795186 ], [ 14.40186652557769, 35.949660028795186 ], [ 14.401942668577799, 35.949687260119504 ], [ 14.402047365427544, 35.949692019018983 ], [ 14.402190132879017, 35.949653947815065 ], [ 14.40220440980382, 35.949644430011176 ], [ 14.40220440980382, 35.949620634769289 ], [ 14.402009293927458, 35.949444555865391 ], [ 14.401952187126541, 35.949339858955177 ], [ 14.402004534653102, 35.949339858955177 ], [ 14.402475667781957, 35.949573045718488 ], [ 14.402780239782423, 35.949772920993723 ], [ 14.403018186433192, 35.949868100280284 ], [ 14.403280055219966, 35.949922689311279 ], [ 14.403696840274126, 35.949943979212257 ], [ 14.403899159740746, 35.950017960046246 ], [ 14.404044959904617, 35.950003020187751 ], [ 14.404419180983972, 35.949641278983741 ], [ 14.404450621120619, 35.94955876899769 ], [ 14.404488691722339, 35.949506421726419 ], [ 14.404583870921641, 35.949430279121309 ], [ 14.404755192222749, 35.949239922287468 ], [ 14.404845612147662, 35.949192332280113 ], [ 14.404964585023915, 35.949097154361105 ], [ 14.405083637850176, 35.949042924734393 ], [ 14.405102593200995, 35.948973421949589 ], [ 14.405145423975441, 35.948916315344576 ], [ 14.405173976926747, 35.948902039232294 ], [ 14.40528819142691, 35.948959145120384 ], [ 14.405278672878167, 35.948992457717779 ], [ 14.405197712213157, 35.949075686062734 ], [ 14.40529573368204, 35.949113700094898 ], [ 14.405388129002269, 35.948940110071348 ], [ 14.405373852077465, 35.948859207971118 ], [ 14.405416681953577, 35.948859207971118 ], [ 14.405554691028989, 35.94890679672465 ], [ 14.405421441227933, 35.949225644779247 ], [ 14.405464272002376, 35.94925895726427 ], [ 14.405569059581962, 35.949205961841244 ], [ 14.405654627706017, 35.949192332280113 ], [ 14.405911609657684, 35.949316065076033 ], [ 14.405997271206536, 35.949325582192245 ], [ 14.406387502060891, 35.949573045718488 ], [ 14.406411296636145, 35.950087010313553 ], [ 14.406425244777576, 35.950128854082955 ], [ 14.406504119554459, 35.950152959691053 ], [ 14.4065445464372, 35.950153635270475 ], [ 14.406668278587777, 35.950034661937885 ], [ 14.406692081247867, 35.949972411794754 ], [ 14.406896706689803, 35.949858581047799 ], [ 14.406987126614748, 35.94983002770676 ], [ 14.407166388124633, 35.949834652062982 ], [ 14.408129268023171, 35.949996590899019 ], [ 14.408571848200719, 35.950253572236868 ], [ 14.408638472652083, 35.950439169955871 ], [ 14.408643231028138, 35.950534349167008 ], [ 14.408618916328335, 35.95085638671916 ], [ 14.408541585755431, 35.950853888770098 ], [ 14.408551104304179, 35.950766325243187 ], [ 14.40850732221384, 35.95076442214566 ], [ 14.408476864834151, 35.951046149896506 ], [ 14.40859869255635, 35.951084221156762 ], [ 14.408533775802333, 35.952057203859766 ], [ 14.40796270509812, 35.951942989248927 ], [ 14.407189271808161, 35.951411573752893 ], [ 14.407173782157745, 35.951384401198929 ], [ 14.407157045645688, 35.951378809030011 ], [ 14.407106586377861, 35.951391612841924 ], [ 14.407090495754485, 35.951432804349452 ], [ 14.407273028928634, 35.951548631169928 ], [ 14.407775570753069, 35.951904599163733 ], [ 14.407899302903679, 35.951961705790325 ], [ 14.408141055716317, 35.952030233687793 ], [ 14.40887641930285, 35.952199970800244 ], [ 14.408881176780579, 35.952304666829001 ], [ 14.408738410227437, 35.952304666829001 ], [ 14.408695580351328, 35.952395087237853 ], [ 14.408695580351328, 35.952480748084845 ], [ 14.408795517028356, 35.952571166837799 ], [ 14.40911436505529, 35.952556889931536 ], [ 14.40943884012918, 35.952598979637017 ], [ 14.409825120192938, 35.952822989863897 ], [ 14.410393919956119, 35.952852960137058 ], [ 14.410559159662748, 35.952957000106139 ], [ 14.410741915619079, 35.952999469916307 ], [ 14.410870407044076, 35.9530565772058 ], [ 14.410941789871497, 35.953028024293388 ], [ 14.410966333641662, 35.952990314653761 ], [ 14.411089316597323, 35.952923327041802 ], [ 14.411160701221373, 35.95294236331268 ], [ 14.411180608786385, 35.953007847089687 ], [ 14.411288528791383, 35.95301667729845 ], [ 14.411315071313055, 35.952980651087628 ], [ 14.411408164624294, 35.952923327041802 ], [ 14.411474789973955, 35.952923327041802 ], [ 14.411598522124564, 35.952961398851834 ], [ 14.41169845880159, 35.952970916983254 ], [ 14.411812674200082, 35.95300422934347 ], [ 14.411960934849537, 35.953089440857163 ], [ 14.411971078625728, 35.953106040293633 ], [ 14.412099959919534, 35.953136009732269 ], [ 14.412264839401724, 35.952986970328453 ], [ 14.41262751533305, 35.952726185963868 ], [ 14.412707351307292, 35.952594961918159 ], [ 14.412931020134963, 35.952485506816053 ], [ 14.413168965887403, 35.952271354900944 ], [ 14.413389525645849, 35.952245482862317 ], [ 14.413456283946212, 35.95222011330511 ], [ 14.413454500790376, 35.952166658828084 ], [ 14.413701615646923, 35.95217885603352 ], [ 14.413785698855843, 35.95216471576866 ], [ 14.413873940366191, 35.952169976282022 ], [ 14.414001777817633, 35.952147623097439 ], [ 14.414039849317691, 35.952166658828084 ], [ 14.414039849317691, 35.952195212051834 ], [ 14.413944670118388, 35.952342738937183 ], [ 14.414006536193694, 35.952376052289438 ], [ 14.414139785994749, 35.952223765992471 ], [ 14.414196892795667, 35.952266596156825 ], [ 14.414241014449169, 35.952351900092246 ], [ 14.414467062913983, 35.952568429697713 ], [ 14.414519411338876, 35.952792099687628 ], [ 14.414614589639847, 35.953006250918236 ], [ 14.414777978816984, 35.953262280764449 ], [ 14.414808912303801, 35.953443120013752 ], [ 14.414870778379107, 35.953521643175968 ], [ 14.414982115575398, 35.95358005901177 ], [ 14.415101029162843, 35.953618763878652 ], [ 14.41548204509901, 35.953654312768968 ], [ 14.415519874053945, 35.953618129778157 ], [ 14.415610293080562, 35.953618129778157 ], [ 14.41568829738992, 35.95367355683689 ], [ 14.415695953731083, 35.953656201253324 ], [ 14.415772095832892, 35.953637165881602 ], [ 14.415891069607444, 35.953665720028162 ], [ 14.415872034306583, 35.953760898260789 ], [ 14.415991007182802, 35.953837041055166 ], [ 14.416366962010652, 35.953884629718978 ], [ 14.416634341063425, 35.953863156176951 ], [ 14.416679970089961, 35.953918828122362 ], [ 14.416966585666176, 35.954165406106064 ], [ 14.41709983636553, 35.954393835280818 ], [ 14.417142666241675, 35.954579431999093 ], [ 14.417090317816784, 35.954807860703752 ], [ 14.417118870768094, 35.954926834119732 ], [ 14.417114112392035, 35.955036288747849 ], [ 14.416968860200493, 35.955445363188538 ], [ 14.416970097180631, 35.955559131348465 ], [ 14.416979030926131, 35.955576029129375 ], [ 14.417206911954157, 35.955740608876177 ], [ 14.417337782118002, 35.955919069007088 ], [ 14.4174924468571, 35.955990452655662 ], [ 14.417750879587908, 35.956133999998059 ], [ 14.417897039976218, 35.956284029666662 ], [ 14.417861262773416, 35.956478242345455 ], [ 14.417677080292398, 35.95661198970204 ], [ 14.417579958935438, 35.956664524233013 ], [ 14.417468652281848, 35.956799468890637 ], [ 14.417468652281848, 35.956906545327328 ], [ 14.417575727870442, 35.957013620891651 ], [ 14.417849366384088, 35.95716828590507 ], [ 14.418015928410812, 35.957227772312081 ], [ 14.418479922628098, 35.957322951342732 ], [ 14.418753561141743, 35.957394335176879 ], [ 14.418943917743716, 35.957525205129528 ], [ 14.419265145407865, 35.957644178088302 ], [ 14.419574474886057, 35.957703664864056 ], [ 14.419860009788996, 35.957786945838556 ], [ 14.420263205129533, 35.957786945838556 ], [ 14.420355840299953, 35.957805031291251 ], [ 14.420607330850263, 35.95788689787112 ], [ 14.421002152095756, 35.958167660031904 ], [ 14.421311481573948, 35.958346119041977 ], [ 14.422406033831873, 35.958845806051535 ], [ 14.422739157885314, 35.959024265710696 ], [ 14.423179358425683, 35.959345492808211 ], [ 14.424476164573205, 35.959928460936879 ], [ 14.425166208153637, 35.960071228193634 ], [ 14.425439846667285, 35.960095023196089 ], [ 14.426284554986813, 35.960071228193634 ], [ 14.426665269089053, 35.960095023196089 ], [ 14.427164956067546, 35.960285380049122 ], [ 14.427319620806644, 35.960249687992324 ], [ 14.42761705389554, 35.960130715322741 ], [ 14.427926383373732, 35.960392456122648 ], [ 14.428069150825202, 35.960535223267755 ], [ 14.428069150825202, 35.960689887929043 ], [ 14.428092946298751, 35.960785067150255 ], [ 14.428271404714799, 35.960939731322242 ], [ 14.42867591429059, 35.960856450763757 ], [ 14.429603903623494, 35.960570915195468 ], [ 14.430044104163864, 35.960356764114294 ], [ 14.430174974327709, 35.96019020095283 ] ] ] } },
{ "type": "Feature", "properties": { "LocalityId": 11, "LAU_Name": "Ir-Rabat (Għawdex)", "LAU_Latin": "Citta' Victoria", "Region": "Għawdex (Gozo)", "Area_Km2": 2.890245, "Population": 7242.0, "NUTS3": "MT002", "LAU": "MT02611", "GREAT_CID": null, "GREAT_CIN": null, "FUA_ID": null, "FUA_Name": "Gozo", "Shape__Are": 4430057.6113299998, "Shape__Len": 12311.5762667 }, "geometry": { "type": "Polygon", "coordinates": [ [ [ 14.23756099588417, 36.052405674786243 ], [ 14.237835493187241, 36.05188768780895 ], [ 14.238085336227305, 36.051780613181563 ], [ 14.238185273802666, 36.051766336069385 ], [ 14.238349456192207, 36.051780613181563 ], [ 14.238470808705607, 36.051752058954655 ], [ 14.238670683856324, 36.051652121983913 ], [ 14.238784898356517, 36.051552184159988 ], [ 14.239027603383347, 36.051373724637735 ], [ 14.239263168600278, 36.051273787186631 ], [ 14.239348830149163, 36.051252372105829 ], [ 14.239484458689066, 36.051223819139814 ], [ 14.239705748777856, 36.051216679807261 ], [ 14.239855655140893, 36.051259510708853 ], [ 14.240069807216415, 36.051288063661865 ], [ 14.24029823531844, 36.051288063661865 ], [ 14.240476694632788, 36.051180988218796 ], [ 14.240662291960371, 36.051045358873075 ], [ 14.240783646270428, 36.050888314840002 ], [ 14.241033489310494, 36.050609917697507 ], [ 14.241311886200199, 36.05043145821778 ], [ 14.241633112966015, 36.050360074312628 ], [ 14.24207569224523, 36.050474288094044 ], [ 14.242404057922615, 36.050659886134092 ], [ 14.242818084250553, 36.050781238853133 ], [ 14.243160726852741, 36.050795516144014 ], [ 14.243360601105159, 36.050774100933033 ], [ 14.243696104795781, 36.050559949229218 ], [ 14.243903117959736, 36.050367212996576 ], [ 14.244001632603691, 36.050214963298856 ], [ 14.244199094879535, 36.049787129083114 ], [ 14.244502743411884, 36.049639098035172 ], [ 14.245102367067407, 36.049603405731439 ], [ 14.245655154360628, 36.049635385217108 ], [ 14.245853696411485, 36.049612979024353 ], [ 14.247051145295307, 36.049553437350518 ], [ 14.247659426015224, 36.049432745847298 ], [ 14.248746981295424, 36.049440515040615 ], [ 14.249376399373977, 36.049632113259662 ], [ 14.249850314585242, 36.049715745319965 ], [ 14.250123953098891, 36.049906102362137 ], [ 14.250195336824641, 36.049656258922205 ], [ 14.250016876611966, 36.0492636478603 ], [ 14.249897903735745, 36.049132776829083 ], [ 14.249802725434774, 36.048966215166473 ], [ 14.24979082814715, 36.048811549983029 ], [ 14.249695649846148, 36.048526015360942 ], [ 14.249612368832802, 36.048323760256864 ], [ 14.249481497770628, 36.048109609149904 ], [ 14.249360089561675, 36.047838776153625 ], [ 14.249291141168655, 36.047467153786151 ], [ 14.249279243881031, 36.047062644880562 ], [ 14.249350627606782, 36.04672952188497 ], [ 14.249338731217488, 36.046503472167913 ], [ 14.249267346593404, 36.046313116339824 ], [ 14.249291141168655, 36.046146553795609 ], [ 14.249540985107052, 36.046051375144486 ], [ 14.249814622722401, 36.046051375144486 ], [ 14.250052569373171, 36.046110862087311 ], [ 14.250326206988488, 36.046051375144486 ], [ 14.250468975338288, 36.045896710044886 ], [ 14.250611741891428, 36.045539791100794 ], [ 14.250825893966949, 36.045539791100794 ], [ 14.251016250568918, 36.045444611716114 ], [ 14.251349374622363, 36.045385124996173 ], [ 14.251396963772864, 36.04508769217508 ], [ 14.251492143870461, 36.044802157120479 ], [ 14.251860958888482, 36.044611800810571 ], [ 14.252248722969078, 36.044498997795742 ], [ 14.253050690345708, 36.044040731298381 ], [ 14.252788949119685, 36.043743297756514 ], [ 14.252539106977919, 36.043505352002484 ], [ 14.252437524587274, 36.043428291187723 ], [ 14.252329714176753, 36.043293579669388 ], [ 14.252363026402453, 36.04312701800054 ], [ 14.252462963079479, 36.043041358219845 ], [ 14.252577177579674, 36.042989009037115 ], [ 14.252600973053223, 36.042927143096961 ], [ 14.251801473348687, 36.04237986714363 ], [ 14.251639668799692, 36.042318000724855 ], [ 14.251677741198078, 36.042127644219846 ], [ 14.2517158117998, 36.042018189093703 ], [ 14.251706294149386, 36.041913492238415 ], [ 14.251596838923581, 36.04162319812756 ], [ 14.251720210849754, 36.041605017120524 ], [ 14.251404900388385, 36.040266351040138 ], [ 14.251884226152637, 36.039946800104154 ], [ 14.251875235813285, 36.039863982839364 ], [ 14.251625392773187, 36.039495166639206 ], [ 14.251006732918507, 36.038805123168451 ], [ 14.250435662214294, 36.038222155242948 ], [ 14.250114435448475, 36.037972311770417 ], [ 14.250697403440315, 36.037567804204926 ], [ 14.250602224241014, 36.037413139147979 ], [ 14.249971667098674, 36.036842068275156 ], [ 14.250399970351417, 36.036449457235861 ], [ 14.250979080079087, 36.035843039685318 ], [ 14.250554635090513, 36.035509569933637 ], [ 14.250019256249175, 36.035152651122708 ], [ 14.249626644859308, 36.03541439077366 ], [ 14.249245931655365, 36.035557158744069 ], [ 14.249043676867471, 36.035497671092045 ], [ 14.248889012128375, 36.035200240148811 ], [ 14.248829525690249, 36.03503367806848 ], [ 14.248746244676871, 36.034914704108026 ], [ 14.2486034772254, 36.034795730694356 ], [ 14.248496400738475, 36.034748142150221 ], [ 14.247806358056371, 36.03504557480084 ], [ 14.247080621714733, 36.035402494096957 ], [ 14.246140735094201, 36.036033051078256 ], [ 14.245474486089019, 36.036389970257822 ], [ 14.245200847575372, 36.036580326831213 ], [ 14.245129463849654, 36.036437559989146 ], [ 14.24528412858875, 36.036259100346143 ], [ 14.2452603340135, 36.036044947659661 ], [ 14.245105669274404, 36.035866489306315 ], [ 14.245010490973401, 36.035807001887989 ], [ 14.244855826234305, 36.035818899956354 ], [ 14.24467736602166, 36.035973565238542 ], [ 14.244522701282564, 36.03599735914397 ], [ 14.244356139255844, 36.035878385912888 ], [ 14.2440230152024, 36.035557158744069 ], [ 14.243927835104772, 36.03535490519311 ], [ 14.243910801250376, 36.035184563108857 ], [ 14.243630402914205, 36.034938498333347 ], [ 14.243309176148387, 36.034843320662517 ], [ 14.24298794938257, 36.0347719371523 ], [ 14.242805997418408, 36.034073514238258 ], [ 14.242672080169108, 36.03406797006177 ], [ 14.241441299296651, 36.034391222068024 ], [ 14.240608488264749, 36.034593476640886 ], [ 14.240572796401873, 36.034200866015098 ], [ 14.240489516286825, 36.033784461044768 ], [ 14.240441927136322, 36.033415643977364 ], [ 14.240366999556789, 36.033209999688054 ], [ 14.240013622985284, 36.032963545178816 ], [ 14.23953773058204, 36.032868368027252 ], [ 14.239076554379814, 36.032821403065398 ], [ 14.238998031742495, 36.032842818074414 ], [ 14.238733911777627, 36.032821403065398 ], [ 14.238412685011809, 36.032814264243477 ], [ 14.237934412971388, 36.032892786890493 ], [ 14.237613186205571, 36.03306410664451 ], [ 14.237751326434992, 36.033483612252503 ], [ 14.237886954974929, 36.034611476931985 ], [ 14.238129660001759, 36.035268208336753 ], [ 14.238293843289599, 36.03553232809756 ], [ 14.23860793204218, 36.036089121974555 ], [ 14.238843498157442, 36.036545979013447 ], [ 14.239221831724175, 36.037216987115983 ], [ 14.23937887789711, 36.037438277198099 ], [ 14.239443121812965, 36.037980793968828 ], [ 14.239482382682443, 36.038486191004687 ], [ 14.239478813675806, 36.038828834135842 ], [ 14.239450260724531, 36.039182184234015 ], [ 14.239507368423745, 36.039449872690845 ], [ 14.239726040821791, 36.040224918252918 ], [ 14.239821457176324, 36.040513491642791 ], [ 14.239867856059073, 36.04073835131981 ], [ 14.239860718045835, 36.040984625329067 ], [ 14.239785765313449, 36.041177362015105 ], [ 14.239535921375053, 36.041188068747566 ], [ 14.239021958370087, 36.041170223224206 ], [ 14.238979126697345, 36.041034594064094 ], [ 14.238836360144173, 36.04104887094352 ], [ 14.238578611031285, 36.041095788869512 ], [ 14.238061845282642, 36.041209483660708 ], [ 14.237983322645322, 36.040920379662204 ], [ 14.237497912591664, 36.041006040297603 ], [ 14.237298038339279, 36.041080992641533 ], [ 14.237733479605257, 36.041826953686595 ], [ 14.23782984817398, 36.04208750534039 ], [ 14.237861970131926, 36.042280242232323 ], [ 14.23794049276921, 36.042298088230424 ], [ 14.237919077831171, 36.04237661013822 ], [ 14.237847694105419, 36.042394456114486 ], [ 14.237101733093494, 36.042230274287768 ], [ 14.237140993962971, 36.042112490088293 ], [ 14.236637737977876, 36.041969721653665 ], [ 14.236405739970918, 36.042394456114486 ], [ 14.236180880875526, 36.042280242232323 ], [ 14.236205865718532, 36.04221242682155 ], [ 14.23613448199278, 36.042183874208483 ], [ 14.23592032991726, 36.042041105903337 ], [ 14.235856085103075, 36.04214818215651 ], [ 14.23566691787056, 36.04205181397105 ], [ 14.235531288432325, 36.041959015753925 ], [ 14.235102985179582, 36.041830523778707 ], [ 14.235102985179582, 36.041756044286984 ], [ 14.234881314205124, 36.041743335763201 ], [ 14.234835296208079, 36.041573542104715 ], [ 14.234646128975532, 36.041609233690842 ], [ 14.234549761305106, 36.041427204761789 ], [ 14.234489084599257, 36.041273729818087 ], [ 14.234467668762887, 36.041177362015105 ], [ 14.23443197690001, 36.041148808300377 ], [ 14.234142872990436, 36.041234468687229 ], [ 14.234132165072268, 36.041141670233223 ], [ 14.234060782244844, 36.041063147093915 ], [ 14.234025090381971, 36.040998902217495 ], [ 14.233925151908281, 36.040734781904511 ], [ 14.233921582901679, 36.040670536033851 ], [ 14.233953705757921, 36.040609860258172 ], [ 14.233960843771158, 36.0405634606768 ], [ 14.233946566846354, 36.040545615011936 ], [ 14.233871614114001, 36.040577736915246 ], [ 14.233650324923541, 36.04040641607218 ], [ 14.233593217224296, 36.040388569645337 ], [ 14.233568233279588, 36.040431401353516 ], [ 14.233518263593611, 36.040463523303416 ], [ 14.233371928033836, 36.040413554932336 ], [ 14.233229159684035, 36.040345740093052 ], [ 14.232887914860431, 36.040269502081202 ], [ 14.23271182170854, 36.040582031263057 ], [ 14.232649955633235, 36.040739076243753 ], [ 14.23270230405809, 36.041462432263785 ], [ 14.232730857907731, 36.041681341729898 ], [ 14.232688028031619, 36.041981154643594 ], [ 14.232697545682035, 36.042257172229746 ], [ 14.232759411757339, 36.0426331272268 ], [ 14.23274037555818, 36.042709269976292 ], [ 14.23256429588101, 36.042852037069935 ], [ 14.232321590854182, 36.043089984071976 ], [ 14.231964672225489, 36.043285098769601 ], [ 14.231736243225164, 36.04351828613715 ], [ 14.231607751800167, 36.043684849157309 ], [ 14.231426912848642, 36.044122669650271 ], [ 14.231169931795309, 36.04444151797216 ], [ 14.230475128042189, 36.044907890977434 ], [ 14.230037308037328, 36.04542661317484 ], [ 14.229758008340776, 36.045855872178876 ], [ 14.229613763160646, 36.046178523790715 ], [ 14.229594559874826, 36.046423710908712 ], [ 14.229642317010251, 36.046944710298824 ], [ 14.229737496209552, 36.047701379015152 ], [ 14.229826487813177, 36.048068388214283 ], [ 14.229918334262779, 36.048215342196364 ], [ 14.229694498348483, 36.048393904025247 ], [ 14.228381035638979, 36.049122018883473 ], [ 14.22632504168527, 36.050158640996862 ], [ 14.226567885950981, 36.050721016808005 ], [ 14.226824867902613, 36.051192149694863 ], [ 14.226939082402776, 36.051720391174754 ], [ 14.226810590977811, 36.052819702267108 ], [ 14.227667196584965, 36.052833977735723 ], [ 14.22828109806362, 36.05280542534345 ], [ 14.228595186816166, 36.052776870762038 ], [ 14.228895000440573, 36.052848254654208 ], [ 14.229180535343515, 36.052891086120482 ], [ 14.229851540928129, 36.052648381190679 ], [ 14.230593933831782, 36.052648381190679 ], [ 14.230808085907301, 36.052619827278569 ], [ 14.231036574196434, 36.052451466764403 ], [ 14.231564753939098, 36.052348568228034 ], [ 14.231935950390925, 36.052462782755477 ], [ 14.232050163992756, 36.052662656690316 ], [ 14.232135824643311, 36.052862532296416 ], [ 14.232292869019584, 36.053019576021846 ], [ 14.232421360444583, 36.053090959693947 ], [ 14.233192306299513, 36.05306240666863 ], [ 14.233477841202454, 36.053233728296405 ], [ 14.233691992379676, 36.053319389333573 ], [ 14.233920421379999, 36.053319389333573 ], [ 14.234191679358137, 36.053205173870381 ], [ 14.234677089411795, 36.052876809209714 ], [ 14.235248160116008, 36.052776870762038 ], [ 14.236490239099792, 36.05299102297063 ], [ 14.236804326954076, 36.052933916110895 ], [ 14.237304013932537, 36.052634104235949 ], [ 14.23756099588417, 36.052405674786243 ] ] ] } },
{ "type": "Feature", "properties": { "LocalityId": 19, "LAU_Name": "Il-Fontana", "LAU_Latin": "Fontana", "Region": "Għawdex (Gozo)", "Area_Km2": 0.488643, "Population": 1042.0, "NUTS3": "MT002", "LAU": "MT02619", "GREAT_CID": null, "GREAT_CIN": null, "FUA_ID": null, "FUA_Name": "Gozo", "Shape__Are": 748845.22412100004, "Shape__Len": 4425.6330036500003 }, "geometry": { "type": "Polygon", "coordinates": [ [ [ 14.237613186205571, 36.03306410664451 ], [ 14.237313374377793, 36.03291420188016 ], [ 14.236906486063123, 36.032971308006417 ], [ 14.236628089173418, 36.033071244717384 ], [ 14.236478182810382, 36.033099799908086 ], [ 14.23637824613332, 36.03320687524306 ], [ 14.236321138434107, 36.03336391967607 ], [ 14.236121264181687, 36.033556654673191 ], [ 14.235771482667934, 36.033685147072859 ], [ 14.235664407079339, 36.033692285815846 ], [ 14.23553591565434, 36.033727977341897 ], [ 14.23553591565434, 36.033613761786505 ], [ 14.235493085778229, 36.03345671930456 ], [ 14.235314625565584, 36.03306410664451 ], [ 14.235178997025681, 36.032642943219578 ], [ 14.235057645410581, 36.032535867117979 ], [ 14.234688827697633, 36.032641753292182 ], [ 14.234438984657537, 36.032861853956014 ], [ 14.234082066028842, 36.033105748057345 ], [ 14.233772735652353, 36.03320687524306 ], [ 14.233148127153827, 36.03356974226849 ], [ 14.2325711078058, 36.033771996771485 ], [ 14.232333162053362, 36.033950456964938 ], [ 14.232261778327608, 36.03414081289668 ], [ 14.232237982854061, 36.034259787299696 ], [ 14.232279624259046, 36.034414451285038 ], [ 14.23237480166172, 36.034604809001038 ], [ 14.2325711078058, 36.034890343986042 ], [ 14.232868540894696, 36.035175878662315 ], [ 14.233085816412459, 36.035359071974646 ], [ 14.233637313724948, 36.035584449781737 ], [ 14.233622442115433, 36.035658807986572 ], [ 14.23364326236876, 36.035789678169316 ], [ 14.233747363635466, 36.036012752718236 ], [ 14.233397106912914, 36.035994430943084 ], [ 14.233325010823165, 36.035979762333035 ], [ 14.233298240129395, 36.03601870064746 ], [ 14.233006755684311, 36.036143623039266 ], [ 14.23279260540542, 36.036339928113058 ], [ 14.232673631630869, 36.036423210358471 ], [ 14.232814380567895, 36.036542256860898 ], [ 14.233070173150104, 36.036893227322828 ], [ 14.233159401908964, 36.036964611089601 ], [ 14.233230785634715, 36.037190659862922 ], [ 14.233165350552776, 36.037333426792578 ], [ 14.233171300094885, 36.0374286058126 ], [ 14.233260528853744, 36.037565425225353 ], [ 14.233290272971137, 36.037720089983218 ], [ 14.233379502628294, 36.037928293235609 ], [ 14.233379502628294, 36.038023470810273 ], [ 14.23345683499786, 36.038213827793697 ], [ 14.233438989066421, 36.038457722755389 ], [ 14.23331620463845, 36.03889261371156 ], [ 14.233278134036693, 36.039235257253488 ], [ 14.233062292230134, 36.039960944978915 ], [ 14.232887914860431, 36.040269502081202 ], [ 14.233229159684035, 36.040345740093052 ], [ 14.233371928033836, 36.040413554932336 ], [ 14.233518263593611, 36.040463523303416 ], [ 14.233568233279588, 36.040431401353516 ], [ 14.233593217224296, 36.040388569645337 ], [ 14.233650324923541, 36.04040641607218 ], [ 14.233871614114001, 36.040577736915246 ], [ 14.233946566846354, 36.040545615011936 ], [ 14.233960843771158, 36.0405634606768 ], [ 14.233953705757921, 36.040609860258172 ], [ 14.233921582901679, 36.040670536033851 ], [ 14.233925151908281, 36.040734781904511 ], [ 14.234025090381971, 36.040998902217495 ], [ 14.234060782244844, 36.041063147093915 ], [ 14.234132165072268, 36.041141670233223 ], [ 14.234142872990436, 36.041234468687229 ], [ 14.23443197690001, 36.041148808300377 ], [ 14.234467668762887, 36.041177362015105 ], [ 14.234489084599257, 36.041273729818087 ], [ 14.234549761305106, 36.041427204761789 ], [ 14.234646128975532, 36.041609233690842 ], [ 14.234835296208079, 36.041573542104715 ], [ 14.234881314205124, 36.041743335763201 ], [ 14.235102985179582, 36.041756044286984 ], [ 14.235102985179582, 36.041830523778707 ], [ 14.235531288432325, 36.041959015753925 ], [ 14.23566691787056, 36.04205181397105 ], [ 14.235856085103075, 36.04214818215651 ], [ 14.23592032991726, 36.042041105903337 ], [ 14.23613448199278, 36.042183874208483 ], [ 14.236205865718532, 36.04221242682155 ], [ 14.236180880875526, 36.042280242232323 ], [ 14.236405739970918, 36.042394456114486 ], [ 14.236637737977876, 36.041969721653665 ], [ 14.237140993962971, 36.042112490088293 ], [ 14.237101733093494, 36.042230274287768 ], [ 14.237847694105419, 36.042394456114486 ], [ 14.237919077831171, 36.04237661013822 ], [ 14.23794049276921, 36.042298088230424 ], [ 14.237861970131926, 36.042280242232323 ], [ 14.23782984817398, 36.04208750534039 ], [ 14.237733479605257, 36.041826953686595 ], [ 14.237298038339279, 36.041080992641533 ], [ 14.237497912591664, 36.041006040297603 ], [ 14.237983322645322, 36.040920379662204 ], [ 14.238061845282642, 36.041209483660708 ], [ 14.238578611031285, 36.041095788869512 ], [ 14.238836360144173, 36.04104887094352 ], [ 14.238979126697345, 36.041034594064094 ], [ 14.239021958370087, 36.041170223224206 ], [ 14.239535921375053, 36.041188068747566 ], [ 14.239785765313449, 36.041177362015105 ], [ 14.239860718045835, 36.040984625329067 ], [ 14.239867856059073, 36.04073835131981 ], [ 14.239821457176324, 36.040513491642791 ], [ 14.239726040821791, 36.040224918252918 ], [ 14.239507368423745, 36.039449872690845 ], [ 14.239450260724531, 36.039182184234015 ], [ 14.239478813675806, 36.038828834135842 ], [ 14.239482382682443, 36.038486191004687 ], [ 14.239443121812965, 36.037980793968828 ], [ 14.23937887789711, 36.037438277198099 ], [ 14.239221831724175, 36.037216987115983 ], [ 14.238843498157442, 36.036545979013447 ], [ 14.23860793204218, 36.036089121974555 ], [ 14.238293843289599, 36.03553232809756 ], [ 14.238129660001759, 36.035268208336753 ], [ 14.237886954974929, 36.034611476931985 ], [ 14.237751326434992, 36.033483612252503 ], [ 14.237613186205571, 36.03306410664451 ] ] ] } },
{ "type": "Feature", "properties": { "LocalityId": 22, "LAU_Name": "Għajnsielem u Kemmuna", "LAU_Latin": "Għajnsielem and Comino", "Region": "Għawdex (Gozo)", "Area_Km2": 7.269683, "Population": 3523.0, "NUTS3": "MT002", "LAU": "MT02622", "GREAT_CID": null, "GREAT_CIN": null, "FUA_ID": null, "FUA_Name": "Gozo", "Shape__Are": 11136006.0986, "Shape__Len": 36525.076139700002 }, "geometry": { "type": "MultiPolygon", "coordinates": [ [ [ [ 14.325026402261932, 36.011251753183942 ], [ 14.325121579664605, 36.011166092164245 ], [ 14.325178687363852, 36.011156573782976 ], [ 14.325493200121228, 36.010983960184568 ], [ 14.325567119791021, 36.010983960184568 ], [ 14.325721205116755, 36.010937663776531 ], [ 14.325806864869014, 36.010899592314182 ], [ 14.326073365369389, 36.010661646166511 ], [ 14.326063846820647, 36.010604539129552 ], [ 14.326016257670144, 36.010566468232994 ], [ 14.325904336568907, 36.010520750724034 ], [ 14.325495120719324, 36.010397969851631 ], [ 14.325407116364209, 36.010442736238971 ], [ 14.325435669315516, 36.01052839586476 ], [ 14.325388080165016, 36.010585502956928 ], [ 14.32527157406256, 36.01064100482845 ], [ 14.325035919912382, 36.010642610734344 ], [ 14.324863382292401, 36.010697396811743 ], [ 14.324294879871589, 36.010671030176546 ], [ 14.324107640423646, 36.010738590801232 ], [ 14.324090373905568, 36.010786405304181 ], [ 14.324107580236541, 36.010842441123813 ], [ 14.324226902557397, 36.010918627684347 ], [ 14.324185507290784, 36.011096240051671 ], [ 14.324493403057808, 36.01122319879439 ], [ 14.324731348810246, 36.011280306109825 ], [ 14.324931223960965, 36.011270787742404 ], [ 14.325026402261932, 36.011251753183942 ] ] ], [ [ [ 14.323341743998935, 36.011147056127186 ], [ 14.323246564799636, 36.011128020812222 ], [ 14.323204049333873, 36.011164625785682 ], [ 14.323170421799526, 36.011308859752091 ], [ 14.323416758715053, 36.011616242198279 ], [ 14.323568302706834, 36.011690083128897 ], [ 14.323779564003793, 36.011632466005437 ], [ 14.323789081654242, 36.011575358945123 ], [ 14.323677465980182, 36.011346470322039 ], [ 14.323617761251429, 36.011327895023371 ], [ 14.323608242702683, 36.011270787742404 ], [ 14.323580250300129, 36.011228798350515 ], [ 14.32346118579574, 36.011238191012858 ], [ 14.323341743998935, 36.011147056127186 ] ] ], [ [ [ 14.338608365215842, 36.01998913285945 ], [ 14.338655955264642, 36.020046240362838 ], [ 14.338722578817709, 36.02006527570375 ], [ 14.338836794216165, 36.02006527570375 ], [ 14.33897956076934, 36.020046240362838 ], [ 14.339065222318194, 36.020008168940691 ], [ 14.3391413653183, 36.019932026041211 ], [ 14.339179435920055, 36.019855883794747 ], [ 14.339151615095714, 36.019823425031014 ], [ 14.338989079318084, 36.019817812280635 ], [ 14.338931971618837, 36.019789258814633 ], [ 14.338922453968424, 36.019722633778194 ], [ 14.33895100781803, 36.019646491329411 ], [ 14.33895100781803, 36.019541795251328 ], [ 14.338865347167475, 36.019465651901228 ], [ 14.338722578817709, 36.019370472973456 ], [ 14.338722578817709, 36.019332401951417 ], [ 14.338789204167368, 36.019303849036071 ], [ 14.338874864817925, 36.01937799010539 ], [ 14.338970043118891, 36.019418062815035 ], [ 14.339265807137984, 36.019413361885391 ], [ 14.339430673145452, 36.019438276809325 ], [ 14.339626775371993, 36.019427580925175 ], [ 14.339740988973823, 36.019399027317782 ], [ 14.339788578124322, 36.019303849036071 ], [ 14.339739292056272, 36.019174690159865 ], [ 14.33977905957558, 36.019103973979725 ], [ 14.339874238774879, 36.019103973979725 ], [ 14.33995521201628, 36.019120169362374 ], [ 14.340404464879731, 36.018712104284774 ], [ 14.340369167377279, 36.018656634979855 ], [ 14.340378684129398, 36.018609046131651 ], [ 14.340426274178196, 36.018599527922639 ], [ 14.340513414354039, 36.018613144047265 ], [ 14.340723840217764, 36.018422010207075 ], [ 14.340797943143862, 36.01827165180282 ], [ 14.340683255231532, 36.018190261284445 ], [ 14.340559523080923, 36.018180743024814 ], [ 14.340321577328483, 36.018190261284445 ], [ 14.340235916677928, 36.018152188965651 ], [ 14.340140738376958, 36.018076047179235 ], [ 14.340091382240297, 36.018009063213917 ], [ 14.340096216973143, 36.017989382167514 ], [ 14.340150256027371, 36.01794279705954 ], [ 14.34024543522667, 36.01779051082876 ], [ 14.340416459185409, 36.017478311909905 ], [ 14.340533752212057, 36.017423845886356 ], [ 14.340657636177943, 36.017322146230001 ], [ 14.340749879682896, 36.017276548167665 ], [ 14.340806987382141, 36.01720992318667 ], [ 14.34078795208128, 36.017171851847444 ], [ 14.340749879682896, 36.01714329814935 ], [ 14.340664219930671, 36.017114743714302 ], [ 14.340369167377279, 36.017086190722075 ], [ 14.340293024377173, 36.017029083980034 ], [ 14.340217117633971, 36.016941500125995 ], [ 14.340435840337687, 36.016822979848932 ], [ 14.340700079778504, 36.016705980164012 ], [ 14.341002008935371, 36.016628470974119 ], [ 14.341673110639743, 36.016429460326883 ], [ 14.341749253639849, 36.016362835356389 ], [ 14.341863468140012, 36.01622006675003 ], [ 14.342063343290727, 36.016029709659094 ], [ 14.342120450091677, 36.015944050198755 ], [ 14.34218603788719, 36.015658264163442 ], [ 14.342501159702332, 36.015516000000865 ], [ 14.342977055698833, 36.015468157122626 ], [ 14.343110306398184, 36.015506229284789 ], [ 14.343117748042008, 36.015550577877356 ], [ 14.343220629396551, 36.015574433900319 ], [ 14.343413040445554, 36.015534989933009 ], [ 14.343746758285411, 36.015509185858427 ], [ 14.34390028665568, 36.015468157122626 ], [ 14.34401450115584, 36.015468157122626 ], [ 14.344033535558404, 36.015563335677079 ], [ 14.344100160908065, 36.015601407066704 ], [ 14.344195340107365, 36.015696586186806 ], [ 14.344300856220633, 36.015750121893724 ], [ 14.344566535660862, 36.015734656785455 ], [ 14.344623643360107, 36.015715621125118 ], [ 14.344718820762781, 36.015648996277811 ], [ 14.34481399996208, 36.015487192842727 ], [ 14.344937732112689, 36.015372979179858 ], [ 14.345099534865021, 36.015258765351426 ], [ 14.345093993158027, 36.015086965097119 ], [ 14.345879998370396, 36.01503985365845 ], [ 14.34601324817142, 36.015001782724198 ], [ 14.346213123322139, 36.014820944263846 ], [ 14.34651769442427, 36.014706730362093 ], [ 14.34657480122522, 36.014611550773203 ], [ 14.34654624737558, 36.014440230130049 ], [ 14.346433224939799, 36.014403602699289 ], [ 14.346461988995195, 36.014338571674202 ], [ 14.346812746977658, 36.014202283770878 ], [ 14.346945122717941, 36.014230898117439 ], [ 14.347012622128377, 36.014268909114513 ], [ 14.347060211278876, 36.014259391107927 ], [ 14.347136354278986, 36.014211801784356 ], [ 14.347107800429379, 36.014006148785242 ], [ 14.347260086429594, 36.013926266692884 ], [ 14.347450442133235, 36.013793016823335 ], [ 14.347574174283844, 36.013688320962032 ], [ 14.347707424084868, 36.013602659683613 ], [ 14.347774049434561, 36.013507481668 ], [ 14.347764530885817, 36.013374231817068 ], [ 14.347874894308354, 36.013264033356805 ], [ 14.348078619638363, 36.013221946204929 ], [ 14.348230905638614, 36.013145803288538 ], [ 14.348354637789223, 36.01302207170999 ], [ 14.348544995289492, 36.012964964203114 ], [ 14.348602102090405, 36.012888821765117 ], [ 14.348573548240799, 36.012774607970208 ], [ 14.348573548240799, 36.012631840130531 ], [ 14.348687761842665, 36.012536660942651 ], [ 14.348754387192326, 36.012498590252619 ], [ 14.348897154643796, 36.012460518817512 ], [ 14.348935226143848, 36.012460518817512 ], [ 14.349001850595211, 36.012327268649997 ], [ 14.348868600794187, 36.012079804908829 ], [ 14.348744868643578, 36.011994144062314 ], [ 14.348725834241016, 36.011898966284349 ], [ 14.348868600794187, 36.011765715894214 ], [ 14.349077993595321, 36.011641984329238 ], [ 14.349239797245982, 36.011622947680486 ], [ 14.349287386396485, 36.011670537840438 ], [ 14.349591956600285, 36.011699091341278 ], [ 14.349610992799478, 36.011622947680486 ], [ 14.349610992799478, 36.011517770803657 ], [ 14.349957108288578, 36.011087672120375 ], [ 14.350058332251415, 36.011032841988531 ], [ 14.350163028202831, 36.010909109999808 ], [ 14.350400973955303, 36.010680682320746 ], [ 14.350562776707635, 36.010423700027268 ], [ 14.350743615659162, 36.010185753896423 ], [ 14.350791205707958, 36.01003346866429 ], [ 14.350781688057543, 36.009719380216026 ], [ 14.350715062707852, 36.009272040997629 ], [ 14.350667473557385, 36.009148309151904 ], [ 14.350491444185852, 36.009071774259439 ], [ 14.350479334895846, 36.008955310251011 ], [ 14.350411504905376, 36.008919699063057 ], [ 14.350250098310065, 36.009015099892267 ], [ 14.35002637738013, 36.008833403305516 ], [ 14.350039920381338, 36.008805959120224 ], [ 14.349870006740314, 36.008376078904028 ], [ 14.349877493299887, 36.008301221156394 ], [ 14.349915563901613, 36.008215559837183 ], [ 14.349915563901613, 36.008129899878277 ], [ 14.349877493299887, 36.008053757130028 ], [ 14.349763278799729, 36.00794906091275 ], [ 14.349572922197757, 36.007882436040845 ], [ 14.349459417366669, 36.007743161216517 ], [ 14.349416041314853, 36.007751970042705 ], [ 14.349285007657604, 36.007627020798878 ], [ 14.349182690445065, 36.007606417907105 ], [ 14.349085944583896, 36.007437203228811 ], [ 14.349007079688482, 36.007362000141271 ], [ 14.348995132993517, 36.007299102667723 ], [ 14.349058958294457, 36.007225705262499 ], [ 14.349068475944906, 36.007082936820062 ], [ 14.349001850595211, 36.007035348250753 ], [ 14.348821011643688, 36.007025830097433 ], [ 14.348763904842771, 36.006978240766955 ], [ 14.348716315692272, 36.006911615801322 ], [ 14.348706798041823, 36.006778365701223 ], [ 14.348659208891355, 36.006654634301896 ], [ 14.348564029692056, 36.006578490855489 ], [ 14.348326342654378, 36.006486035996183 ], [ 14.347897780686841, 36.006473794859147 ], [ 14.347602728133452, 36.00642620592216 ], [ 14.347440925381118, 36.00641668769525 ], [ 14.347393335332322, 36.006359581216735 ], [ 14.347423080348012, 36.006347970103626 ], [ 14.347431406832374, 36.006264401722746 ], [ 14.347242331227996, 36.006219717259313 ], [ 14.346936479128267, 36.006245366682165 ], [ 14.346898407628215, 36.00629295572832 ], [ 14.34695551532746, 36.006321508996898 ], [ 14.347136354278986, 36.006321508996898 ], [ 14.34722201403121, 36.00634054474574 ], [ 14.347231531681656, 36.006407170193938 ], [ 14.345737355784724, 36.00650424908951 ], [ 14.345556391069072, 36.006578490855489 ], [ 14.345575427268265, 36.006607044747305 ], [ 14.345575427268265, 36.006683186712792 ], [ 14.345423142166347, 36.006673669970304 ], [ 14.345346999166239, 36.006607044747305 ], [ 14.345337480617493, 36.006540420194753 ], [ 14.345346900351558, 36.006465070186522 ], [ 14.344375393931326, 36.005938812803443 ], [ 14.344109678558514, 36.005912241828057 ], [ 14.343909804306092, 36.005874170845566 ], [ 14.34376076571562, 36.005800830976433 ], [ 14.343471984301233, 36.005807545673662 ], [ 14.343234037650461, 36.005769473913951 ], [ 14.342998262227743, 36.005704671943334 ], [ 14.342524920141594, 36.005644980076106 ], [ 14.342069159882202, 36.005470020243088 ], [ 14.341948693107673, 36.005463753892244 ], [ 14.341616003838826, 36.005322136264084 ], [ 14.341341634096544, 36.005277329180409 ], [ 14.34035013117809, 36.005265028992746 ], [ 14.339988453275041, 36.005188885657738 ], [ 14.339692080198185, 36.005313960125036 ], [ 14.339116080437998, 36.005293980140436 ], [ 14.339050371369909, 36.005201025255602 ], [ 14.338998596968533, 36.005046117887254 ], [ 14.338893901017114, 36.005021010197005 ], [ 14.338467000034509, 36.005021010197005 ], [ 14.337938879580687, 36.00482597876443 ], [ 14.337466493302012, 36.004785961859575 ], [ 14.337142617404423, 36.004903351311697 ], [ 14.336971296103311, 36.004931904356802 ], [ 14.336685761200371, 36.005046117887254 ], [ 14.336478800138684, 36.005209481187556 ], [ 14.336343117699853, 36.005245992984172 ], [ 14.33622890409799, 36.005322136264084 ], [ 14.336105171947413, 36.00533165389637 ], [ 14.335819637044438, 36.005417313988772 ], [ 14.335454839292403, 36.005435873239264 ], [ 14.335412748729768, 36.005422073162677 ], [ 14.335305673141173, 36.005433970006088 ], [ 14.335186700264922, 36.005410176317412 ], [ 14.335174802977297, 36.005338792301501 ], [ 14.335198597552546, 36.005053257044956 ], [ 14.335246186703046, 36.004910489028937 ], [ 14.335186700264922, 36.004827208354129 ], [ 14.334901165361979, 36.00475582381042 ], [ 14.334829062085719, 36.004800442246307 ], [ 14.334540119872889, 36.00479409227075 ], [ 14.334511688194153, 36.004785267853222 ], [ 14.334496656684488, 36.004720132240998 ], [ 14.334472862109239, 36.004684439928745 ], [ 14.334092148006997, 36.004684439928745 ], [ 14.333996969706027, 36.004636850638448 ], [ 14.3338898941174, 36.004541672698309 ], [ 14.333747126665926, 36.004458390907267 ], [ 14.333497282727533, 36.004363212751706 ], [ 14.332938110209273, 36.004184753127909 ], [ 14.332723958133723, 36.004137164262694 ], [ 14.33234324492981, 36.004137164262694 ], [ 14.332152888327839, 36.004172856096005 ], [ 14.331974428115197, 36.004315623994202 ], [ 14.331807866088475, 36.00448218633656 ], [ 14.331714523943907, 36.004553303698607 ], [ 14.331546124862454, 36.004541672698309 ], [ 14.331327215309171, 36.004608296759777 ], [ 14.331213000809012, 36.004617815204945 ], [ 14.330946501206929, 36.004608296759777 ], [ 14.329842431298559, 36.004484564861734 ], [ 14.329242806744707, 36.004465530118196 ], [ 14.328053076185812, 36.004341797996055 ], [ 14.326977560127045, 36.004294209225684 ], [ 14.326730095825827, 36.004227584172092 ], [ 14.326406489422835, 36.004199030145202 ], [ 14.325797347218565, 36.004189511649479 ], [ 14.324988330761879, 36.003913495121445 ], [ 14.324474366858615, 36.003713620280273 ], [ 14.324407742407251, 36.003761208674391 ], [ 14.324436296256858, 36.003846869746219 ], [ 14.324499940098118, 36.003877994297234 ], [ 14.324641383432869, 36.004018464855612 ], [ 14.324797974159942, 36.004056262035853 ], [ 14.324883633912165, 36.004113370182679 ], [ 14.32494074071308, 36.004227584172092 ], [ 14.325112062912488, 36.004265655222923 ], [ 14.325216758863904, 36.00427517298273 ], [ 14.325302418616165, 36.004303726255316 ], [ 14.325369043965823, 36.004360832769471 ], [ 14.325397597815432, 36.004446493916603 ], [ 14.3254388421651, 36.004484564861734 ], [ 14.325711686568011, 36.004484564861734 ], [ 14.326006740019729, 36.004551189698127 ], [ 14.326492150073387, 36.004808172239862 ], [ 14.326621009807628, 36.005037235361449 ], [ 14.326846919931924, 36.005196960071096 ], [ 14.326899492935588, 36.005426965322783 ], [ 14.327044184578408, 36.00556008181379 ], [ 14.327082256078461, 36.005893205975752 ], [ 14.327082256078461, 36.006235849160134 ], [ 14.327167916729017, 36.006350062981831 ], [ 14.327253577379572, 36.00642620592216 ], [ 14.327643809132228, 36.00651186627875 ], [ 14.327976934084003, 36.006540420194753 ], [ 14.328252951336527, 36.006578490855489 ], [ 14.32858607628827, 36.006721258757928 ], [ 14.328738361390185, 36.006844990779449 ], [ 14.328814504390294, 36.006987758199323 ], [ 14.328852574992016, 36.00714004422808 ], [ 14.328909681792965, 36.007292329235952 ], [ 14.328985824793074, 36.007416061087881 ], [ 14.328995343341818, 36.007596899822666 ], [ 14.328957271841764, 36.007768222259045 ], [ 14.328900164142519, 36.007930024825527 ], [ 14.32888494578329, 36.008044164251785 ], [ 14.328928717992158, 36.008110863834773 ], [ 14.329280878244759, 36.008415434892711 ], [ 14.329671109997447, 36.008577238310934 ], [ 14.329766288298453, 36.008681935147365 ], [ 14.32981387744892, 36.00877711317613 ], [ 14.32986146659942, 36.008967470342391 ], [ 14.329851948948972, 36.009043612934832 ], [ 14.329804359798505, 36.009129273354247 ], [ 14.329794842148056, 36.009253005229866 ], [ 14.329747252997556, 36.009367219040634 ], [ 14.329652073798254, 36.009452879835102 ], [ 14.329366538895316, 36.009519504833122 ], [ 14.328852574992016, 36.009529022685385 ], [ 14.3287478790406, 36.009604978709554 ], [ 14.32864404726849, 36.009613408735888 ], [ 14.328557522438661, 36.009690825998092 ], [ 14.328403824286811, 36.009678817890844 ], [ 14.328387332116499, 36.009751990653541 ], [ 14.328510334835096, 36.009827963902737 ], [ 14.328738361390185, 36.009862146790674 ], [ 14.328881128841658, 36.009900218753998 ], [ 14.328909681792965, 36.00998587896936 ], [ 14.328728842841441, 36.010042985727821 ], [ 14.328633665438769, 36.01012758922586 ], [ 14.328633665438769, 36.010309486293806 ], [ 14.328576557739522, 36.010471288731225 ], [ 14.328496401066717, 36.010572652066337 ], [ 14.328383039966067, 36.010775969840985 ], [ 14.328226834616247, 36.010782472658519 ], [ 14.327757752341201, 36.010446147889184 ], [ 14.327786305292507, 36.010299574687465 ], [ 14.327744426732256, 36.010166323773696 ], [ 14.327710919572189, 36.010115393707125 ], [ 14.327710919572189, 36.010081306121371 ], [ 14.327748505083679, 36.009995396765312 ], [ 14.32773898743323, 36.009938289972332 ], [ 14.327685758659383, 36.009854008182216 ], [ 14.327663040265859, 36.009761039780479 ], [ 14.32728240431703, 36.009614958709641 ], [ 14.327041204866605, 36.009701439637325 ], [ 14.326958523927852, 36.00981455771894 ], [ 14.326910934777384, 36.009928772169488 ], [ 14.326891898578193, 36.010023950872942 ], [ 14.326825274126833, 36.010062022031448 ], [ 14.32677768497633, 36.010062022031448 ], [ 14.326577810723943, 36.010156101139394 ], [ 14.326577810723943, 36.010261896765506 ], [ 14.326500554711165, 36.010354698898752 ], [ 14.326503723069195, 36.010411043127533 ], [ 14.326668171360048, 36.010531370791483 ], [ 14.326817313256786, 36.010540214185575 ], [ 14.326977560127045, 36.010518878859834 ], [ 14.326968041578303, 36.010595020680483 ], [ 14.32622865713256, 36.010981498290633 ], [ 14.326073365369389, 36.011042359658077 ], [ 14.325940114670038, 36.011213681146678 ], [ 14.32583541871862, 36.011299342114718 ], [ 14.325664097417508, 36.011413555867236 ], [ 14.325340491014513, 36.011784751781832 ], [ 14.325207241213491, 36.011870412129234 ], [ 14.324978813111464, 36.011975108951916 ], [ 14.324851022372401, 36.012113431666847 ], [ 14.324541840217904, 36.012239010336131 ], [ 14.324458973327886, 36.012432498217969 ], [ 14.324483885407361, 36.012479553810749 ], [ 14.324455330659422, 36.012536660942651 ], [ 14.324385778598552, 36.012603398142872 ], [ 14.324350054396314, 36.012686813023954 ], [ 14.324436296256858, 36.012850749791887 ], [ 14.324417260057666, 36.012888821765117 ], [ 14.324332159057569, 36.01286045471349 ], [ 14.324330338172485, 36.01287819692886 ], [ 14.324226902557397, 36.012888821765117 ], [ 14.324181119918958, 36.012960990248075 ], [ 14.323965120008877, 36.013428989837372 ], [ 14.323988880448137, 36.013643009994631 ], [ 14.324144135380395, 36.01389435699479 ], [ 14.324236421106143, 36.013954820103258 ], [ 14.324303045557507, 36.014030962964775 ], [ 14.324331599407145, 36.014126141074911 ], [ 14.324312564106249, 36.014164213158693 ], [ 14.324113607033768, 36.014213141674091 ], [ 14.323963894706838, 36.014330753240806 ], [ 14.323953901847624, 36.014417840808477 ], [ 14.323863958029774, 36.014586307345326 ], [ 14.32381113529445, 36.014623425884622 ], [ 14.32376830362171, 36.014707658978345 ], [ 14.323783541743873, 36.014749563682763 ], [ 14.323721189680006, 36.014850426691261 ], [ 14.32374688778534, 36.014940370006883 ], [ 14.323791173830514, 36.014965281258647 ], [ 14.323844879609785, 36.015183989707367 ], [ 14.324106718752159, 36.015290009647771 ], [ 14.324236421106143, 36.015249246737795 ], [ 14.324341117057559, 36.015296836161539 ], [ 14.324455330659422, 36.015363461306592 ], [ 14.324560028407467, 36.015449122124551 ], [ 14.324569545159585, 36.015601407066704 ], [ 14.324512438358667, 36.015715621125118 ], [ 14.32442523260584, 36.015732915107755 ], [ 14.324379188557613, 36.015696586186806 ], [ 14.324350634708006, 36.01562996132342 ], [ 14.324264974057449, 36.015648996277811 ], [ 14.324207867256536, 36.015744175340508 ], [ 14.324207867256536, 36.015820317926604 ], [ 14.324331599407145, 36.015963085077296 ], [ 14.32433920184938, 36.016159689665223 ], [ 14.3242744917079, 36.016258137822412 ], [ 14.324188831955675, 36.016267656314199 ], [ 14.324150759557291, 36.016296210329585 ], [ 14.323979439154511, 36.016372353108977 ], [ 14.323877183925706, 36.016443931308942 ], [ 14.323854461938923, 36.01630824503961 ], [ 14.323815201967744, 36.016247568662088 ], [ 14.323715264392385, 36.016210687033613 ], [ 14.323610568440968, 36.016194031113329 ], [ 14.323476128372157, 36.016274933236772 ], [ 14.323410693290253, 36.016380818741666 ], [ 14.323384519077823, 36.016458150884546 ], [ 14.323377380166257, 36.016560467812276 ], [ 14.323289339878524, 36.016567605927264 ], [ 14.323190592570919, 36.016809122184711 ], [ 14.323091845263315, 36.016859090271588 ], [ 14.32303830657067, 36.016986392131166 ], [ 14.322906247037402, 36.017030412196313 ], [ 14.322811068736399, 36.017080380142943 ], [ 14.322709941791617, 36.017233854999631 ], [ 14.322485082696225, 36.017293341911788 ], [ 14.322448200565596, 36.017401607090257 ], [ 14.322471995140848, 36.017458715015529 ], [ 14.322716999854812, 36.017564040181973 ], [ 14.322831152371206, 36.017962888639062 ], [ 14.322941993697501, 36.018037974805253 ], [ 14.322970548445436, 36.018161707228742 ], [ 14.322970548445436, 36.018256886163279 ], [ 14.323084762047301, 36.018342546016171 ], [ 14.323198975649133, 36.018361581768623 ], [ 14.323370296950245, 36.01842820722915 ], [ 14.323436999555021, 36.018500040045339 ], [ 14.32338912024869, 36.018656010120772 ], [ 14.323677120128799, 36.018792990018319 ], [ 14.323916879579814, 36.018714959743512 ], [ 14.324397841176179, 36.018597959961063 ], [ 14.324422561914503, 36.018582082713621 ], [ 14.324550509858724, 36.018390135751908 ], [ 14.324645688159691, 36.018304475224141 ], [ 14.324788107064856, 36.018347305136359 ], [ 14.324918485850223, 36.018411870020728 ], [ 14.325020679993589, 36.018338291144545 ], [ 14.325054955213243, 36.018256886163279 ], [ 14.325118557732004, 36.0180183773235 ], [ 14.325429961420195, 36.017681040046256 ], [ 14.325717961300269, 36.017701019797784 ], [ 14.326341840366787, 36.018071009760313 ], [ 14.326966467729919, 36.018578016039356 ], [ 14.327367791879736, 36.018827955903355 ], [ 14.327615256180954, 36.019094455830448 ], [ 14.327662845331421, 36.019303849036071 ], [ 14.327828484788355, 36.019564664107982 ], [ 14.327971386987125, 36.019659640087909 ], [ 14.328386201137551, 36.0196845621997 ], [ 14.328567040089077, 36.019656008685423 ], [ 14.328700289890131, 36.019589384262865 ], [ 14.32882402204074, 36.019494204757947 ], [ 14.328909681792965, 36.019399027317782 ], [ 14.329042931593989, 36.019142045112119 ], [ 14.329023896293128, 36.01876133078072 ], [ 14.328976307142625, 36.018628081819728 ], [ 14.328900164142519, 36.018513868349018 ], [ 14.328871611191209, 36.018409170766262 ], [ 14.328871611191209, 36.018133153889231 ], [ 14.32882402204074, 36.018009422147578 ], [ 14.328742016635076, 36.017890617927648 ], [ 14.328868907262212, 36.017853449339256 ], [ 14.328909681792965, 36.017685815191363 ], [ 14.329004860992267, 36.017495458007708 ], [ 14.3290729703588, 36.017491200910534 ], [ 14.32908242243219, 36.017470123952961 ], [ 14.329069948426163, 36.017425288170912 ], [ 14.329004860992267, 36.017352690726469 ], [ 14.328957271841764, 36.01720992318667 ], [ 14.328987400438082, 36.017128577347201 ], [ 14.32894346114259, 36.016925701743823 ], [ 14.328935214608267, 36.01677828102568 ], [ 14.328862092642465, 36.016743548922477 ], [ 14.32882402204074, 36.016667405775095 ], [ 14.328852574992016, 36.016600781005756 ], [ 14.328938235642571, 36.01654367391199 ], [ 14.329074455273934, 36.016549297067918 ], [ 14.329110147136808, 36.016586416136015 ], [ 14.329142831440103, 36.016738845653457 ], [ 14.329215671334918, 36.016843849899473 ], [ 14.32928229578628, 36.016874306663077 ], [ 14.329329884936779, 36.016801971012832 ], [ 14.32932417524483, 36.016465039058204 ], [ 14.3292792567857, 36.016446015199868 ], [ 14.329261480922835, 36.016420805783149 ], [ 14.329242920830771, 36.016386542180207 ], [ 14.329242806744707, 36.016343799121167 ], [ 14.329318949744813, 36.01632476288141 ], [ 14.329461717196317, 36.016248620782591 ], [ 14.329671109997447, 36.016248620782591 ], [ 14.329785323599314, 36.016448495088184 ], [ 14.329870985148165, 36.016695958919044 ], [ 14.329985198750029, 36.016772102038786 ], [ 14.330327841352217, 36.016905351958087 ], [ 14.330461091153239, 36.016991011826839 ], [ 14.330527715604603, 36.017057636992902 ], [ 14.330622893905606, 36.017124262102634 ], [ 14.330670483056108, 36.017267029797672 ], [ 14.330584823303848, 36.01729558272438 ], [ 14.330489704291688, 36.017267148958972 ], [ 14.330308805153024, 36.017276548167665 ], [ 14.330295741852167, 36.017367994213757 ], [ 14.330366918965385, 36.017458409120565 ], [ 14.330639880149322, 36.017544959914872 ], [ 14.330686549424962, 36.01787362595234 ], [ 14.330832286706736, 36.017999903866098 ], [ 14.331270107609924, 36.018275921209764 ], [ 14.331412875061398, 36.018409170766262 ], [ 14.331575518636846, 36.018618740172087 ], [ 14.331565161061611, 36.018875546072493 ], [ 14.331527088663261, 36.01904686724663 ], [ 14.331460465110194, 36.019218188048313 ], [ 14.331289142910789, 36.019408544703687 ], [ 14.331289142910789, 36.019484688108975 ], [ 14.331355768260481, 36.019551313346582 ], [ 14.331460465110194, 36.019560829987512 ], [ 14.331660339362616, 36.019522759057438 ], [ 14.331889080078366, 36.019456019723691 ], [ 14.332079124066613, 36.019465651901228 ], [ 14.332183820916327, 36.019589384262865 ], [ 14.332259963018137, 36.019656008685423 ], [ 14.332564534120271, 36.019617937074749 ], [ 14.332669230969985, 36.019598902352364 ], [ 14.332869105222404, 36.019465651901228 ], [ 14.332945248222513, 36.019370472973456 ], [ 14.333040427421812, 36.019275294657263 ], [ 14.333107051873174, 36.019227706182647 ], [ 14.333145123373228, 36.01908493768007 ], [ 14.333106167032598, 36.018961577987248 ], [ 14.333478165679967, 36.018810454071698 ], [ 14.333592461926832, 36.018713741995725 ], [ 14.333668604028642, 36.018675670656428 ], [ 14.33372571082956, 36.018675670656428 ], [ 14.33383992622805, 36.018780367158605 ], [ 14.33393510363072, 36.018789885345761 ], [ 14.334144497330183, 36.018780367158605 ], [ 14.334239749293015, 36.018697949781462 ], [ 14.334439549883571, 36.018666153182011 ], [ 14.33456328203418, 36.018618564339548 ], [ 14.334772673937016, 36.018561457254698 ], [ 14.334791710136173, 36.018456759735166 ], [ 14.33487737078673, 36.018466277961465 ], [ 14.334939297049173, 36.018496404956501 ], [ 14.335190508223418, 36.018491005726666 ], [ 14.335315190791588, 36.01841868899826 ], [ 14.335343744641227, 36.018390135751908 ], [ 14.33533422699078, 36.018342546016171 ], [ 14.33536278084042, 36.018304475224141 ], [ 14.335467476791836, 36.018304475224141 ], [ 14.335515065942307, 36.018390135751908 ], [ 14.335638798092916, 36.018390135751908 ], [ 14.335962405394239, 36.018266403687129 ], [ 14.336124208146574, 36.018171224764082 ], [ 14.336136357860816, 36.017995045909174 ], [ 14.336170917846413, 36.01795994596263 ], [ 14.336224733220131, 36.017947078109664 ], [ 14.336279461282199, 36.017891159961884 ], [ 14.336341327357506, 36.017769808144337 ], [ 14.336354414014552, 36.017701992700687 ], [ 14.336345553930915, 36.017621621726214 ], [ 14.336387083046496, 36.017519564842409 ], [ 14.3363815934418, 36.017390485146748 ], [ 14.336362153899044, 36.017362208359515 ], [ 14.336362153899044, 36.017076673055705 ], [ 14.336400226297394, 36.016943422699448 ], [ 14.336381190098237, 36.016638851894179 ], [ 14.336447815447897, 36.016458012830419 ], [ 14.336485886049653, 36.016410424107754 ], [ 14.336628654399423, 36.016353316876049 ], [ 14.33690467075362, 36.01631524584964 ], [ 14.337313938705499, 36.01631524584964 ], [ 14.337542366807526, 36.016372353108977 ], [ 14.337628026559749, 36.016448495088184 ], [ 14.33754492341283, 36.016633171343329 ], [ 14.337641822885905, 36.016706682058036 ], [ 14.337740024017808, 36.016608480051687 ], [ 14.337794879640629, 36.016647029765103 ], [ 14.337866881407287, 36.017388000201954 ], [ 14.338019265323885, 36.017911439014057 ], [ 14.338177016674274, 36.018184561954165 ], [ 14.338236070124433, 36.018218813876665 ], [ 14.338341865613764, 36.018218813876665 ], [ 14.338484633065233, 36.018304475224141 ], [ 14.338579812264536, 36.018628081819728 ], [ 14.338560776065343, 36.018770848970235 ], [ 14.338370418565074, 36.018980242309127 ], [ 14.338361087764223, 36.019034671654751 ], [ 14.337999444895461, 36.019328623039243 ], [ 14.337818384060053, 36.019360956309541 ], [ 14.337694651909445, 36.019532277154994 ], [ 14.337399599356056, 36.019741669197231 ], [ 14.337390080807308, 36.019827330342544 ], [ 14.337628026559749, 36.019884437236598 ], [ 14.337879561127517, 36.019969859185792 ], [ 14.33796115240982, 36.020027205017385 ], [ 14.337989706259458, 36.020074793735716 ], [ 14.338075366011685, 36.020122383151957 ], [ 14.338256204963209, 36.020103347098313 ], [ 14.338256204963209, 36.020036723053941 ], [ 14.338113436613407, 36.01998913285945 ], [ 14.338032086977922, 36.019936836651787 ], [ 14.338111736102602, 36.019919592998335 ], [ 14.338170545210984, 36.019855883794747 ], [ 14.338360900914624, 36.019865401125472 ], [ 14.338608365215842, 36.01998913285945 ] ] ], [ [ [ 14.323132351197771, 36.012260643845096 ], [ 14.323018136697607, 36.012298714650051 ], [ 14.322903923095744, 36.012308232893396 ], [ 14.322725301186356, 36.012175244785524 ], [ 14.322614040346817, 36.012153960040486 ], [ 14.322373919773071, 36.012251969950995 ], [ 14.322373919773071, 36.012465989670957 ], [ 14.322638160112216, 36.012759029649757 ], [ 14.322708019396895, 36.01277163385479 ], [ 14.322954162276348, 36.012676122036652 ], [ 14.323189457998719, 36.012384375892232 ], [ 14.323189457998719, 36.012289197858841 ], [ 14.323132351197771, 36.012260643845096 ] ] ], [ [ [ 14.321266853983213, 36.014982746886865 ], [ 14.321293920222725, 36.01492397975916 ], [ 14.321703159428532, 36.014357274148516 ], [ 14.32185695998832, 36.014326015676666 ], [ 14.321961655939738, 36.014259391107927 ], [ 14.32209490574076, 36.014097587726596 ], [ 14.322190084041763, 36.013945302058737 ], [ 14.322190084041763, 36.01383631786026 ], [ 14.32223550376084, 36.013778913026975 ], [ 14.322304299440221, 36.013783498759274 ], [ 14.322361406241169, 36.013745427944826 ], [ 14.322353637610572, 36.013629605186345 ], [ 14.322517919713126, 36.013421969878593 ], [ 14.322589919683153, 36.013089960210458 ], [ 14.322361632616605, 36.012921313903561 ], [ 14.322380440643736, 36.0126889471521 ], [ 14.322304299440221, 36.012593768759821 ], [ 14.322171048740868, 36.012527144180126 ], [ 14.322016207033677, 36.012551740834319 ], [ 14.321615313176872, 36.012517436310993 ], [ 14.321561907434932, 36.012612803720828 ], [ 14.321571425085379, 36.012822196708207 ], [ 14.321580941837496, 36.012879304318517 ], [ 14.321666603386349, 36.012936411160808 ], [ 14.321695157235954, 36.012993517961725 ], [ 14.321704673988073, 36.013079179175492 ], [ 14.321695157235954, 36.013126767729609 ], [ 14.321647567187156, 36.013145803288538 ], [ 14.321552388886186, 36.013050624721316 ], [ 14.321439250567716, 36.013020858234057 ], [ 14.321437920162781, 36.013050990217202 ], [ 14.321352513735471, 36.013085700695441 ], [ 14.321352513735471, 36.013117250311744 ], [ 14.321295406934521, 36.013231464336805 ], [ 14.321238300133606, 36.013279052799035 ], [ 14.32112365803536, 36.01317871386042 ], [ 14.321047942633337, 36.013088695871367 ], [ 14.320695783279, 36.012974481639425 ], [ 14.320457836628229, 36.01283171488835 ], [ 14.320115194026043, 36.012727017750187 ], [ 14.319953391273708, 36.012593768759821 ], [ 14.319886765924016, 36.012451001319192 ], [ 14.319763033773439, 36.012365340149415 ], [ 14.319476225059415, 36.012261398096705 ], [ 14.319210999268387, 36.012089323178614 ], [ 14.319068231816916, 36.011956073110269 ], [ 14.318992088816808, 36.011841858690445 ], [ 14.318868356666199, 36.011813305241304 ], [ 14.318820768414028, 36.011918002139772 ], [ 14.318678000064226, 36.01210835898808 ], [ 14.318658963865069, 36.012222573021766 ], [ 14.318525714064013, 36.012412929861163 ], [ 14.318485077873811, 36.01252467870119 ], [ 14.318470805440594, 36.012536262745662 ], [ 14.318401982811734, 36.012508107745191 ], [ 14.318164036160963, 36.012584251277602 ], [ 14.318106929360015, 36.012536660942651 ], [ 14.318040304010355, 36.012527144180126 ], [ 14.317973679558991, 36.012574733067581 ], [ 14.317973679558991, 36.012641358333653 ], [ 14.317935608058937, 36.012727017750187 ], [ 14.317830912107519, 36.012765089783173 ], [ 14.317773805306571, 36.012869786144122 ], [ 14.31773573290822, 36.01306966102522 ], [ 14.317716697607359, 36.013307607170454 ], [ 14.317688143757719, 36.013469409993597 ], [ 14.317440680354832, 36.013992892269847 ], [ 14.317400346896886, 36.014221095997357 ], [ 14.317363920212118, 36.014588836702146 ], [ 14.317454597953528, 36.014676848968186 ], [ 14.317643881068737, 36.014689979663807 ], [ 14.318436961412248, 36.014319000157471 ], [ 14.319253080847883, 36.014338980034708 ], [ 14.320236959764504, 36.014963039653225 ], [ 14.320401534717812, 36.014956957890369 ], [ 14.320448318977814, 36.014859015285445 ], [ 14.320495908128283, 36.014849498076742 ], [ 14.320562767039956, 36.014950999651511 ], [ 14.320657711778946, 36.015001782724198 ], [ 14.320829033080056, 36.015011300641135 ], [ 14.320933729031472, 36.014992264806104 ], [ 14.321219263934415, 36.014992264806104 ], [ 14.321266853983213, 36.014982746886865 ] ] ], [ [ [ 14.283272294631059, 36.034179656957008 ], [ 14.283691080233355, 36.034141583646942 ], [ 14.284214560888771, 36.034236764345074 ], [ 14.284433472238645, 36.034293870965335 ], [ 14.284728524792033, 36.034389047847249 ], [ 14.284995024394114, 36.034379530091606 ], [ 14.285185380996085, 36.034265316933926 ], [ 14.28536621994761, 36.034093994707618 ], [ 14.285594648947965, 36.033951227717068 ], [ 14.285727897850691, 36.033884602306514 ], [ 14.285727897850691, 36.034103513224224 ], [ 14.285832594700405, 36.0341606206675 ], [ 14.286260897953147, 36.034189174010407 ], [ 14.286803414807755, 36.034341459783896 ], [ 14.286936664608778, 36.034389047847249 ], [ 14.287307861060604, 36.034446155809945 ], [ 14.287384003162382, 36.034560370158211 ], [ 14.287726645764568, 36.034646031173978 ], [ 14.287755198715878, 36.034722173655823 ], [ 14.288402413318531, 36.034950600659819 ], [ 14.288602287570916, 36.03499819126089 ], [ 14.288897341022635, 36.034893495242216 ], [ 14.289078179974158, 36.034950600659819 ], [ 14.289211429775216, 36.035026745026549 ], [ 14.289335161027495, 36.035140959259323 ], [ 14.289582625328713, 36.035112404808629 ], [ 14.290781874436352, 36.035198065950368 ], [ 14.291019820188826, 36.035179029907006 ], [ 14.291828835747181, 36.035188548292489 ], [ 14.292390388800946, 36.035017227347957 ], [ 14.292818692053688, 36.034950600659819 ], [ 14.293132780806269, 36.034960119072899 ], [ 14.293646744709568, 36.035017227347957 ], [ 14.293884691360338, 36.035055298055461 ], [ 14.294217815413779, 36.035026745026549 ], [ 14.294436725865358, 36.03485542300362 ], [ 14.294826956719715, 36.03460796026863 ], [ 14.295074421020933, 36.034550851696814 ], [ 14.295426581273571, 36.034598441812996 ], [ 14.295838227964296, 36.034598441812996 ], [ 14.295721634725256, 36.03451278074548 ], [ 14.29527429617165, 36.034132065861392 ], [ 14.295226707021151, 36.033998818195556 ], [ 14.295340920623014, 36.033951227717068 ], [ 14.296425955230523, 36.033817976839593 ], [ 14.29695895443465, 36.033722799993996 ], [ 14.29703509743479, 36.033656175116619 ], [ 14.297063651284398, 36.033484853744625 ], [ 14.296987508284289, 36.033380157893667 ], [ 14.296016688176941, 36.032961371645094 ], [ 14.295759706225308, 36.032885229640335 ], [ 14.295693080875649, 36.032790050214757 ], [ 14.295816813026224, 36.032666318968865 ], [ 14.296787633133572, 36.032342712638382 ], [ 14.297774039909394, 36.032430928096616 ], [ 14.298499626232385, 36.032617505793681 ], [ 14.299118286087065, 36.032712683974836 ], [ 14.299201567100443, 36.03233197128646 ], [ 14.299142079764019, 36.032165408952082 ], [ 14.299082594224188, 36.032058332927789 ], [ 14.298963621347969, 36.031963154682366 ], [ 14.29886844214867, 36.031856079109602 ], [ 14.298689982834324, 36.031713310968549 ], [ 14.298452037081884, 36.031630030280951 ], [ 14.298154603992986, 36.031499159724632 ], [ 14.297785788076668, 36.031249315991992 ], [ 14.297714404350948, 36.031130342853416 ], [ 14.297678711589775, 36.031023268327942 ], [ 14.297690608877367, 36.03090429484795 ], [ 14.297761992603119, 36.030785321188198 ], [ 14.297940451917468, 36.030606861814675 ], [ 14.29802373382914, 36.03045219689092 ], [ 14.298071322979641, 36.030273736762695 ], [ 14.298035631116766, 36.030047689204963 ], [ 14.298107014842484, 36.029726460776985 ], [ 14.29821409132941, 36.029607488244274 ], [ 14.298368755170209, 36.029476617960121 ], [ 14.29863049639623, 36.029107801063482 ], [ 14.298737571984825, 36.028917445318804 ], [ 14.298725674697199, 36.02873898534606 ], [ 14.298666188259107, 36.028477243854162 ], [ 14.298678084648401, 36.028286887312326 ], [ 14.299225360777363, 36.028560524969031 ], [ 14.301161482641225, 36.029212990063236 ], [ 14.302279830372731, 36.029569908909828 ], [ 14.303074569904581, 36.02981737294364 ], [ 14.304659290592255, 36.030221881812331 ], [ 14.304906754893473, 36.030274230037982 ], [ 14.305020969393635, 36.029983935884218 ], [ 14.305220843646021, 36.029403347273245 ], [ 14.305101870769802, 36.029084499086061 ], [ 14.305071486153643, 36.028968023966705 ], [ 14.30516045080779, 36.028948198180899 ], [ 14.305439682232398, 36.028919998189636 ], [ 14.305659973394581, 36.028915310903621 ], [ 14.306048380668932, 36.02899508481223 ], [ 14.306110834242405, 36.028989482885976 ], [ 14.30613059897531, 36.02882858225869 ], [ 14.306296864557989, 36.028286864064576 ], [ 14.306464864787465, 36.027965804994587 ], [ 14.306572489246719, 36.027832249034411 ], [ 14.306686590559146, 36.027797127315878 ], [ 14.306973027370638, 36.027783873846822 ], [ 14.307438104956159, 36.027491367044767 ], [ 14.307549083724677, 36.027393610019004 ], [ 14.307498661287797, 36.027282993081947 ], [ 14.307247689065379, 36.027019149337775 ], [ 14.307262502284416, 36.02700432576404 ], [ 14.30760878665677, 36.026863200901374 ], [ 14.307620032665833, 36.026836429925503 ], [ 14.307606054879997, 36.026755842324135 ], [ 14.30786765507054, 36.026644044644719 ], [ 14.308399025629061, 36.026362851899911 ], [ 14.308017123954023, 36.026371075258339 ], [ 14.307851671346686, 36.026332892830048 ], [ 14.307685108421634, 36.026320996234809 ], [ 14.307578032833039, 36.026273406203202 ], [ 14.307443025028997, 36.026287119080656 ], [ 14.307209322917911, 36.026286641763562 ], [ 14.306768442352906, 36.026321833900468 ], [ 14.306507275150331, 36.026439968645306 ], [ 14.306329079940699, 36.026466029957241 ], [ 14.306127119800218, 36.026450999950995 ], [ 14.305856876020004, 36.02651208185523 ], [ 14.305530469568287, 36.026520841360849 ], [ 14.305173550041264, 36.026580327074399 ], [ 14.305066473554339, 36.026699299819754 ], [ 14.305043880026641, 36.026898030254976 ], [ 14.305098960228271, 36.027080014303678 ], [ 14.304870168308588, 36.027204936342301 ], [ 14.304548940644441, 36.027329856729871 ], [ 14.304150380610762, 36.027312011698818 ], [ 14.303763718763005, 36.027204936342301 ], [ 14.303496029791502, 36.027193037699199 ], [ 14.303305673189529, 36.026925348994048 ], [ 14.302948753662539, 36.026895605909907 ], [ 14.302425272108794, 36.027252525084748 ], [ 14.302086199411573, 36.025925975216325 ], [ 14.301967225637023, 36.025878385672577 ], [ 14.301812561796224, 36.025967616043452 ], [ 14.30183040772766, 36.026068742948446 ], [ 14.302092148055385, 36.026937246224556 ], [ 14.302002918398195, 36.027074064972936 ], [ 14.301937483316255, 36.02722278212407 ], [ 14.301729279884547, 36.02716924404011 ], [ 14.301645999769502, 36.027201962044934 ], [ 14.301310902117402, 36.026048771130604 ], [ 14.30144415102013, 36.026020217016438 ], [ 14.30141559806882, 36.025963110210071 ], [ 14.301082473117045, 36.026020217016438 ], [ 14.301101509316238, 36.026086841813715 ], [ 14.301234759117294, 36.026077323781429 ], [ 14.301562718756157, 36.027234679309714 ], [ 14.301295028886324, 36.027115705919762 ], [ 14.301101697962464, 36.02707704000165 ], [ 14.300863562665468, 36.026134431231547 ], [ 14.300987294816077, 36.026115395177271 ], [ 14.300968258616885, 36.026048771130604 ], [ 14.300597063063387, 36.026115395177271 ], [ 14.300635134563443, 36.026201055932241 ], [ 14.300768384364499, 36.026182019894108 ], [ 14.301020915163878, 36.027060883306007 ], [ 14.300408679161777, 36.026943194839156 ], [ 14.300268886032228, 36.026931298336009 ], [ 14.30006406385923, 36.026286717320644 ], [ 14.300187796009839, 36.026258163292667 ], [ 14.300140206859338, 36.026182019894108 ], [ 14.299845154305949, 36.026239127268276 ], [ 14.299845154305949, 36.026305751880486 ], [ 14.299968885558261, 36.026305751880486 ], [ 14.300088729800297, 36.026764797232616 ], [ 14.300022444013807, 36.026779870769303 ], [ 14.299825711169937, 36.026592225083526 ], [ 14.299444997067697, 36.02646135414934 ], [ 14.299224897246694, 36.026687403279837 ], [ 14.298957208275157, 36.026675506011557 ], [ 14.298784696706328, 36.026604121637817 ], [ 14.298665723830073, 36.026491096670952 ], [ 14.298657189834881, 36.02632469707504 ], [ 14.299274082703437, 36.026458037638427 ], [ 14.29929311890263, 36.026391413155011 ], [ 14.29865382564415, 36.026259099764438 ], [ 14.298893368601197, 36.025677574830688 ], [ 14.29902661930055, 36.025715645693168 ], [ 14.299055173150157, 36.025658538666029 ], [ 14.298693494348779, 36.025553843310767 ], [ 14.298655422848723, 36.025601432324017 ], [ 14.298807708848939, 36.025668056748906 ], [ 14.298573374323931, 36.026224180767521 ], [ 14.298285321443259, 36.026099154009088 ], [ 14.298177934139238, 36.026205561752064 ], [ 14.298004268235236, 36.026145905751896 ], [ 14.298322298795281, 36.025468181852062 ], [ 14.298417477096283, 36.025487218062715 ], [ 14.2984745838972, 36.02542059275838 ], [ 14.298160495144618, 36.025334931881318 ], [ 14.298103388343701, 36.025401557258157 ], [ 14.298217601945566, 36.02542059275838 ], [ 14.297935901950535, 36.026122421270514 ], [ 14.29761694612578, 36.026012855991823 ], [ 14.297998692392285, 36.025106503873587 ], [ 14.297884477892124, 36.025077950144414 ], [ 14.297520635947535, 36.025979772783721 ], [ 14.297398660901614, 36.025937873324267 ], [ 14.297238048417036, 36.025753465163106 ], [ 14.297465693188126, 36.025287342707095 ], [ 14.297360996338378, 36.025258789769985 ], [ 14.297170168120898, 36.02567552896268 ], [ 14.297077434135797, 36.025569055843846 ], [ 14.297065535949875, 36.025325161656099 ], [ 14.297025763040653, 36.025260077889065 ], [ 14.297427620789742, 36.025192164999005 ], [ 14.297408586387212, 36.025096985722818 ], [ 14.296978237670544, 36.025182309753191 ], [ 14.296934665786029, 36.025111009756024 ], [ 14.296887076635528, 36.024760039830163 ], [ 14.296895985228211, 36.024677322840176 ], [ 14.297123049687608, 36.024668683006226 ], [ 14.297475209940243, 36.024982772183364 ], [ 14.297522799989043, 36.024925665351503 ], [ 14.297199192687717, 36.024592540251071 ], [ 14.297189675037302, 36.024516398148819 ], [ 14.296907896888856, 36.024566709354595 ], [ 14.296928717142217, 36.024373376951672 ], [ 14.297047690018436, 36.02413543079534 ], [ 14.297130971930111, 36.024165174921499 ], [ 14.29794158469304, 36.024925665351503 ], [ 14.297989173843542, 36.024887594107291 ], [ 14.297214252943457, 36.024194918309945 ], [ 14.297731784955058, 36.02377851202985 ], [ 14.297993526181079, 36.02398076624393 ], [ 14.297886449694154, 36.024254404326605 ], [ 14.298332598878334, 36.024545887847069 ], [ 14.299028592000909, 36.025134804763198 ], [ 14.299305203938149, 36.0249093512858 ], [ 14.298519982056712, 36.023909976637853 ], [ 14.298677026432987, 36.023781485729906 ], [ 14.298905453636717, 36.023695825976972 ], [ 14.299647845642005, 36.024195511884415 ], [ 14.299776337067005, 36.024138405208483 ], [ 14.300261747120661, 36.024495325249781 ], [ 14.300818540900071, 36.024823689852916 ], [ 14.30141816455556, 36.025052117954054 ], [ 14.301903574609252, 36.025180608969414 ], [ 14.302132003609575, 36.025080671692606 ], [ 14.30211772668477, 36.024866519854463 ], [ 14.301403889427384, 36.024609538769361 ], [ 14.300804263975236, 36.024352556846026 ], [ 14.300318853921578, 36.024038468062749 ], [ 14.299433695363113, 36.023410289646129 ], [ 14.298263000105081, 36.022625068301068 ], [ 14.297451390212174, 36.02214543679171 ], [ 14.297411879611037, 36.022068990080342 ], [ 14.297302080330477, 36.021666959761141 ], [ 14.296916880041698, 36.02171195878384 ], [ 14.296843079847852, 36.021175018902149 ], [ 14.296421160023518, 36.020936969361088 ], [ 14.296366079821889, 36.020832030146714 ], [ 14.295540960165432, 36.020832030146714 ], [ 14.294678040300115, 36.020519009909059 ], [ 14.294604959656812, 36.020340990101666 ], [ 14.294012497370749, 36.020210046299404 ], [ 14.293964352163078, 36.020110806761551 ], [ 14.293776374299988, 36.019935916816017 ], [ 14.293631227211339, 36.0198383589412 ], [ 14.29340160884156, 36.019750319016886 ], [ 14.293264790033902, 36.019766974912109 ], [ 14.293136879818926, 36.019803960228984 ], [ 14.292476999869065, 36.019728989816926 ], [ 14.291980919626482, 36.019431000178834 ], [ 14.291798039702618, 36.018909990237866 ], [ 14.291596079562105, 36.018522000250712 ], [ 14.29124688015667, 36.018284040057544 ], [ 14.291101079992799, 36.018298980072117 ], [ 14.290238160127513, 36.018298980072117 ], [ 14.289669001038224, 36.018387990152824 ], [ 14.290035839762565, 36.01861199968257 ], [ 14.290631511729154, 36.018869381781627 ], [ 14.291030187645527, 36.01897616693649 ], [ 14.291094908566807, 36.019069441983397 ], [ 14.291089198874856, 36.019280738154407 ], [ 14.291051127374802, 36.019358785306807 ], [ 14.290919781103828, 36.019543430765353 ], [ 14.290862674302911, 36.019520588059166 ], [ 14.290780819814225, 36.01946538379584 ], [ 14.290687545941635, 36.019436830928726 ], [ 14.29058855968217, 36.019440638172007 ], [ 14.29054097143, 36.01952439529839 ], [ 14.290525742290974, 36.019592922667279 ], [ 14.290527645821056, 36.019684294821587 ], [ 14.290453407249363, 36.019886072743518 ], [ 14.290375359820841, 36.019964119296397 ], [ 14.290230688839289, 36.020026936913851 ], [ 14.290110000180844, 36.020027970093146 ], [ 14.289479172645645, 36.019911921885473 ], [ 14.289279391818024, 36.019829318963417 ], [ 14.289125918244979, 36.019711536139098 ], [ 14.288997425921684, 36.019558060294905 ], [ 14.288879643313217, 36.019450985299322 ], [ 14.288722598038614, 36.019336770841548 ], [ 14.288497738943223, 36.019115480766743 ], [ 14.288390663354628, 36.019151173084445 ], [ 14.288329988445374, 36.019276093889374 ], [ 14.288385792689132, 36.019376544950276 ], [ 14.288291286327993, 36.01942756421397 ], [ 14.288108696559959, 36.01935818588332 ], [ 14.287948083177051, 36.019243972017634 ], [ 14.287880269356263, 36.019094064932425 ], [ 14.28784457659509, 36.018962005214881 ], [ 14.287723224081658, 36.018901328700743 ], [ 14.287698240136985, 36.018833514957372 ], [ 14.287591163650058, 36.018754992101819 ], [ 14.287392965653989, 36.018657631848143 ], [ 14.287347600732136, 36.018622716748233 ], [ 14.287148584370845, 36.018337396720462 ], [ 14.286591790591435, 36.01807684569696 ], [ 14.285963613086272, 36.017891247878936 ], [ 14.285556724771602, 36.017627127824298 ], [ 14.285417527225064, 36.017612851058985 ], [ 14.285103437574186, 36.01760571303867 ], [ 14.284746518945493, 36.017552174959299 ], [ 14.284357476562262, 36.017555743971968 ], [ 14.283982648221736, 36.017599289255799 ], [ 14.282715960789064, 36.017642969661225 ], [ 14.281522919938332, 36.01789595979821 ], [ 14.280035304437936, 36.017910471199876 ], [ 14.279888849402212, 36.017787741073931 ], [ 14.279928110271722, 36.017323746187046 ], [ 14.279924541265089, 36.017198823740507 ], [ 14.279874571579079, 36.017084611104885 ], [ 14.279913833346887, 36.016909720256209 ], [ 14.279792480833489, 36.016884736232761 ], [ 14.279539959017212, 36.016869367984512 ], [ 14.279437124375081, 36.016833362196607 ], [ 14.279546206800024, 36.016684860853729 ], [ 14.279514083943784, 36.016495694330082 ], [ 14.279688974251496, 36.016338649694866 ], [ 14.279688974251496, 36.016220866013114 ], [ 14.279635435558886, 36.016103082881919 ], [ 14.279505499642921, 36.016066145237282 ], [ 14.279446269224666, 36.015953177088257 ], [ 14.279167872334961, 36.015956746173337 ], [ 14.279032242896728, 36.016053114315724 ], [ 14.278957290164373, 36.016153052143089 ], [ 14.278407634398235, 36.016513540357622 ], [ 14.278358821742319, 36.016590924685453 ], [ 14.278175637289573, 36.016567077689331 ], [ 14.278082837727451, 36.016470710175426 ], [ 14.278004315988497, 36.016310095694905 ], [ 14.277943640180945, 36.016245850973583 ], [ 14.277704504160718, 36.01618160474672 ], [ 14.277493921091834, 36.01617089824817 ], [ 14.27722980112693, 36.016213727866727 ], [ 14.276769376814576, 36.016474279237073 ], [ 14.276412456389254, 36.016627753820877 ], [ 14.276184028287229, 36.016663445812071 ], [ 14.276066244780433, 36.016709845667101 ], [ 14.275737879103048, 36.016738398795674 ], [ 14.275620989419965, 36.016796105191318 ], [ 14.275395000243957, 36.016808040281177 ], [ 14.27436792044699, 36.016972020065744 ], [ 14.273561159660016, 36.017120969902969 ], [ 14.273211960254546, 36.017373960262447 ], [ 14.273317848270379, 36.01757753514493 ], [ 14.273355918872102, 36.017739338648141 ], [ 14.273327365920792, 36.018005837897093 ], [ 14.272994240969053, 36.018272337698058 ], [ 14.272708706066078, 36.018338963234044 ], [ 14.272594491565918, 36.018472212683946 ], [ 14.272558026253607, 36.018639954872768 ], [ 14.272516080319704, 36.018680040309555 ], [ 14.272443939314201, 36.019441032701231 ], [ 14.272337509614285, 36.019604836262964 ], [ 14.272419959686014, 36.019693980010921 ], [ 14.272217564760906, 36.019843465997802 ], [ 14.27206149326009, 36.019871335742593 ], [ 14.271891840130454, 36.020084040030461 ], [ 14.271720579914813, 36.020392510070359 ], [ 14.271559326033108, 36.020459699080497 ], [ 14.271395244254872, 36.020528067245266 ], [ 14.271176332904997, 36.020670833133345 ], [ 14.270795618802723, 36.020870707848381 ], [ 14.270024673846123, 36.020994440910101 ], [ 14.269623974923755, 36.021124507180417 ], [ 14.269205190219758, 36.021124507180417 ], [ 14.268967243568987, 36.02125775700619 ], [ 14.268640281958399, 36.021491779741346 ], [ 14.268968641347572, 36.021618561171088 ], [ 14.269283918571244, 36.021683995964736 ], [ 14.26983119470024, 36.02176132798968 ], [ 14.269926373899541, 36.021850558663893 ], [ 14.270194062871044, 36.022284808955199 ], [ 14.270295189815824, 36.02270716479822 ], [ 14.27052123917897, 36.022861829670013 ], [ 14.27121723140325, 36.023272286817516 ], [ 14.271232344659584, 36.02329564427788 ], [ 14.271502767204488, 36.023480489027442 ], [ 14.271645533757662, 36.023617307966511 ], [ 14.271657431943584, 36.023694641000134 ], [ 14.271728814771006, 36.023896894702972 ], [ 14.271580098675722, 36.024194327641645 ], [ 14.271553529204571, 36.024470741767935 ], [ 14.272143635209645, 36.024822902301416 ], [ 14.272619526714593, 36.025203615681455 ], [ 14.273009759365578, 36.025746133174167 ], [ 14.273076383816941, 36.026164917823955 ], [ 14.273257222768466, 36.026659846164129 ], [ 14.273628419220293, 36.027449827279881 ], [ 14.273771185773434, 36.027944754813042 ], [ 14.273695042773326, 36.028591968134819 ], [ 14.273733115171709, 36.028867986153678 ], [ 14.273862647744076, 36.02922678524812 ], [ 14.274085275424312, 36.029381948764666 ], [ 14.274218525225367, 36.029553271069297 ], [ 14.274465988628254, 36.030419393785792 ], [ 14.274142382225261, 36.031494910648661 ], [ 14.274056721574704, 36.0320564637545 ], [ 14.274142382225261, 36.032560908653885 ], [ 14.274209006676623, 36.032684640065298 ], [ 14.274684899079833, 36.032618015762694 ], [ 14.275084649381265, 36.032503802230075 ], [ 14.275351148085049, 36.032656088356362 ], [ 14.275446327284348, 36.03276078299043 ], [ 14.27563668388632, 36.033055836039267 ], [ 14.275995209601021, 36.033522240156813 ], [ 14.276264862289747, 36.033902925298875 ], [ 14.276493291290103, 36.03415038806974 ], [ 14.276581480698153, 36.034344409839292 ], [ 14.276447603873056, 36.034442586835887 ], [ 14.276304836421586, 36.034685291230993 ], [ 14.276404773996944, 36.03498510390294 ], [ 14.276704585824721, 36.035456237248717 ], [ 14.27716144202874, 36.036312842913311 ], [ 14.277361318077787, 36.036369950207508 ], [ 14.277552379857248, 36.036391908337905 ], [ 14.278205879971923, 36.036467010356894 ], [ 14.278929481916458, 36.03652861405164 ], [ 14.27959907984102, 36.036037979838589 ], [ 14.280102853255711, 36.035769137121385 ], [ 14.280578744760623, 36.035493117859694 ], [ 14.280892834411535, 36.035264690976291 ], [ 14.281159333115285, 36.03510288714039 ], [ 14.281416315066917, 36.034912531354593 ], [ 14.281692333217741, 36.034826869902233 ], [ 14.282006421072024, 36.034769762942041 ], [ 14.28245375962563, 36.034569887892005 ], [ 14.28256797412579, 36.034446155809945 ], [ 14.282682187727655, 36.034284353198132 ], [ 14.282805919878264, 36.034236764345074 ], [ 14.283091455679502, 36.034255799163326 ], [ 14.283272294631059, 36.034179656957008 ] ] ] ] } },
{ "type": "Feature", "properties": { "LocalityId": 23, "LAU_Name": "L-Għarb", "LAU_Latin": "Gharb", "Region": "Għawdex (Gozo)", "Area_Km2": 4.639147, "Population": 1549.0, "NUTS3": "MT002", "LAU": "MT02623", "GREAT_CID": null, "GREAT_CIN": null, "FUA_ID": null, "FUA_Name": "Gozo", "Shape__Are": 7114821.7070300011, "Shape__Len": 14767.6472469 }, "geometry": { "type": "Polygon", "coordinates": [ [ [ 14.21821480426353, 36.05439489701677 ], [ 14.217804346043895, 36.054490075747402 ], [ 14.216186973392288, 36.055006224901689 ], [ 14.215832330196243, 36.05518015895354 ], [ 14.215704473880161, 36.055013557071653 ], [ 14.215121504989991, 36.055156325817826 ], [ 14.214776482750626, 36.055406169229485 ], [ 14.214449307340995, 36.055406169229485 ], [ 14.21434223085407, 36.055465655639161 ], [ 14.214050747307317, 36.055519192643182 ], [ 14.21396151675183, 36.055507294646688 ], [ 14.213919877143471, 36.05541806724127 ], [ 14.213705725067951, 36.055412117872471 ], [ 14.213598650377655, 36.055388321845307 ], [ 14.213461830671665, 36.055263400936546 ], [ 14.212878862679828, 36.055215810963837 ], [ 14.21241486756421, 36.055239606316917 ], [ 14.212194767743206, 36.055197964989006 ], [ 14.212141229948893, 36.055293144200967 ], [ 14.211320316204615, 36.055132529713319 ], [ 14.211421443149398, 36.055043299704238 ], [ 14.210957448033779, 36.054829148722163 ], [ 14.210945550746152, 36.054751817207894 ], [ 14.210719502281339, 36.054531715997392 ], [ 14.210600529405118, 36.05453766470648 ], [ 14.210493452918193, 36.05439489701677 ], [ 14.210124636103544, 36.054501973171419 ], [ 14.209714178782239, 36.054674484165126 ], [ 14.209613051837458, 36.054829148722163 ], [ 14.209141680655039, 36.054844139905448 ], [ 14.209170235402976, 36.054994045770755 ], [ 14.209153920200793, 36.055145971034534 ], [ 14.209170235402976, 36.055236750729662 ], [ 14.208777624013109, 36.055258166178959 ], [ 14.208363596786873, 36.055322411039278 ], [ 14.208442120322488, 36.055764991209422 ], [ 14.208106615733538, 36.055772128676921 ], [ 14.207506991179718, 36.055914896773182 ], [ 14.207285701989258, 36.056136187318977 ], [ 14.207207179351942, 36.05643599892565 ], [ 14.20723573320158, 36.056607319745936 ], [ 14.20685025982495, 36.056800058127848 ], [ 14.206586139860049, 36.0570142066518 ], [ 14.206386264709332, 36.057099868657829 ], [ 14.206057899930277, 36.05743537335006 ], [ 14.205743811177697, 36.057678078042258 ], [ 14.205501106150868, 36.057799428655272 ], [ 14.205308369911718, 36.057949336153513 ], [ 14.205165601561918, 36.058142072701081 ], [ 14.205072802898126, 36.058341946011012 ], [ 14.205051388858383, 36.058506129820408 ], [ 14.205101355849436, 36.05862748206129 ], [ 14.205301231898483, 36.058898739804754 ], [ 14.205408305690449, 36.059084339039146 ], [ 14.205536798013744, 36.059191415349311 ], [ 14.205686702580154, 36.059362735980635 ], [ 14.205636733792474, 36.059526919112635 ], [ 14.205344059977966, 36.05967682477246 ], [ 14.205415443703686, 36.059776761720393 ], [ 14.205886577730871, 36.060026605713446 ], [ 14.205936545620219, 36.060119405144569 ], [ 14.205922268695415, 36.060519154283426 ], [ 14.205772364129007, 36.060676198706702 ], [ 14.205472551402931, 36.060569122964566 ], [ 14.205194155411558, 36.060504877304098 ], [ 14.205137047712311, 36.060519154283426 ], [ 14.205022835008778, 36.060733305757999 ], [ 14.204930035446656, 36.060961734274912 ], [ 14.20467305439332, 36.060840381276726 ], [ 14.204601669769271, 36.060761858904968 ], [ 14.204444626291329, 36.060861795927252 ], [ 14.20426616607865, 36.060911765116956 ], [ 14.204130536640417, 36.061011702674996 ], [ 14.204044875989895, 36.060854658195183 ], [ 14.203959215339339, 36.060611953133666 ], [ 14.203887831613589, 36.060333556254676 ], [ 14.203623711648719, 36.060340694760235 ], [ 14.203002672156794, 36.060462047076712 ], [ 14.202867041820262, 36.060097990291986 ], [ 14.202767105143234, 36.05971251686541 ], [ 14.202695851673194, 36.059649646658748 ], [ 14.202574368904084, 36.05969823973966 ], [ 14.202424463439344, 36.059805315940679 ], [ 14.202303110027616, 36.059869560719953 ], [ 14.202217450275391, 36.059726793988503 ], [ 14.202374493753368, 36.059505504098816 ], [ 14.202081819938826, 36.059319905857784 ], [ 14.201603548796735, 36.059277074985403 ], [ 14.201318012995463, 36.058755974216758 ], [ 14.2005542060521, 36.058927295069878 ], [ 14.199247882254165, 36.059262799233082 ], [ 14.19836272279737, 36.059598302692066 ], [ 14.198198540407827, 36.05969823973966 ], [ 14.197891804365856, 36.059703527940876 ], [ 14.197763099141849, 36.060076573981156 ], [ 14.19764174573012, 36.060219342256559 ], [ 14.197527481822618, 36.060218416355433 ], [ 14.196770863198129, 36.060454909308376 ], [ 14.196064163055715, 36.060626230093568 ], [ 14.195514507289541, 36.060876072841829 ], [ 14.194593656868204, 36.061554219669766 ], [ 14.193244502295823, 36.062653530648362 ], [ 14.19310887375592, 36.062874821125014 ], [ 14.192466418427623, 36.062603561838571 ], [ 14.192388765359528, 36.06255376510066 ], [ 14.192208009053003, 36.062597851198447 ], [ 14.19209379634947, 36.062476499271256 ], [ 14.191843950614446, 36.062333730734224 ], [ 14.191598049381843, 36.062166743872282 ], [ 14.191522724746925, 36.06217668671448 ], [ 14.191408510246765, 36.062076749183774 ], [ 14.191025417405642, 36.0625193291283 ], [ 14.190454345803133, 36.063030913193415 ], [ 14.190073631700891, 36.063423523838701 ], [ 14.189489857021927, 36.063904821035116 ], [ 14.189204606884898, 36.063921238125552 ], [ 14.189068977446698, 36.063906961763465 ], [ 14.188930801284625, 36.063873800799861 ], [ 14.188877693783356, 36.063884421662728 ], [ 14.188829299742354, 36.063930268685638 ], [ 14.188696050839628, 36.063987376279854 ], [ 14.188515211888102, 36.063987376279854 ], [ 14.188369416215817, 36.063935515211156 ], [ 14.188041049640102, 36.06375705617485 ], [ 14.18761101623215, 36.063701840072909 ], [ 14.187354035178815, 36.063720875755443 ], [ 14.187039946426236, 36.063958822124818 ], [ 14.186754409726666, 36.064215804063515 ], [ 14.186668749974441, 36.064225321843224 ], [ 14.186545017823832, 36.06426339295038 ], [ 14.186248674391381, 36.064377474726648 ], [ 14.185863978955769, 36.064325889855553 ], [ 14.185564680066069, 36.064310981808411 ], [ 14.185288661915211, 36.064320500302735 ], [ 14.184993609361856, 36.064349054326456 ], [ 14.184641449109222, 36.064482303637554 ], [ 14.184460610157696, 36.064720249882569 ], [ 14.184384467157555, 36.0649296423314 ], [ 14.184279771206139, 36.06500578529797 ], [ 14.18426073500698, 36.065062892111442 ], [ 14.184270252657395, 36.065148553343178 ], [ 14.18429880740533, 36.065243730685836 ], [ 14.184355914206281, 36.065357944652064 ], [ 14.184933997159602, 36.066005238954254 ], [ 14.185052970035823, 36.06648113167828 ], [ 14.185062341260876, 36.066743523084476 ], [ 14.185019788065837, 36.066891535030678 ], [ 14.184731742371675, 36.067385327329234 ], [ 14.184232056291512, 36.068099165882934 ], [ 14.184220158105587, 36.068301418816958 ], [ 14.184255849968464, 36.068479879162744 ], [ 14.184232056291512, 36.068646441641647 ], [ 14.183827546715721, 36.069205613876598 ], [ 14.18371472999411, 36.069571088001311 ], [ 14.183786573657276, 36.069731882136971 ], [ 14.183780341145848, 36.06982122473682 ], [ 14.183970315065489, 36.070228783212535 ], [ 14.184053596078867, 36.070668982884307 ], [ 14.184053596078867, 36.070871237197878 ], [ 14.184006006928366, 36.071097285905559 ], [ 14.184141316566366, 36.071363465921344 ], [ 14.183950756945151, 36.071816290304319 ], [ 14.183943618033583, 36.072009026283119 ], [ 14.183993586821263, 36.072173209164006 ], [ 14.184022139772571, 36.072351668712564 ], [ 14.184246440115835, 36.072872025961608 ], [ 14.184366764058256, 36.073204691236946 ], [ 14.184520048985076, 36.073437100189935 ], [ 14.184536103675836, 36.073693685225258 ], [ 14.184650318176031, 36.07399349672869 ], [ 14.184743116839822, 36.074093433642524 ], [ 14.18483591640191, 36.074129125729698 ], [ 14.185071483415504, 36.074107711060179 ], [ 14.185231111346562, 36.074139507783578 ], [ 14.185595159903652, 36.074381039901425 ], [ 14.185775246066974, 36.074543179767055 ], [ 14.18614224019988, 36.074528876290103 ], [ 14.186492566092708, 36.074558069175566 ], [ 14.186622167835353, 36.074500468996291 ], [ 14.186684757054488, 36.074428937751364 ], [ 14.186791832643081, 36.07437183120264 ], [ 14.186948877917686, 36.074236201894102 ], [ 14.187170167108146, 36.074164817800678 ], [ 14.187577055422816, 36.074057742265168 ], [ 14.18894798695433, 36.07407379565435 ], [ 14.189061839433426, 36.074050604278199 ], [ 14.189525833650716, 36.074129125729698 ], [ 14.189718569889898, 36.074136265161691 ], [ 14.190111181279766, 36.074207647828878 ], [ 14.190289640594111, 36.07432186330152 ], [ 14.190432408045583, 36.074314723886374 ], [ 14.190575176395351, 36.074264755222885 ], [ 14.190580620185994, 36.074218483664737 ], [ 14.190663010070585, 36.074120996665506 ], [ 14.190725081860091, 36.074079157674376 ], [ 14.190846435271819, 36.074079157674376 ], [ 14.191006551886366, 36.074109126168196 ], [ 14.191265875745964, 36.074056406297757 ], [ 14.191381813214859, 36.073964943301419 ], [ 14.191770816072218, 36.073953753108327 ], [ 14.192021135219411, 36.07390286428398 ], [ 14.19240974102142, 36.073857868219811 ], [ 14.192588200335768, 36.073808010355052 ], [ 14.1927231596308, 36.073808010355052 ], [ 14.19274970574576, 36.073824097194461 ], [ 14.193002225765376, 36.073850728762544 ], [ 14.193053459380968, 36.073906059720905 ], [ 14.193173160790902, 36.07391195977069 ], [ 14.193415810122177, 36.074005932851705 ], [ 14.193644681093637, 36.074036326850177 ], [ 14.193708925907824, 36.074136265161691 ], [ 14.193818177216055, 36.07425207300394 ], [ 14.194017000439569, 36.074366010328639 ], [ 14.194567080210541, 36.074492999963738 ], [ 14.194737301973705, 36.074509933980984 ], [ 14.195041918889922, 36.074634710340945 ], [ 14.19545782988334, 36.074643089844088 ], [ 14.195729088759773, 36.074685920337835 ], [ 14.196106927354807, 36.074727573134027 ], [ 14.196371543189739, 36.074735888733727 ], [ 14.196521448654446, 36.074693058267194 ], [ 14.196692769955556, 36.074607397990157 ], [ 14.196778430606079, 36.074536014233658 ], [ 14.197035412557742, 36.074393245800252 ], [ 14.19720673385882, 36.074343277912725 ], [ 14.197285255597809, 36.074264755222885 ], [ 14.197299533420942, 36.07422906392334 ], [ 14.197514953917663, 36.074153477339927 ], [ 14.197855313900693, 36.074114364028063 ], [ 14.197892019063229, 36.074086295658745 ], [ 14.19817755396617, 36.074086295658745 ], [ 14.198298907377897, 36.074150541119465 ], [ 14.19830091241762, 36.074247270793684 ], [ 14.198328000216696, 36.074261970028608 ], [ 14.19835789075945, 36.074271893916489 ], [ 14.198484503807183, 36.074271893916489 ], [ 14.19858444228084, 36.074293309267389 ], [ 14.198841424232505, 36.07440752316348 ], [ 14.198941360909533, 36.074464629686332 ], [ 14.199084129259335, 36.074643089844088 ], [ 14.199226895812474, 36.074778719176997 ], [ 14.199243514645243, 36.074859253997104 ], [ 14.200484040441879, 36.075722040161224 ], [ 14.200887959824575, 36.075736980170305 ], [ 14.200911869384155, 36.075751756088415 ], [ 14.201078300256865, 36.075789889866165 ], [ 14.201125706151027, 36.075763815837774 ], [ 14.201532593567398, 36.076120734934456 ], [ 14.201719692878129, 36.076348415957789 ], [ 14.202076030296833, 36.077063922202456 ], [ 14.202052960662041, 36.077265863120907 ], [ 14.202182186908898, 36.077519858232293 ], [ 14.202424891935726, 36.077826808766986 ], [ 14.202781810564419, 36.078140897171963 ], [ 14.203024515591249, 36.078276527006665 ], [ 14.203217251830397, 36.078312218647426 ], [ 14.203476159770041, 36.078405111221329 ], [ 14.203581310268989, 36.078405018289651 ], [ 14.204173795911242, 36.078333634350123 ], [ 14.204573545314377, 36.078362186917261 ], [ 14.205215999744309, 36.078447848186634 ], [ 14.206022636563784, 36.078669137794115 ], [ 14.206208234789697, 36.078769075300492 ], [ 14.206485380326214, 36.078875840216917 ], [ 14.206704120097909, 36.078915960334498 ], [ 14.207235840101102, 36.079080030783352 ], [ 14.207869829706116, 36.079227777750049 ], [ 14.207949999853646, 36.079311591805734 ], [ 14.208685253845699, 36.079418668174064 ], [ 14.208821536359157, 36.079401852829044 ], [ 14.208885128996416, 36.079375838079841 ], [ 14.209234908713542, 36.079397252766874 ], [ 14.210212867732459, 36.079561436196308 ], [ 14.21043728755167, 36.079638333851953 ], [ 14.210805354273042, 36.079639957953582 ], [ 14.211240550298946, 36.079692631245862 ], [ 14.21181288044119, 36.079660981245219 ], [ 14.212482873624507, 36.079675649701457 ], [ 14.212647056014019, 36.079697065032818 ], [ 14.212951557945875, 36.079798570153855 ], [ 14.212902657255079, 36.079436345300707 ], [ 14.212731335953967, 36.078679676070379 ], [ 14.212667091139815, 36.078237097017968 ], [ 14.212702782104362, 36.077844486251493 ], [ 14.212617122352135, 36.077523258264762 ], [ 14.212445801051027, 36.077073540073364 ], [ 14.212245925900309, 36.076616683734201 ], [ 14.212031773824791, 36.076366840151934 ], [ 14.211810484634331, 36.076195518794485 ], [ 14.211339119740126, 36.076062960195422 ], [ 14.211026505122947, 36.07599370291247 ], [ 14.210953879027176, 36.075795770171169 ], [ 14.210918187164301, 36.075181868747421 ], [ 14.210589820588586, 36.074489445874406 ], [ 14.210418500185806, 36.073932652053472 ], [ 14.21036139338489, 36.073825576201877 ], [ 14.210275731836038, 36.073354443046355 ], [ 14.21021862503509, 36.073133153004861 ], [ 14.20995450507022, 36.072726265230003 ], [ 14.209204975051662, 36.071826828772814 ], [ 14.209119314401105, 36.071562708796748 ], [ 14.209222349367556, 36.07123228819809 ], [ 14.209557752446868, 36.070709507996035 ], [ 14.20995450507022, 36.070277800339333 ], [ 14.210068718672051, 36.070127893094259 ], [ 14.210122357976006, 36.069894223279363 ], [ 14.21027930084264, 36.069492577247615 ], [ 14.210759536600284, 36.068894615719124 ], [ 14.210850412869387, 36.068758957360274 ], [ 14.210957448033779, 36.068457511736696 ], [ 14.211486878231335, 36.067993516913219 ], [ 14.211677234833274, 36.067773417160247 ], [ 14.211938976059296, 36.067612802731816 ], [ 14.21217692181177, 36.067529522983605 ], [ 14.212402970276584, 36.067374857248083 ], [ 14.212593326878556, 36.06728562805074 ], [ 14.212896708611265, 36.067238038813635 ], [ 14.213039476062736, 36.067166654177917 ], [ 14.213104911144676, 36.0670119899074 ], [ 14.213206038089456, 36.066661018657001 ], [ 14.213241729952333, 36.066327893652399 ], [ 14.213211986733269, 36.065982872276841 ], [ 14.213129097385361, 36.065747209949016 ], [ 14.213085922556196, 36.065507332351331 ], [ 14.213091960133221, 36.065322989983706 ], [ 14.212715618131455, 36.064609150201804 ], [ 14.21274799161765, 36.064323197983818 ], [ 14.212956195049392, 36.063424952209949 ], [ 14.213087987783023, 36.063408495076779 ], [ 14.213586752191699, 36.063419002720316 ], [ 14.214187566114976, 36.063282183941638 ], [ 14.214758636819187, 36.063127519296017 ], [ 14.215216683290993, 36.062830086710058 ], [ 14.215448681297952, 36.062776548870431 ], [ 14.215763959419956, 36.062776548870431 ], [ 14.216138723980087, 36.062877675708926 ], [ 14.216210107705805, 36.062818189092745 ], [ 14.216227953637244, 36.062627832054581 ], [ 14.216311236447249, 36.062324450911937 ], [ 14.216346927411793, 36.062134094131565 ], [ 14.216352876055607, 36.061991327151816 ], [ 14.216323131938246, 36.061860456224508 ], [ 14.216186313130555, 36.061670099047774 ], [ 14.216031649289789, 36.061372666761834 ], [ 14.215526012769185, 36.060111552040155 ], [ 14.215412989435075, 36.059647558101148 ], [ 14.215430836264844, 36.059373920261145 ], [ 14.215496270448453, 36.059028898164584 ], [ 14.215644985645406, 36.05860654174522 ], [ 14.215781805351394, 36.058112804732716 ], [ 14.215894828685503, 36.057862961925373 ], [ 14.216406413849922, 36.057208609270575 ], [ 14.216757383834768, 36.056619693256906 ], [ 14.217257070813263, 36.05601293212974 ], [ 14.217608040798142, 36.055328836103428 ], [ 14.21821480426353, 36.05439489701677 ] ] ] } },
{ "type": "Feature", "properties": { "LocalityId": 25, "LAU_Name": "L-Għasri", "LAU_Latin": "Għasri", "Region": "Għawdex (Gozo)", "Area_Km2": 4.970001, "Population": 518.0, "NUTS3": "MT002", "LAU": "MT02625", "GREAT_CID": null, "GREAT_CIN": null, "FUA_ID": null, "FUA_Name": "Gozo", "Shape__Are": 7622073.3881799998, "Shape__Len": 14874.0002914 }, "geometry": { "type": "Polygon", "coordinates": [ [ [ 14.229584347826655, 36.080475726934466 ], [ 14.229985651315237, 36.080213268080428 ], [ 14.230452025169702, 36.079956286132052 ], [ 14.230680454170026, 36.079604126067963 ], [ 14.230813703072752, 36.079518465332193 ], [ 14.231051648825225, 36.079451840008993 ], [ 14.231165864223717, 36.0793661798334 ], [ 14.231203934825441, 36.079242447739155 ], [ 14.231270560175135, 36.079118716176247 ], [ 14.231422845277018, 36.078947395005898 ], [ 14.231508505927575, 36.078918841199226 ], [ 14.231613201878991, 36.078842697906033 ], [ 14.231679827228685, 36.078776074188312 ], [ 14.2317369340296, 36.07866185865047 ], [ 14.231775006427984, 36.078481019705073 ], [ 14.231860666180209, 36.078224039355646 ], [ 14.232031986582989, 36.078014645994358 ], [ 14.232060541330926, 36.077862359761248 ], [ 14.232136684331033, 36.077672004277723 ], [ 14.231796421366024, 36.077442385660937 ], [ 14.231564423359066, 36.077167558021294 ], [ 14.231414516996027, 36.076924853189929 ], [ 14.231346703175241, 36.076742823893284 ], [ 14.231364549106679, 36.076614332798492 ], [ 14.231357410195113, 36.076450149750045 ], [ 14.231314580318999, 36.076346643674412 ], [ 14.231203934825441, 36.076228861158562 ], [ 14.231100428243481, 36.076089662158324 ], [ 14.230839877285213, 36.075844102065084 ], [ 14.230682832908908, 36.075658503887389 ], [ 14.230640003032793, 36.075501458877518 ], [ 14.230625726107991, 36.075358692196801 ], [ 14.230640003032793, 36.075194508705025 ], [ 14.23055434238224, 36.074966080854594 ], [ 14.230128206764292, 36.074569699277703 ], [ 14.229697735876755, 36.074237964786171 ], [ 14.229319402310022, 36.073988122359651 ], [ 14.229090974207995, 36.073759693909487 ], [ 14.228584148317967, 36.073031579015513 ], [ 14.228448518879734, 36.072724627916116 ], [ 14.228405689901953, 36.072574721703973 ], [ 14.228469933817808, 36.072424815932237 ], [ 14.228484210742611, 36.072246357275688 ], [ 14.228591287229534, 36.071889437295752 ], [ 14.228548455556796, 36.071418304159792 ], [ 14.228469933817808, 36.071197013753476 ], [ 14.228312890339831, 36.070925756296319 ], [ 14.228156383156087, 36.07080275735197 ], [ 14.227669999328642, 36.070061060136041 ], [ 14.227455848151418, 36.069489988660507 ], [ 14.227372566239746, 36.069192556166954 ], [ 14.227182209637807, 36.068776151110086 ], [ 14.227051338575631, 36.068335950285018 ], [ 14.226979954849879, 36.067883853049786 ], [ 14.226837188296738, 36.067431754668625 ], [ 14.226920469310082, 36.067205706318987 ], [ 14.226849084686032, 36.066515663219221 ], [ 14.227058905983579, 36.066412892719534 ], [ 14.227306378369637, 36.06637146715876 ], [ 14.227487918905394, 36.066189926092918 ], [ 14.227957438659995, 36.065852060271425 ], [ 14.228433785610772, 36.065390023753935 ], [ 14.228684086791624, 36.065200773057029 ], [ 14.228691224804892, 36.065115111882157 ], [ 14.228527040618722, 36.064972343776198 ], [ 14.228498487667412, 36.064929513802227 ], [ 14.228505625680649, 36.064886683804929 ], [ 14.228669809866821, 36.064836714961146 ], [ 14.228705500831365, 36.064729639071707 ], [ 14.228698363716459, 36.064651116950621 ], [ 14.228798300393489, 36.064515488307897 ], [ 14.228969621694599, 36.064386996843723 ], [ 14.229069558371625, 36.064208536653041 ], [ 14.229198049796624, 36.06403007823608 ], [ 14.22939792404901, 36.063894447796628 ], [ 14.22954069239881, 36.0637017122679 ], [ 14.229597799199725, 36.063516113758368 ], [ 14.229712012801592, 36.06323771698851 ], [ 14.229769119602507, 36.062937905153881 ], [ 14.230004686616098, 36.062930766884001 ], [ 14.23031163735541, 36.06284510614222 ], [ 14.230482957758189, 36.062680922672072 ], [ 14.230754216634658, 36.062488187075331 ], [ 14.230818462347141, 36.062459633828631 ], [ 14.230747077723091, 36.062316865987142 ], [ 14.23051151160783, 36.062081298700299 ], [ 14.230375883067891, 36.061917115814815 ], [ 14.23031163735541, 36.06177434916755 ], [ 14.23016886900561, 36.061588751194762 ], [ 14.230054655403778, 36.06148881291724 ], [ 14.229983270779728, 36.061396013648803 ], [ 14.229933302890347, 36.061238969936035 ], [ 14.230083209253385, 36.060817804714027 ], [ 14.23018522193707, 36.060653014999581 ], [ 14.230368744156326, 36.060425194137878 ], [ 14.230725662785019, 36.060496578354766 ], [ 14.230954091785375, 36.060525132313906 ], [ 14.231203934825441, 36.060532270075882 ], [ 14.231775006427984, 36.060460885891317 ], [ 14.232074818255729, 36.060389501642042 ], [ 14.232203098576608, 36.060392877724347 ], [ 14.232274255926892, 36.060257679637722 ], [ 14.232354570703185, 36.060022493249832 ], [ 14.232624780347413, 36.059428952039625 ], [ 14.233996869807321, 36.059864079360665 ], [ 14.235034431146987, 36.060257679637722 ], [ 14.235403247063307, 36.06048372906978 ], [ 14.236188469843039, 36.061292746285083 ], [ 14.236628670383407, 36.061090492034864 ], [ 14.236866616135847, 36.061352231875979 ], [ 14.237080767313069, 36.061138081359694 ], [ 14.237045074551895, 36.060769263884133 ], [ 14.237102159793249, 36.060429960155986 ], [ 14.237271123915042, 36.060162502072913 ], [ 14.237271123915042, 36.059888863845039 ], [ 14.236637886199896, 36.058469702978819 ], [ 14.236534300566191, 36.058187422707391 ], [ 14.236412383012453, 36.057405086228094 ], [ 14.236927965679888, 36.055580756013271 ], [ 14.237270449280254, 36.054484602728401 ], [ 14.237235432052165, 36.054023492248142 ], [ 14.237283022100964, 36.053321550685226 ], [ 14.237378200401967, 36.052869454326469 ], [ 14.23756099588417, 36.052405674786243 ], [ 14.237304013932537, 36.052634104235949 ], [ 14.236804326954076, 36.052933916110895 ], [ 14.236490239099792, 36.05299102297063 ], [ 14.235248160116008, 36.052776870762038 ], [ 14.234677089411795, 36.052876809209714 ], [ 14.234191679358137, 36.053205173870381 ], [ 14.233920421379999, 36.053319389333573 ], [ 14.233691992379676, 36.053319389333573 ], [ 14.233477841202454, 36.053233728296405 ], [ 14.233192306299513, 36.05306240666863 ], [ 14.232421360444583, 36.053090959693947 ], [ 14.232292869019584, 36.053019576021846 ], [ 14.232135824643311, 36.052862532296416 ], [ 14.232050163992756, 36.052662656690316 ], [ 14.231935950390925, 36.052462782755477 ], [ 14.231564753939098, 36.052348568228034 ], [ 14.231036574196434, 36.052451466764403 ], [ 14.230808085907301, 36.052619827278569 ], [ 14.230593933831782, 36.052648381190679 ], [ 14.229851540928129, 36.052648381190679 ], [ 14.229180535343515, 36.052891086120482 ], [ 14.228895000440573, 36.052848254654208 ], [ 14.228595186816166, 36.052776870762038 ], [ 14.22828109806362, 36.05280542534345 ], [ 14.227667196584965, 36.052833977735723 ], [ 14.226810590977811, 36.052819702267108 ], [ 14.226939082402776, 36.051720391174754 ], [ 14.226824867902613, 36.051192149694863 ], [ 14.226567885950981, 36.050721016808005 ], [ 14.22632504168527, 36.050158640996862 ], [ 14.226112219116352, 36.050265053276384 ], [ 14.225840961138216, 36.050507758292312 ], [ 14.224927247831815, 36.051635621717033 ], [ 14.224370454052405, 36.052149586083218 ], [ 14.223542402294855, 36.052335183804374 ], [ 14.221929320895386, 36.052380067986959 ], [ 14.221415321957801, 36.052428610360323 ], [ 14.220301576295492, 36.052877701062791 ], [ 14.219644844042428, 36.053520155843948 ], [ 14.21891672806361, 36.054019842094711 ], [ 14.21821480426353, 36.05439489701677 ], [ 14.217608040798142, 36.055328836103428 ], [ 14.217257070813263, 36.05601293212974 ], [ 14.216757383834768, 36.056619693256906 ], [ 14.216406413849922, 36.057208609270575 ], [ 14.215894828685503, 36.057862961925373 ], [ 14.215781805351394, 36.058112804732716 ], [ 14.215644985645406, 36.05860654174522 ], [ 14.215496270448453, 36.059028898164584 ], [ 14.215430836264844, 36.059373920261145 ], [ 14.215412989435075, 36.059647558101148 ], [ 14.215526012769185, 36.060111552040155 ], [ 14.216031649289789, 36.061372666761834 ], [ 14.216186313130555, 36.061670099047774 ], [ 14.216323131938246, 36.061860456224508 ], [ 14.216352876055607, 36.061991327151816 ], [ 14.216346927411793, 36.062134094131565 ], [ 14.216311236447249, 36.062324450911937 ], [ 14.216227953637244, 36.062627832054581 ], [ 14.216210107705805, 36.062818189092745 ], [ 14.216138723980087, 36.062877675708926 ], [ 14.215763959419956, 36.062776548870431 ], [ 14.215448681297952, 36.062776548870431 ], [ 14.215216683290993, 36.062830086710058 ], [ 14.214758636819187, 36.063127519296017 ], [ 14.214187566114976, 36.063282183941638 ], [ 14.213586752191699, 36.063419002720316 ], [ 14.213087987783023, 36.063408495076779 ], [ 14.212956195049392, 36.063424952209949 ], [ 14.21274799161765, 36.064323197983818 ], [ 14.212715618131455, 36.064609150201804 ], [ 14.213091960133221, 36.065322989983706 ], [ 14.213085922556196, 36.065507332351331 ], [ 14.213129097385361, 36.065747209949016 ], [ 14.213211986733269, 36.065982872276841 ], [ 14.213241729952333, 36.066327893652399 ], [ 14.213206038089456, 36.066661018657001 ], [ 14.213104911144676, 36.0670119899074 ], [ 14.213039476062736, 36.067166654177917 ], [ 14.212896708611265, 36.067238038813635 ], [ 14.212593326878556, 36.06728562805074 ], [ 14.212402970276584, 36.067374857248083 ], [ 14.21217692181177, 36.067529522983605 ], [ 14.211938976059296, 36.067612802731816 ], [ 14.211677234833274, 36.067773417160247 ], [ 14.211486878231335, 36.067993516913219 ], [ 14.210957448033779, 36.068457511736696 ], [ 14.210850412869387, 36.068758957360274 ], [ 14.210759536600284, 36.068894615719124 ], [ 14.21027930084264, 36.069492577247615 ], [ 14.210122357976006, 36.069894223279363 ], [ 14.210068718672051, 36.070127893094259 ], [ 14.20995450507022, 36.070277800339333 ], [ 14.209557752446868, 36.070709507996035 ], [ 14.209222349367556, 36.07123228819809 ], [ 14.209119314401105, 36.071562708796748 ], [ 14.209204975051662, 36.071826828772814 ], [ 14.20995450507022, 36.072726265230003 ], [ 14.21021862503509, 36.073133153004861 ], [ 14.210275731836038, 36.073354443046355 ], [ 14.21036139338489, 36.073825576201877 ], [ 14.210418500185806, 36.073932652053472 ], [ 14.210589820588586, 36.074489445874406 ], [ 14.210918187164301, 36.075181868747421 ], [ 14.210953879027176, 36.075795770171169 ], [ 14.211026505122947, 36.07599370291247 ], [ 14.211339119740126, 36.076062960195422 ], [ 14.211810484634331, 36.076195518794485 ], [ 14.212031773824791, 36.076366840151934 ], [ 14.212245925900309, 36.076616683734201 ], [ 14.212445801051027, 36.077073540073364 ], [ 14.212617122352135, 36.077523258264762 ], [ 14.212702782104362, 36.077844486251493 ], [ 14.212667091139815, 36.078237097017968 ], [ 14.212731335953967, 36.078679676070379 ], [ 14.212902657255079, 36.079436345300707 ], [ 14.212951557945875, 36.079798570153855 ], [ 14.213125328054439, 36.079825556172601 ], [ 14.213389140795501, 36.079924332037159 ], [ 14.213601113558163, 36.079935233878757 ], [ 14.213926284826401, 36.08004006383652 ], [ 14.214074733223715, 36.079982599807195 ], [ 14.214231776701693, 36.079961185279565 ], [ 14.21438168306473, 36.079961185279565 ], [ 14.214524451414498, 36.079911215847808 ], [ 14.215224012645377, 36.079918354754874 ], [ 14.216262840609621, 36.08001098987441 ], [ 14.216501782593742, 36.080011153953599 ], [ 14.216687526346718, 36.080144558236505 ], [ 14.216734243233072, 36.080383792962913 ], [ 14.2168585880347, 36.080438735991251 ], [ 14.217153186938855, 36.080365390038253 ], [ 14.217272729346968, 36.080275273871337 ], [ 14.21736552801076, 36.080225304639129 ], [ 14.217439350662497, 36.080243022967174 ], [ 14.217693785890326, 36.080125591143613 ], [ 14.217836661139616, 36.079982599807195 ], [ 14.218007982440726, 36.079861247836284 ], [ 14.21821517526773, 36.079797820905135 ], [ 14.218286379330431, 36.079718480358402 ], [ 14.218457699733211, 36.079639957953582 ], [ 14.219064463198595, 36.079532881886585 ], [ 14.219399966889215, 36.079554297256834 ], [ 14.219585565115128, 36.079618543332636 ], [ 14.21973547057987, 36.079625680814218 ], [ 14.219885376942909, 36.079682787903884 ], [ 14.220043184887182, 36.079710232805176 ], [ 14.220156167797089, 36.079692154978567 ], [ 14.220213741721961, 36.079647096159242 ], [ 14.220313680195618, 36.079632819747211 ], [ 14.220692109882107, 36.079725974305248 ], [ 14.220903959575564, 36.079668990669887 ], [ 14.221014840427729, 36.079653960655662 ], [ 14.221045432554718, 36.079667315747649 ], [ 14.221156008878001, 36.079675649701457 ], [ 14.221198838754114, 36.079704203233355 ], [ 14.221369657896947, 36.079772488742393 ], [ 14.221822969348883, 36.079828868257479 ], [ 14.221912677808094, 36.079789863766734 ], [ 14.22209113712244, 36.079789863766734 ], [ 14.222469470689207, 36.080011153953599 ], [ 14.222590806134626, 36.080105010118373 ], [ 14.222802204873808, 36.080361033972125 ], [ 14.22281224983532, 36.080405041844969 ], [ 14.222793693336479, 36.080425455083301 ], [ 14.222824032138583, 36.080640573861778 ], [ 14.222902017583337, 36.080835538835466 ], [ 14.222858601107321, 36.080939290200469 ], [ 14.222804975278125, 36.081017666106767 ], [ 14.222797837264888, 36.081153295335433 ], [ 14.222865944834792, 36.081389456006121 ], [ 14.222876359003877, 36.081488799090558 ], [ 14.222844081637401, 36.081544131208808 ], [ 14.222833422228243, 36.08162941004008 ], [ 14.222904119641113, 36.081783000129882 ], [ 14.223019924159303, 36.081788866918771 ], [ 14.223323305892013, 36.081699636649695 ], [ 14.223466073343484, 36.081675842765371 ], [ 14.223704019095956, 36.08166989393019 ], [ 14.224007400828633, 36.081628252797188 ], [ 14.224328627594451, 36.081509280291577 ], [ 14.224701315249659, 36.081273361013636 ], [ 14.226059879674635, 36.080613990331557 ], [ 14.226402719906183, 36.08051797925193 ], [ 14.227059452159281, 36.080432318059714 ], [ 14.227159388836309, 36.080432318059714 ], [ 14.227302157186111, 36.080489425289571 ], [ 14.227537723301372, 36.08051084112531 ], [ 14.227680490752842, 36.08053939435387 ], [ 14.227709044602483, 36.080575085693539 ], [ 14.227908918854869, 36.080596500779933 ], [ 14.228051687204671, 36.080632192819699 ], [ 14.22833722210761, 36.080596500779933 ], [ 14.228479989559082, 36.080639331661303 ], [ 14.228879738962217, 36.080667884843201 ], [ 14.228929707749897, 36.080660746730203 ], [ 14.22894663829806, 36.080589918057271 ], [ 14.229086752126172, 36.080482287160372 ], [ 14.229215242652838, 36.080460872042813 ], [ 14.229336596064567, 36.080460872042813 ], [ 14.22949364044084, 36.080482287160372 ], [ 14.229584347826655, 36.080475726934466 ] ] ] } },
{ "type": "Feature", "properties": { "LocalityId": 30, "LAU_Name": "Ta' Kerċem", "LAU_Latin": "Ta' Kerċem", "Region": "Għawdex (Gozo)", "Area_Km2": 5.539842, "Population": 1881.0, "NUTS3": "MT002", "LAU": "MT02630", "GREAT_CID": null, "GREAT_CIN": null, "FUA_ID": null, "FUA_Name": "Gozo", "Shape__Are": 8490888.1479499992, "Shape__Len": 14796.486850699999 }, "geometry": { "type": "Polygon", "coordinates": [ [ [ 14.21821480426353, 36.05439489701677 ], [ 14.21891672806361, 36.054019842094711 ], [ 14.219644844042428, 36.053520155843948 ], [ 14.220301576295492, 36.052877701062791 ], [ 14.221415321957801, 36.052428610360323 ], [ 14.221929320895386, 36.052380067986959 ], [ 14.223542402294855, 36.052335183804374 ], [ 14.224370454052405, 36.052149586083218 ], [ 14.224927247831815, 36.051635621717033 ], [ 14.225840961138216, 36.050507758292312 ], [ 14.226112219116352, 36.050265053276384 ], [ 14.22632504168527, 36.050158640996862 ], [ 14.228381035638979, 36.049122018883473 ], [ 14.229694498348483, 36.048393904025247 ], [ 14.229918334262779, 36.048215342196364 ], [ 14.229826487813177, 36.048068388214283 ], [ 14.229737496209552, 36.047701379015152 ], [ 14.229642317010251, 36.046944710298824 ], [ 14.229594559874826, 36.046423710908712 ], [ 14.229613763160646, 36.046178523790715 ], [ 14.229758008340776, 36.045855872178876 ], [ 14.230037308037328, 36.04542661317484 ], [ 14.230475128042189, 36.044907890977434 ], [ 14.231169931795309, 36.04444151797216 ], [ 14.231426912848642, 36.044122669650271 ], [ 14.231607751800167, 36.043684849157309 ], [ 14.231736243225164, 36.04351828613715 ], [ 14.231964672225489, 36.043285098769601 ], [ 14.232321590854182, 36.043089984071976 ], [ 14.23256429588101, 36.042852037069935 ], [ 14.23274037555818, 36.042709269976292 ], [ 14.232759411757339, 36.0426331272268 ], [ 14.232697545682035, 36.042257172229746 ], [ 14.232688028031619, 36.041981154643594 ], [ 14.232730857907731, 36.041681341729898 ], [ 14.23270230405809, 36.041462432263785 ], [ 14.232649955633235, 36.040739076243753 ], [ 14.23271182170854, 36.040582031263057 ], [ 14.232887914860431, 36.040269502081202 ], [ 14.233062292230134, 36.039960944978915 ], [ 14.233278134036693, 36.039235257253488 ], [ 14.23331620463845, 36.03889261371156 ], [ 14.233438989066421, 36.038457722755389 ], [ 14.23345683499786, 36.038213827793697 ], [ 14.233379502628294, 36.038023470810273 ], [ 14.233379502628294, 36.037928293235609 ], [ 14.233290272971137, 36.037720089983218 ], [ 14.233260528853744, 36.037565425225353 ], [ 14.233171300094885, 36.0374286058126 ], [ 14.233165350552776, 36.037333426792578 ], [ 14.233230785634715, 36.037190659862922 ], [ 14.233159401908964, 36.036964611089601 ], [ 14.233070173150104, 36.036893227322828 ], [ 14.232814380567895, 36.036542256860898 ], [ 14.232673631630869, 36.036423210358471 ], [ 14.232566556042274, 36.036452952750892 ], [ 14.232465429097459, 36.036518388299271 ], [ 14.232388096727927, 36.03640536375535 ], [ 14.23218584194, 36.036256647232442 ], [ 14.232114459112578, 36.036173366263704 ], [ 14.232072817707593, 36.036066289876693 ], [ 14.231817026023716, 36.035971112115895 ], [ 14.231573130729132, 36.035816446828939 ], [ 14.231477953326459, 36.035828344169438 ], [ 14.231240006675689, 36.035780754796477 ], [ 14.231013958210841, 36.03576290877416 ], [ 14.230549963095223, 36.03560824380471 ], [ 14.230454784794254, 36.035560655025137 ], [ 14.230187094924419, 36.035388144277761 ], [ 14.22990750866529, 36.035096660193304 ], [ 14.229836124939538, 36.035245376000908 ], [ 14.229723099808801, 36.035388144277761 ], [ 14.229562487324223, 36.03547737404692 ], [ 14.229532743206862, 36.035560655025137 ], [ 14.229497053140614, 36.035840242234634 ], [ 14.22942566941486, 36.035971112115895 ], [ 14.229056850803619, 36.035846190176933 ], [ 14.228711828564254, 36.035840242234634 ], [ 14.228224039771714, 36.035893778783986 ], [ 14.227861171600878, 36.035977060774748 ], [ 14.227278205405701, 36.036304236317839 ], [ 14.227033119843362, 36.036533853686812 ], [ 14.226595298940174, 36.036847942774124 ], [ 14.226252656337987, 36.037076372329544 ], [ 14.225805317784383, 36.037428531719051 ], [ 14.225557854381496, 36.037590335135505 ], [ 14.225424603682143, 36.037580817040293 ], [ 14.225224729429723, 36.037504675142898 ], [ 14.224910639778845, 36.037304799769551 ], [ 14.22460606867671, 36.03705733601376 ], [ 14.224215837822351, 36.036771800894584 ], [ 14.223454409617837, 36.036429158256745 ], [ 14.222988035763372, 36.036276872887825 ], [ 14.222750090010898, 36.036219766252579 ], [ 14.222321786758155, 36.036210247991733 ], [ 14.22209335865613, 36.036172175663218 ], [ 14.221712644553888, 36.036029408807678 ], [ 14.221503251752758, 36.035972301992985 ], [ 14.221350966650839, 36.035953266136765 ], [ 14.221027360247845, 36.035886640966901 ], [ 14.22077037829618, 36.035734356001832 ], [ 14.22053243164541, 36.035734356001832 ], [ 14.220408700393131, 36.035696284169703 ], [ 14.220275449693776, 36.035553517177924 ], [ 14.220246896742466, 36.035448819718141 ], [ 14.220265932941659, 36.035334605931823 ], [ 14.220380147441821, 36.035248945665032 ], [ 14.220380147441821, 36.035106177862289 ], [ 14.220132683140603, 36.034972928212348 ], [ 14.21900957703304, 36.03463028573897 ], [ 14.218133935226692, 36.034278124733483 ], [ 14.217857917974198, 36.034201983275189 ], [ 14.217572383071257, 36.03410680326148 ], [ 14.21722973957074, 36.033925965059161 ], [ 14.216763365716274, 36.033535733113112 ], [ 14.215935313958726, 36.033031287192379 ], [ 14.215145331904605, 36.032698162223127 ], [ 14.21484076080247, 36.03252684167316 ], [ 14.214650405098828, 36.032441181984886 ], [ 14.214450529948111, 36.032384074021394 ], [ 14.213946083695262, 36.032174682159734 ], [ 14.213489228389507, 36.032041431909001 ], [ 14.213308389437984, 36.032003361197596 ], [ 14.213060925136766, 36.03201287924044 ], [ 14.212708763985832, 36.032060467984223 ], [ 14.212613585684863, 36.03201287924044 ], [ 14.212527925034308, 36.031927218266752 ], [ 14.212480335883807, 36.031822521798262 ], [ 14.212489854432551, 36.031679754322852 ], [ 14.212527925034308, 36.031470361315286 ], [ 14.212851056228539, 36.030809585233065 ], [ 14.212676382414795, 36.030787895066119 ], [ 14.212641346322068, 36.030706341670509 ], [ 14.212517614171491, 36.030630199665296 ], [ 14.212365328171241, 36.030658752835059 ], [ 14.212041720869916, 36.030601645758694 ], [ 14.21187039956884, 36.030620682181862 ], [ 14.211706194721403, 36.030758422960211 ], [ 14.211528551975684, 36.030727970110028 ], [ 14.211395302174628, 36.030642309191983 ], [ 14.211223980873518, 36.030632790983532 ], [ 14.210951049334019, 36.030663118191299 ], [ 14.210859960164205, 36.03070961078204 ], [ 14.210537901558443, 36.031258377180002 ], [ 14.210414170306164, 36.031401144692673 ], [ 14.209966830854228, 36.031629573337156 ], [ 14.209728885101756, 36.031677162312526 ], [ 14.20943383165007, 36.031848483984085 ], [ 14.209167332946322, 36.032038839910584 ], [ 14.20899601074688, 36.032267268885121 ], [ 14.209015046946073, 36.032419554015831 ], [ 14.209205404446374, 36.032505215180507 ], [ 14.20931010039779, 36.03251473316265 ], [ 14.209367207198706, 36.032590874799148 ], [ 14.209367207198706, 36.032686053738949 ], [ 14.209338654247398, 36.032743160757086 ], [ 14.209081672295765, 36.032904964355581 ], [ 14.208834207994547, 36.03297158914193 ], [ 14.208227756244554, 36.033036450056755 ], [ 14.208136879975484, 36.033024696131136 ], [ 14.207606405935566, 36.033057249706246 ], [ 14.20616921197375, 36.033057249706246 ], [ 14.205893904390331, 36.033089639090811 ], [ 14.205189680903114, 36.033221340964666 ], [ 14.204904146000173, 36.033349831731989 ], [ 14.204484552812421, 36.033504588309626 ], [ 14.204037215157147, 36.033637838264433 ], [ 14.203948599947607, 36.033681001996015 ], [ 14.203662067016388, 36.033935179944379 ], [ 14.203376532113449, 36.034163607778005 ], [ 14.203105273236979, 36.03429209918751 ], [ 14.202619863183321, 36.034392035675545 ], [ 14.202050366327491, 36.034348382715983 ], [ 14.200421241017024, 36.034192161846228 ], [ 14.200249919715914, 36.034106501063292 ], [ 14.200107242994283, 36.03388061923625 ], [ 14.199926737317716, 36.033697084689692 ], [ 14.199650296060392, 36.033563983755883 ], [ 14.199113411642653, 36.033499612171937 ], [ 14.198740919820178, 36.033441030294419 ], [ 14.197916160388159, 36.03339602997989 ], [ 14.197071959616755, 36.033544979281075 ], [ 14.195732039725472, 36.03345597034091 ], [ 14.195419920080029, 36.033335998767619 ], [ 14.195388727878415, 36.033332756643546 ], [ 14.195102860598814, 36.033178830056556 ], [ 14.194394302740369, 36.032941414650729 ], [ 14.194194951307459, 36.032916129149015 ], [ 14.194223432393535, 36.032996074079975 ], [ 14.194400918832425, 36.033214521815225 ], [ 14.194543688080524, 36.033630926892947 ], [ 14.194555585368148, 36.034047332674987 ], [ 14.1946269690939, 36.034225792971036 ], [ 14.194769737443668, 36.034392353854152 ], [ 14.195221832576703, 36.034642197787399 ], [ 14.195662034913699, 36.03503480911894 ], [ 14.195852390617373, 36.035165680338558 ], [ 14.196256900193163, 36.035272755770755 ], [ 14.196578126958979, 36.03539172919028 ], [ 14.197006430211722, 36.035582085997149 ], [ 14.197402171332042, 36.035794434782808 ], [ 14.197446434021026, 36.035831437274318 ], [ 14.197648883743355, 36.03591520966534 ], [ 14.197744062942656, 36.036034182840794 ], [ 14.197898727681752, 36.035998490907019 ], [ 14.198112878858975, 36.035998490907019 ], [ 14.198319892022926, 36.036067495733583 ], [ 14.19843410742142, 36.036117463956657 ], [ 14.198481695673591, 36.036343512982313 ], [ 14.198576873974593, 36.036438691019434 ], [ 14.19882671791299, 36.036438691019434 ], [ 14.198793228719195, 36.03669822899414 ], [ 14.198624464023393, 36.03691458383819 ], [ 14.198557044562998, 36.036982002106086 ], [ 14.198398414660247, 36.037212016297637 ], [ 14.198029597845597, 36.037354783915042 ], [ 14.197577500915935, 36.037783086667019 ], [ 14.197196786813693, 36.038116211194897 ], [ 14.196982634738173, 36.038485028042253 ], [ 14.196887457335501, 36.03869917917833 ], [ 14.196673305259981, 36.038996612161576 ], [ 14.196530537808512, 36.039079893050321 ], [ 14.196447256795134, 36.039222660913381 ], [ 14.196518641419184, 36.039341634177035 ], [ 14.196566229671355, 36.039472504050913 ], [ 14.196566229671355, 36.039591476937098 ], [ 14.196387770357006, 36.039841321083614 ], [ 14.196375873069382, 36.040043574734895 ], [ 14.196399666746336, 36.040269624113229 ], [ 14.196471051370384, 36.040448082658138 ], [ 14.196590024246603, 36.040614646362037 ], [ 14.1966970998352, 36.040674132327986 ], [ 14.19686366186192, 36.040816900206167 ], [ 14.19723247867657, 36.0409834616772 ], [ 14.197422836176839, 36.041221407788704 ], [ 14.197565602730013, 36.041328483703793 ], [ 14.197803549380781, 36.041257100260786 ], [ 14.198077186996098, 36.041126229720923 ], [ 14.198538768338549, 36.040978523783458 ], [ 14.200175160121335, 36.041576040087733 ], [ 14.201071699436161, 36.042219139142887 ], [ 14.202134168363717, 36.043041696701486 ], [ 14.202348320439237, 36.043148772320265 ], [ 14.203109747745422, 36.043315334669458 ], [ 14.203633230197463, 36.043588973139151 ], [ 14.204109120804047, 36.043755533830748 ], [ 14.20460880778254, 36.044255221054911 ], [ 14.204768232694322, 36.044334536357063 ], [ 14.204858650822606, 36.044439234351159 ], [ 14.20501569699554, 36.044796151021174 ], [ 14.20506804362377, 36.04485325797404 ], [ 14.205206053597479, 36.044924643241089 ], [ 14.205496346876512, 36.045210177851466 ], [ 14.205558212951816, 36.045295838177971 ], [ 14.205548695301369, 36.045371979805054 ], [ 14.205496346876512, 36.045452883199303 ], [ 14.205491587602124, 36.0455099896758 ], [ 14.205543936026979, 36.045552820050766 ], [ 14.205629595779239, 36.045600409328877 ], [ 14.205896096279616, 36.045671791739558 ], [ 14.206010308983149, 36.045681310309412 ], [ 14.206229220333057, 36.045657515698373 ], [ 14.206362471032412, 36.04566703281732 ], [ 14.206471925359887, 36.045681310309412 ], [ 14.206562345284832, 36.045728900236256 ], [ 14.206559256876876, 36.045824640003865 ], [ 14.206367301273705, 36.045954779311195 ], [ 14.2060713252522, 36.046076652070845 ], [ 14.205798541934724, 36.046273662340248 ], [ 14.205626705000645, 36.046495914044854 ], [ 14.205177498849542, 36.046809176065224 ], [ 14.204915757623523, 36.047070916193789 ], [ 14.204554079720474, 36.047461147890161 ], [ 14.204433451249168, 36.047667941760324 ], [ 14.204430349366492, 36.047832343941252 ], [ 14.204435107742551, 36.048117878900491 ], [ 14.20451124984436, 36.048389138004538 ], [ 14.204535045317908, 36.048679431863469 ], [ 14.204639741269325, 36.049012556776134 ], [ 14.204968107845039, 36.049469412917865 ], [ 14.205206053597479, 36.0497311536434 ], [ 14.205405926053272, 36.049888197806283 ], [ 14.205891337005227, 36.050130903257866 ], [ 14.206300604957107, 36.050306982645495 ], [ 14.206481443010334, 36.050425955865101 ], [ 14.206643246660997, 36.050473545828829 ], [ 14.206809807789387, 36.050478305186807 ], [ 14.206952577037486, 36.050468787196905 ], [ 14.207909120220032, 36.050583000820588 ], [ 14.208070923870695, 36.050740044736507 ], [ 14.208313628897523, 36.051077928965931 ], [ 14.208332664198386, 36.051239731932597 ], [ 14.208294592698332, 36.051434848220815 ], [ 14.208208932047777, 36.051610928323001 ], [ 14.208237485897383, 36.051820320796061 ], [ 14.208351700397579, 36.052053508302166 ], [ 14.208494467849048, 36.052253381823796 ], [ 14.208627717650071, 36.052329524710494 ], [ 14.209098850778926, 36.052876801220833 ], [ 14.209470047230752, 36.052762587294168 ], [ 14.209831725133801, 36.052681684875715 ], [ 14.209936421085219, 36.053109987775755 ], [ 14.209969734209213, 36.053328898989868 ], [ 14.209655644558335, 36.053333658175148 ], [ 14.209508117832478, 36.053319381344728 ], [ 14.20901794940276, 36.053314622158524 ], [ 14.208818074252044, 36.053619192788148 ], [ 14.208720517212193, 36.053807804638232 ], [ 14.208720517212193, 36.054044640766087 ], [ 14.208777624013109, 36.054287345747795 ], [ 14.209048881991247, 36.054651403269595 ], [ 14.209141680655039, 36.054844139905448 ], [ 14.209613051837458, 36.054829148722163 ], [ 14.209714178782239, 36.054674484165126 ], [ 14.210124636103544, 36.054501973171419 ], [ 14.210493452918193, 36.05439489701677 ], [ 14.210600529405118, 36.05453766470648 ], [ 14.210719502281339, 36.054531715997392 ], [ 14.210945550746152, 36.054751817207894 ], [ 14.210957448033779, 36.054829148722163 ], [ 14.211421443149398, 36.055043299704238 ], [ 14.211320316204615, 36.055132529713319 ], [ 14.212141229948893, 36.055293144200967 ], [ 14.212194767743206, 36.055197964989006 ], [ 14.21241486756421, 36.055239606316917 ], [ 14.212878862679828, 36.055215810963837 ], [ 14.213461830671665, 36.055263400936546 ], [ 14.213598650377655, 36.055388321845307 ], [ 14.213705725067951, 36.055412117872471 ], [ 14.213919877143471, 36.05541806724127 ], [ 14.21396151675183, 36.055507294646688 ], [ 14.214050747307317, 36.055519192643182 ], [ 14.21434223085407, 36.055465655639161 ], [ 14.214449307340995, 36.055406169229485 ], [ 14.214776482750626, 36.055406169229485 ], [ 14.215121504989991, 36.055156325817826 ], [ 14.215704473880161, 36.055013557071653 ], [ 14.215832330196243, 36.05518015895354 ], [ 14.216186973392288, 36.055006224901689 ], [ 14.217804346043895, 36.054490075747402 ], [ 14.21821480426353, 36.05439489701677 ] ] ] } },
{ "type": "Feature", "properties": { "LocalityId": 42, "LAU_Name": "Il-Munxar", "LAU_Latin": "Munxar", "Region": "Għawdex (Gozo)", "Area_Km2": 2.870755, "Population": 1707.0, "NUTS3": "MT002", "LAU": "MT02642", "GREAT_CID": null, "GREAT_CIN": null, "FUA_ID": null, "FUA_Name": "Gozo", "Shape__Are": 4398472.1875, "Shape__Len": 11657.1074095 }, "geometry": { "type": "Polygon", "coordinates": [ [ [ 14.224400114626468, 36.020896428066273 ], [ 14.224224562260362, 36.020836337922638 ], [ 14.223836073239342, 36.020802429347839 ], [ 14.223386991954071, 36.020703088110828 ], [ 14.223223450961655, 36.020603039803348 ], [ 14.222320992647454, 36.02023671417475 ], [ 14.222092565443759, 36.020217678148732 ], [ 14.221835582593796, 36.020255750196242 ], [ 14.221673779841431, 36.020265266752091 ], [ 14.221340654889691, 36.020379482043836 ], [ 14.221102709137217, 36.020541284880181 ], [ 14.220750548884617, 36.020950551660142 ], [ 14.220626816734008, 36.021112356230091 ], [ 14.220531638433005, 36.021159945019733 ], [ 14.220314012572276, 36.021241227846879 ], [ 14.220127088433014, 36.02117979092931 ], [ 14.219995823010446, 36.021157474724916 ], [ 14.219893943277429, 36.021102838323387 ], [ 14.219666817732595, 36.021161122042514 ], [ 14.219513229175186, 36.02133126631341 ], [ 14.219389497024578, 36.021293194785521 ], [ 14.219294318723609, 36.021207533780569 ], [ 14.219216999828802, 36.021115980299918 ], [ 14.219180105121746, 36.02098862408009 ], [ 14.219113479772085, 36.020931517259655 ], [ 14.218894569320508, 36.020960070311759 ], [ 14.218704211820203, 36.021074283869929 ], [ 14.218628069718427, 36.021178980091555 ], [ 14.218466266067763, 36.021474033652567 ], [ 14.218228320315291, 36.021759569007905 ], [ 14.218056999014214, 36.022035586261097 ], [ 14.218114105815129, 36.022349675036388 ], [ 14.218209284116099, 36.0224448539986 ], [ 14.218333016266708, 36.022501961175365 ], [ 14.218570962019182, 36.022549549852329 ], [ 14.218742284218589, 36.022673281730924 ], [ 14.21890408697092, 36.022739907178853 ], [ 14.219038144357402, 36.022884962750759 ], [ 14.219023867432599, 36.023113390660306 ], [ 14.218952483706845, 36.023456033099308 ], [ 14.218695501755214, 36.023684462259432 ], [ 14.218538457378941, 36.023798676227933 ], [ 14.218452796728384, 36.023812953325596 ], [ 14.21829513161625, 36.023786912205502 ], [ 14.21816169496563, 36.023729763094515 ], [ 14.217904713013967, 36.023701208866392 ], [ 14.21764773196063, 36.023853495299441 ], [ 14.217476409761224, 36.023853495299441 ], [ 14.217400267659446, 36.023777351756429 ], [ 14.217247981659197, 36.023501334065728 ], [ 14.217086178906865, 36.023434709261636 ], [ 14.216933892906649, 36.023415674008163 ], [ 14.216800644003923, 36.02349181717414 ], [ 14.216734336657836, 36.023661683962096 ], [ 14.216629321804515, 36.023758315859197 ], [ 14.216391376052043, 36.023805905230418 ], [ 14.216111220261022, 36.023716617194751 ], [ 14.216019320810824, 36.023701359258901 ], [ 14.215896448347937, 36.023748798272102 ], [ 14.21582030624616, 36.023805905230418 ], [ 14.21584885919747, 36.024024815822457 ], [ 14.21585163409337, 36.024210875797777 ], [ 14.215772716197328, 36.024519743802514 ], [ 14.215481262294979, 36.024703779238052 ], [ 14.21526827084281, 36.024776725180494 ], [ 14.215163573993062, 36.024852867757708 ], [ 14.215020807439922, 36.025062260918588 ], [ 14.214678481943009, 36.025619981010117 ], [ 14.214592822190784, 36.025819854795344 ], [ 14.214514298655169, 36.025926931307865 ], [ 14.214271593628339, 36.026091113703274 ], [ 14.214107412137128, 36.026126805767433 ], [ 14.213857568198732, 36.026141083169755 ], [ 14.213779045561413, 36.026219605203742 ], [ 14.213679108884385, 36.026455170836158 ], [ 14.213564894384222, 36.026597939062356 ], [ 14.213493510658472, 36.026712153166464 ], [ 14.213307913330889, 36.026819229192718 ], [ 14.213180160321071, 36.026778959731459 ], [ 14.213089080134427, 36.026883000331203 ], [ 14.212836779303702, 36.026947720232151 ], [ 14.21277695959062, 36.027018000009598 ], [ 14.212736841728345, 36.027183287320014 ], [ 14.212544106387526, 36.027304639170893 ], [ 14.212415614962527, 36.027361745731383 ], [ 14.212344231236809, 36.027418852976979 ], [ 14.212237154749884, 36.027533067343946 ], [ 14.212158633010896, 36.027682972904479 ], [ 14.212172909935699, 36.027804326165139 ], [ 14.212301401360698, 36.027875710177902 ], [ 14.212722564803542, 36.027932817050932 ], [ 14.2134856306368, 36.027953819287077 ], [ 14.214014612575006, 36.028111275943964 ], [ 14.214398194997946, 36.028138812936653 ], [ 14.214569516299056, 36.028110258853495 ], [ 14.214769390551441, 36.028038875053269 ], [ 14.215012095578302, 36.027881830901016 ], [ 14.215226247653824, 36.027824723991024 ], [ 14.215497505631962, 36.027724787162207 ], [ 14.215640273981728, 36.027696232928982 ], [ 14.215683103857875, 36.027710510046894 ], [ 14.215611720132124, 36.027853276724713 ], [ 14.215440398831012, 36.027953214843535 ], [ 14.215269078428232, 36.028110258853495 ], [ 14.215211970729021, 36.028181643315484 ], [ 14.215028262558466, 36.028482471674629 ], [ 14.214892634916859, 36.028610962907301 ], [ 14.214842665230883, 36.028710900791438 ], [ 14.214864080168923, 36.028846530107252 ], [ 14.215021125443528, 36.02914634175626 ], [ 14.215156311113995, 36.029316794247784 ], [ 14.215378044072221, 36.029403324025822 ], [ 14.215941975864867, 36.029403324025822 ], [ 14.216784306343847, 36.029688858978453 ], [ 14.216876559730267, 36.029705751057797 ], [ 14.217330046353672, 36.029908112830427 ], [ 14.217164174233087, 36.030297267227361 ], [ 14.217028581625801, 36.030507294656658 ], [ 14.216928526371122, 36.030561652110322 ], [ 14.216886670268797, 36.030565447192544 ], [ 14.216591251202759, 36.030363700251236 ], [ 14.216524625853099, 36.030401771028629 ], [ 14.216776343677173, 36.030551381995018 ], [ 14.21673260201104, 36.03060137333236 ], [ 14.216413753984105, 36.030707259201172 ], [ 14.216401855798148, 36.030582336904523 ], [ 14.216418227594216, 36.030543045017062 ], [ 14.216413108993722, 36.030509772649481 ], [ 14.216389218298749, 36.030414208229253 ], [ 14.216331037112736, 36.03030457481912 ], [ 14.21620473578043, 36.030191861006756 ], [ 14.216067769649047, 36.030097199935568 ], [ 14.215953555148888, 36.030087681661307 ], [ 14.215782773735265, 36.030105217311807 ], [ 14.215610913444996, 36.030087681661307 ], [ 14.215507650306449, 36.030155795923569 ], [ 14.215042540381599, 36.030224237766554 ], [ 14.214964017744283, 36.030195683712797 ], [ 14.214842665230883, 36.030102885327672 ], [ 14.214649928991701, 36.029988671054063 ], [ 14.214307286389513, 36.029710274112681 ], [ 14.214114550150363, 36.029546091268266 ], [ 14.213964643787326, 36.02931766312031 ], [ 14.21387898313677, 36.029296247879344 ], [ 14.213577466306601, 36.029348922183978 ], [ 14.213514403675365, 36.029468405823145 ], [ 14.213643417021508, 36.029610336769871 ], [ 14.213671969972818, 36.029695997357145 ], [ 14.213664831959582, 36.029788796221588 ], [ 14.21362200208347, 36.029853042251752 ], [ 14.213491919742111, 36.029953979644361 ], [ 14.213350912090288, 36.030232781096728 ], [ 14.213298636428963, 36.030308475252298 ], [ 14.213183863176674, 36.030344663765966 ], [ 14.213069648676512, 36.030401771028629 ], [ 14.212983988025957, 36.030487432208247 ], [ 14.212966428657092, 36.030761007009531 ], [ 14.212851056228539, 36.030809585233065 ], [ 14.212527925034308, 36.031470361315286 ], [ 14.212489854432551, 36.031679754322852 ], [ 14.212480335883807, 36.031822521798262 ], [ 14.212527925034308, 36.031927218266752 ], [ 14.212613585684863, 36.03201287924044 ], [ 14.212708763985832, 36.032060467984223 ], [ 14.213060925136766, 36.03201287924044 ], [ 14.213308389437984, 36.032003361197596 ], [ 14.213489228389507, 36.032041431909001 ], [ 14.213946083695262, 36.032174682159734 ], [ 14.214450529948111, 36.032384074021394 ], [ 14.214650405098828, 36.032441181984886 ], [ 14.21484076080247, 36.03252684167316 ], [ 14.215145331904605, 36.032698162223127 ], [ 14.215935313958726, 36.033031287192379 ], [ 14.216763365716274, 36.033535733113112 ], [ 14.21722973957074, 36.033925965059161 ], [ 14.217572383071257, 36.03410680326148 ], [ 14.217857917974198, 36.034201983275189 ], [ 14.218133935226692, 36.034278124733483 ], [ 14.21900957703304, 36.03463028573897 ], [ 14.220132683140603, 36.034972928212348 ], [ 14.220380147441821, 36.035106177862289 ], [ 14.220380147441821, 36.035248945665032 ], [ 14.220265932941659, 36.035334605931823 ], [ 14.220246896742466, 36.035448819718141 ], [ 14.220275449693776, 36.035553517177924 ], [ 14.220408700393131, 36.035696284169703 ], [ 14.22053243164541, 36.035734356001832 ], [ 14.22077037829618, 36.035734356001832 ], [ 14.221027360247845, 36.035886640966901 ], [ 14.221350966650839, 36.035953266136765 ], [ 14.221503251752758, 36.035972301992985 ], [ 14.221712644553888, 36.036029408807678 ], [ 14.22209335865613, 36.036172175663218 ], [ 14.222321786758155, 36.036210247991733 ], [ 14.222750090010898, 36.036219766252579 ], [ 14.222988035763372, 36.036276872887825 ], [ 14.223454409617837, 36.036429158256745 ], [ 14.224215837822351, 36.036771800894584 ], [ 14.22460606867671, 36.03705733601376 ], [ 14.224910639778845, 36.037304799769551 ], [ 14.225224729429723, 36.037504675142898 ], [ 14.225424603682143, 36.037580817040293 ], [ 14.225557854381496, 36.037590335135505 ], [ 14.225805317784383, 36.037428531719051 ], [ 14.226252656337987, 36.037076372329544 ], [ 14.226595298940174, 36.036847942774124 ], [ 14.227033119843362, 36.036533853686812 ], [ 14.227278205405701, 36.036304236317839 ], [ 14.227861171600878, 36.035977060774748 ], [ 14.228224039771714, 36.035893778783986 ], [ 14.228711828564254, 36.035840242234634 ], [ 14.229056850803619, 36.035846190176933 ], [ 14.22942566941486, 36.035971112115895 ], [ 14.229497053140614, 36.035840242234634 ], [ 14.229532743206862, 36.035560655025137 ], [ 14.229562487324223, 36.03547737404692 ], [ 14.229723099808801, 36.035388144277761 ], [ 14.229836124939538, 36.035245376000908 ], [ 14.22990750866529, 36.035096660193304 ], [ 14.230187094924419, 36.035388144277761 ], [ 14.230454784794254, 36.035560655025137 ], [ 14.230549963095223, 36.03560824380471 ], [ 14.231013958210841, 36.03576290877416 ], [ 14.231240006675689, 36.035780754796477 ], [ 14.231477953326459, 36.035828344169438 ], [ 14.231573130729132, 36.035816446828939 ], [ 14.231817026023716, 36.035971112115895 ], [ 14.232072817707593, 36.036066289876693 ], [ 14.232114459112578, 36.036173366263704 ], [ 14.23218584194, 36.036256647232442 ], [ 14.232388096727927, 36.03640536375535 ], [ 14.232465429097459, 36.036518388299271 ], [ 14.232566556042274, 36.036452952750892 ], [ 14.232673631630869, 36.036423210358471 ], [ 14.23279260540542, 36.036339928113058 ], [ 14.233006755684311, 36.036143623039266 ], [ 14.233298240129395, 36.03601870064746 ], [ 14.233325010823165, 36.035979762333035 ], [ 14.233397106912914, 36.035994430943084 ], [ 14.233747363635466, 36.036012752718236 ], [ 14.23364326236876, 36.035789678169316 ], [ 14.233622442115433, 36.035658807986572 ], [ 14.233637313724948, 36.035584449781737 ], [ 14.233085816412459, 36.035359071974646 ], [ 14.232868540894696, 36.035175878662315 ], [ 14.2325711078058, 36.034890343986042 ], [ 14.23237480166172, 36.034604809001038 ], [ 14.232279624259046, 36.034414451285038 ], [ 14.232237982854061, 36.034259787299696 ], [ 14.232261778327608, 36.03414081289668 ], [ 14.232333162053362, 36.033950456964938 ], [ 14.2325711078058, 36.033771996771485 ], [ 14.233148127153827, 36.03356974226849 ], [ 14.233772735652353, 36.03320687524306 ], [ 14.234082066028842, 36.033105748057345 ], [ 14.234438984657537, 36.032861853956014 ], [ 14.234688827697633, 36.032641753292182 ], [ 14.235057645410581, 36.032535867117979 ], [ 14.235178997025681, 36.032642943219578 ], [ 14.235314625565584, 36.03306410664451 ], [ 14.235493085778229, 36.03345671930456 ], [ 14.23553591565434, 36.033613761786505 ], [ 14.23553591565434, 36.033727977341897 ], [ 14.235664407079339, 36.033692285815846 ], [ 14.235771482667934, 36.033685147072859 ], [ 14.236121264181687, 36.033556654673191 ], [ 14.236321138434107, 36.03336391967607 ], [ 14.23637824613332, 36.03320687524306 ], [ 14.236478182810382, 36.033099799908086 ], [ 14.236628089173418, 36.033071244717384 ], [ 14.236906486063123, 36.032971308006417 ], [ 14.237313374377793, 36.03291420188016 ], [ 14.237613186205571, 36.03306410664451 ], [ 14.237934412971388, 36.032892786890493 ], [ 14.238412685011809, 36.032814264243477 ], [ 14.238733911777627, 36.032821403065398 ], [ 14.238998031742495, 36.032842818074414 ], [ 14.239076554379814, 36.032821403065398 ], [ 14.239005170654062, 36.032493036927207 ], [ 14.238869541215827, 36.032114703047888 ], [ 14.238676804976677, 36.031779198680113 ], [ 14.238184256011452, 36.030480012756826 ], [ 14.238127922659972, 36.030441296910389 ], [ 14.238014039638173, 36.030363029717208 ], [ 14.237748814745474, 36.029873250663151 ], [ 14.237513247731881, 36.029637684354 ], [ 14.237327650404298, 36.02938784125557 ], [ 14.237270542705053, 36.029252210692356 ], [ 14.237163468014757, 36.028738247961378 ], [ 14.236992145815348, 36.028324220978291 ], [ 14.236949315939235, 36.028181453700974 ], [ 14.236785132651395, 36.02826711366253 ], [ 14.236706610912407, 36.028288529909716 ], [ 14.236663781036295, 36.028288529909716 ], [ 14.236585259297307, 36.028202869244936 ], [ 14.236278307659664, 36.027760288870617 ], [ 14.236156956044564, 36.027531861356394 ], [ 14.236278307659664, 36.027431924156076 ], [ 14.236142679119761, 36.027289155988171 ], [ 14.235999910769959, 36.027282018117845 ], [ 14.235942803969044, 36.027203494963246 ], [ 14.235857144216787, 36.027167802660408 ], [ 14.235700098942214, 36.027189219206491 ], [ 14.235528777641106, 36.027253463724136 ], [ 14.235371734163129, 36.027096420185764 ], [ 14.235228965813361, 36.027117835298213 ], [ 14.235129029136299, 36.027203494963246 ], [ 14.234736416848103, 36.02721063429366 ], [ 14.234486573808036, 36.027067865724781 ], [ 14.234305627058662, 36.026926209174924 ], [ 14.234436605020358, 36.026732361657061 ], [ 14.234565096445323, 36.026503934068394 ], [ 14.234717224342083, 36.026329621357334 ], [ 14.234843493335028, 36.026275505817424 ], [ 14.235086198361856, 36.026089907693702 ], [ 14.235243242738164, 36.025925725295728 ], [ 14.235300350437409, 36.025790096037063 ], [ 14.235314625565584, 36.025633051034674 ], [ 14.235400287114437, 36.025511698788542 ], [ 14.235435978977312, 36.025390346355444 ], [ 14.235443116990549, 36.025247578120535 ], [ 14.235357457238326, 36.025026288661365 ], [ 14.235228965813361, 36.024862106226486 ], [ 14.234964845848459, 36.024726475863368 ], [ 14.234822078396988, 36.024626538737053 ], [ 14.23438663713101, 36.024519462636839 ], [ 14.233986886829575, 36.024369556869168 ], [ 14.233393519041673, 36.024301566926056 ], [ 14.233324444884527, 36.024272951150259 ], [ 14.232905660180561, 36.023801817756301 ], [ 14.23268674972895, 36.023625737947228 ], [ 14.232049053675075, 36.023230747007744 ], [ 14.231668339572837, 36.022883346196153 ], [ 14.231487500621279, 36.022788167763672 ], [ 14.230797457939175, 36.022359864847743 ], [ 14.230549993637958, 36.021860178197322 ], [ 14.230340600836792, 36.021293866123365 ], [ 14.230201264051404, 36.020961003940215 ], [ 14.230010884093241, 36.021120099155333 ], [ 14.229783404612149, 36.021279311024749 ], [ 14.229307090899066, 36.02143596219365 ], [ 14.228736020194855, 36.021597765766877 ], [ 14.228507592092829, 36.021616800733 ], [ 14.227918412250794, 36.021633647317174 ], [ 14.227755682437092, 36.021540658661323 ], [ 14.227584361135982, 36.021550175788569 ], [ 14.227384485985265, 36.021540658661323 ], [ 14.226837386824398, 36.021561998269192 ], [ 14.226725298636532, 36.021540920947231 ], [ 14.226114959876297, 36.021354030026764 ], [ 14.225922970137136, 36.021267625094282 ], [ 14.225508943809196, 36.021239070700481 ], [ 14.22528907036363, 36.021107207115364 ], [ 14.225156783556596, 36.021072508888537 ], [ 14.224990222428172, 36.021091544708064 ], [ 14.224914079428062, 36.021048714834173 ], [ 14.224866490277563, 36.021001125977413 ], [ 14.224400114626468, 36.020896428066273 ] ] ] } },
{ "type": "Feature", "properties": { "LocalityId": 43, "LAU_Name": "In-Nadur", "LAU_Latin": "Nadur", "Region": "Għawdex (Gozo)", "Area_Km2": 7.174297, "Population": 4548.0, "NUTS3": "MT002", "LAU": "MT02643", "GREAT_CID": null, "GREAT_CIN": null, "FUA_ID": null, "FUA_Name": "Gozo", "Shape__Are": 10997556.2817, "Shape__Len": 15976.2600674 }, "geometry": { "type": "Polygon", "coordinates": [ [ [ 14.315608713656568, 36.049758686708543 ], [ 14.314984082700178, 36.049279412158235 ], [ 14.314795394269684, 36.049065565065504 ], [ 14.314352813193841, 36.048665815125098 ], [ 14.314024449313084, 36.048394556974436 ], [ 14.313710359662206, 36.048151851979689 ], [ 14.313496207586653, 36.048009084328008 ], [ 14.313210672683713, 36.047794931638691 ], [ 14.312525389275965, 36.047566504124433 ], [ 14.312211298726757, 36.047423736863848 ], [ 14.311940040748619, 36.047238139183222 ], [ 14.311625951996071, 36.047081094091432 ], [ 14.311026328340549, 36.046738452006686 ], [ 14.310569471238166, 36.046495746264071 ], [ 14.309969846684348, 36.046310149301014 ], [ 14.30945588367938, 36.046038890296572 ], [ 14.309084688125886, 36.045767631810172 ], [ 14.308644110293102, 36.045641750675145 ], [ 14.308299466244447, 36.045325052079448 ], [ 14.308170974819483, 36.045239391058445 ], [ 14.307799779265988, 36.045196561239372 ], [ 14.307090120073001, 36.044891008695551 ], [ 14.306802120192891, 36.044909998810986 ], [ 14.306157950879067, 36.044782534337408 ], [ 14.305515496449102, 36.04455410679865 ], [ 14.305187130771751, 36.044382785891194 ], [ 14.305044363320247, 36.04426857126154 ], [ 14.304787381368616, 36.043983036141626 ], [ 14.304316248239759, 36.043740331347152 ], [ 14.304116373089045, 36.043454795764198 ], [ 14.303973604739243, 36.042840894749382 ], [ 14.303845115110905, 36.042169887353936 ], [ 14.3038165612613, 36.041713030254719 ], [ 14.303579956693559, 36.041041077678024 ], [ 14.303621443588311, 36.040870700678504 ], [ 14.303583372986587, 36.040499505217859 ], [ 14.303278802782751, 36.03970000566202 ], [ 14.303707106035493, 36.039404952806784 ], [ 14.303564337685692, 36.039100381660901 ], [ 14.303450124083861, 36.038900506705573 ], [ 14.303526267083969, 36.038710149929251 ], [ 14.303669033637108, 36.038434132984733 ], [ 14.304173478991661, 36.037596563338205 ], [ 14.304373355040674, 36.037558490953515 ], [ 14.304620819341892, 36.037054044646908 ], [ 14.304078301588989, 36.036920796113279 ], [ 14.30412589073949, 36.036739957107997 ], [ 14.304049747739384, 36.036597189102487 ], [ 14.303116999132088, 36.036406831843472 ], [ 14.303088445282482, 36.036216474850718 ], [ 14.303269285132302, 36.035902386150738 ], [ 14.303316873384508, 36.035712028665159 ], [ 14.303307354835731, 36.035540708132899 ], [ 14.303335908685369, 36.035455048090213 ], [ 14.302983750229361, 36.035359868864354 ], [ 14.3010421091164, 36.034969638211265 ], [ 14.300309234761524, 36.034864940701759 ], [ 14.299728647305193, 36.034826869902233 ], [ 14.299347934101251, 36.034845906030768 ], [ 14.299081433600874, 36.034626994997183 ], [ 14.298938666149368, 36.034370012334797 ], [ 14.298843486950103, 36.03433194202244 ], [ 14.298672165648991, 36.034465192030439 ], [ 14.298500845246211, 36.03451278074548 ], [ 14.298196274144079, 36.034674582888016 ], [ 14.297996398993364, 36.034665065893265 ], [ 14.297710864090421, 36.034550851696814 ], [ 14.297425329187446, 36.034389047847249 ], [ 14.297120758085313, 36.03433194202244 ], [ 14.297054132735653, 36.034465192030439 ], [ 14.296568722681995, 36.034360496029699 ], [ 14.296378366080024, 36.034389047847249 ], [ 14.296283186880725, 36.034522299211467 ], [ 14.296226080079808, 36.034636512722926 ], [ 14.295959581376025, 36.034598441812996 ], [ 14.295838227964296, 36.034598441812996 ], [ 14.295426581273571, 36.034598441812996 ], [ 14.295074421020933, 36.034550851696814 ], [ 14.294826956719715, 36.03460796026863 ], [ 14.294436725865358, 36.03485542300362 ], [ 14.294217815413779, 36.035026745026549 ], [ 14.293884691360338, 36.035055298055461 ], [ 14.293646744709568, 36.035017227347957 ], [ 14.293132780806269, 36.034960119072899 ], [ 14.292818692053688, 36.034950600659819 ], [ 14.292390388800946, 36.035017227347957 ], [ 14.291828835747181, 36.035188548292489 ], [ 14.291019820188826, 36.035179029907006 ], [ 14.290781874436352, 36.035198065950368 ], [ 14.289582625328713, 36.035112404808629 ], [ 14.289335161027495, 36.035140959259323 ], [ 14.289211429775216, 36.035026745026549 ], [ 14.289078179974158, 36.034950600659819 ], [ 14.288897341022635, 36.034893495242216 ], [ 14.288602287570916, 36.03499819126089 ], [ 14.288402413318531, 36.034950600659819 ], [ 14.287755198715878, 36.034722173655823 ], [ 14.287726645764568, 36.034646031173978 ], [ 14.287384003162382, 36.034560370158211 ], [ 14.287307861060604, 36.034446155809945 ], [ 14.286936664608778, 36.034389047847249 ], [ 14.286803414807755, 36.034341459783896 ], [ 14.286260897953147, 36.034189174010407 ], [ 14.285832594700405, 36.0341606206675 ], [ 14.285727897850691, 36.034103513224224 ], [ 14.285727897850691, 36.033884602306514 ], [ 14.285594648947965, 36.033951227717068 ], [ 14.28536621994761, 36.034093994707618 ], [ 14.285185380996085, 36.034265316933926 ], [ 14.284995024394114, 36.034379530091606 ], [ 14.284728524792033, 36.034389047847249 ], [ 14.284433472238645, 36.034293870965335 ], [ 14.284214560888771, 36.034236764345074 ], [ 14.283691080233355, 36.034141583646942 ], [ 14.283272294631059, 36.034179656957008 ], [ 14.283091455679502, 36.034255799163326 ], [ 14.282805919878264, 36.034236764345074 ], [ 14.282682187727655, 36.034284353198132 ], [ 14.28256797412579, 36.034446155809945 ], [ 14.28245375962563, 36.034569887892005 ], [ 14.282006421072024, 36.034769762942041 ], [ 14.281692333217741, 36.034826869902233 ], [ 14.281416315066917, 36.034912531354593 ], [ 14.281159333115285, 36.03510288714039 ], [ 14.280892834411535, 36.035264690976291 ], [ 14.280578744760623, 36.035493117859694 ], [ 14.280102853255711, 36.035769137121385 ], [ 14.27959907984102, 36.036037979838589 ], [ 14.278929481916458, 36.03652861405164 ], [ 14.278205879971923, 36.036467010356894 ], [ 14.277552379857248, 36.036391908337905 ], [ 14.277608691649132, 36.03660720781636 ], [ 14.277567767998059, 36.036760569817616 ], [ 14.277474968435937, 36.036931891328365 ], [ 14.277403584710219, 36.037017551943975 ], [ 14.277360754834106, 36.037117489332182 ], [ 14.277310786944724, 36.03743157827099 ], [ 14.277303648033158, 36.037602899048437 ], [ 14.277275094183553, 36.03780991203498 ], [ 14.277275094183553, 36.038231076886333 ], [ 14.277346478807601, 36.038316736815219 ], [ 14.27764629063538, 36.038473781955325 ], [ 14.277767642250479, 36.038552304044728 ], [ 14.277853302901002, 36.038702209700404 ], [ 14.277853302901002, 36.039030576101695 ], [ 14.277888994763877, 36.039144790339087 ], [ 14.278031761317051, 36.039458879182632 ], [ 14.278060315166657, 36.039587369216832 ], [ 14.278167391653582, 36.039758691115402 ], [ 14.278217360441261, 36.039894320294017 ], [ 14.278174529666819, 36.040029949239027 ], [ 14.278174529666819, 36.040758063728696 ], [ 14.278238775379334, 36.040957939053769 ], [ 14.278338712056362, 36.041072152674843 ], [ 14.278410096680412, 36.041507595034375 ], [ 14.278510034255769, 36.041957313879621 ], [ 14.278567140158389, 36.042085804195231 ], [ 14.278931198596945, 36.042307092943751 ], [ 14.27906682803518, 36.042371338931886 ], [ 14.27918817965028, 36.042464138115747 ], [ 14.279280979212402, 36.042728257712525 ], [ 14.279302395048772, 36.042899579314664 ], [ 14.279302395048772, 36.043128007295586 ], [ 14.279323809986812, 36.043256497879831 ], [ 14.279480854363118, 36.043556309880287 ], [ 14.279709281566813, 36.043863262191877 ], [ 14.279709281566813, 36.044448609254218 ], [ 14.279859187929851, 36.044784111220274 ], [ 14.279887741779458, 36.045041094037046 ], [ 14.279880603766221, 36.045383734793177 ], [ 14.279859187929851, 36.045505089108936 ], [ 14.279802081128935, 36.04566927064387 ], [ 14.279773528177627, 36.045847730751021 ], [ 14.27978780510243, 36.046304587827819 ], [ 14.280016233204456, 36.047046978918019 ], [ 14.280244661306481, 36.047382484337533 ], [ 14.280558750059029, 36.047668018749476 ], [ 14.280780040147819, 36.04770371120447 ], [ 14.281029883187884, 36.047810787019699 ], [ 14.281215481413797, 36.048060629780146 ], [ 14.281322557002426, 36.048253365849916 ], [ 14.281429632591021, 36.048638838752758 ], [ 14.281458186440625, 36.048852991325269 ], [ 14.281458186440625, 36.048974343198466 ], [ 14.281393940728144, 36.049209909774248 ], [ 14.281393940728144, 36.049309846940503 ], [ 14.281429632591021, 36.049424060793136 ], [ 14.281479601378699, 36.049516859653401 ], [ 14.281536708179614, 36.049581106294923 ], [ 14.281779413206444, 36.049802395765475 ], [ 14.28193645758275, 36.050080792858878 ], [ 14.28195787341912, 36.05032349771664 ], [ 14.282600326950755, 36.050352051009234 ], [ 14.282935830641375, 36.050394880928707 ], [ 14.283178536566536, 36.050437712277422 ], [ 14.283385549730488, 36.050544787278994 ], [ 14.283414102681796, 36.050659002244998 ], [ 14.283399825756993, 36.050787492158697 ], [ 14.283399825756993, 36.051044474262063 ], [ 14.283450746758863, 36.051214368057828 ], [ 14.283550684334221, 36.051304786969318 ], [ 14.28374289056735, 36.051416572884527 ], [ 14.283892374722219, 36.051537023127182 ], [ 14.283936156812521, 36.051652188801306 ], [ 14.28391236223727, 36.051823509867255 ], [ 14.283879050011604, 36.051923447346638 ], [ 14.283731523285747, 36.052090009288271 ], [ 14.283669657210442, 36.052280365672608 ], [ 14.283669657210442, 36.052456446062173 ], [ 14.283760077135385, 36.052703910080901 ], [ 14.283760077135385, 36.05281812409271 ], [ 14.283741040936194, 36.052922820971901 ], [ 14.283579555289137, 36.053420603857049 ], [ 14.283560519089944, 36.053620478990801 ], [ 14.283579555289137, 36.053753729040125 ], [ 14.283636662090052, 36.05390601401573 ], [ 14.283846054891217, 36.054210585261814 ], [ 14.283941233192186, 36.054372388324992 ], [ 14.28408400064369, 36.054667441736584 ], [ 14.284169661294211, 36.05520995889637 ], [ 14.284245804294352, 36.055428870079531 ], [ 14.284289824438218, 36.055603758928598 ], [ 14.284307670369623, 36.055782219027193 ], [ 14.284224389356279, 36.056293804046426 ], [ 14.284319566758951, 36.056650722161862 ], [ 14.284254131677013, 36.05746568733062 ], [ 14.284304999678286, 36.057738959255509 ], [ 14.284295773082032, 36.057899938795131 ], [ 14.284135158800792, 36.058304447200605 ], [ 14.283706856446381, 36.059232437288991 ], [ 14.283611678145377, 36.059541767065127 ], [ 14.28349865301464, 36.060160427326679 ], [ 14.283361448829728, 36.060408280326669 ], [ 14.283457013406281, 36.060499499834833 ], [ 14.283617625890892, 36.060582781941463 ], [ 14.283962648130258, 36.060701754877954 ], [ 14.284123262411498, 36.060666063233782 ], [ 14.2843433622325, 36.060576832963164 ], [ 14.28445638556661, 36.060553037771484 ], [ 14.284545616122097, 36.060660114261729 ], [ 14.28472407633474, 36.060785036044308 ], [ 14.284848996956477, 36.06082667586827 ], [ 14.285289198395141, 36.061088417313101 ], [ 14.285491452284738, 36.061106262678301 ], [ 14.285646117023834, 36.061171698070204 ], [ 14.285705602563631, 36.061326362929464 ], [ 14.285675860242897, 36.061498874213292 ], [ 14.28547153483826, 36.061973156658318 ], [ 14.285612726644722, 36.062001185779224 ], [ 14.285989182732521, 36.062015289656166 ], [ 14.286108155608774, 36.062062879147803 ], [ 14.286227129383292, 36.062169955035777 ], [ 14.28631200041473, 36.062361000145344 ], [ 14.28631200041473, 36.06249118182523 ], [ 14.286382227110355, 36.062687944776776 ], [ 14.286465075135764, 36.062859999217459 ], [ 14.286611881412751, 36.062917544744103 ], [ 14.286744839261319, 36.063078406942431 ], [ 14.286750610038705, 36.063216918050038 ], [ 14.286869583813257, 36.063407275115317 ], [ 14.287059940415228, 36.063561939937109 ], [ 14.287226503340248, 36.063657117746857 ], [ 14.287413048390468, 36.063787700303237 ], [ 14.28763090421992, 36.064154649015826 ], [ 14.287783190220134, 36.064592469660099 ], [ 14.288085925165834, 36.064827930671406 ], [ 14.288499514014221, 36.065072897762931 ], [ 14.288785049815493, 36.065417918772397 ], [ 14.28898730370509, 36.06558448192537 ], [ 14.289225250355861, 36.06572724892041 ], [ 14.289379915094957, 36.065786736241606 ], [ 14.289601819631359, 36.065729948731679 ], [ 14.289763184005876, 36.065657246949549 ], [ 14.289784422874117, 36.065536893111442 ], [ 14.289986676763714, 36.065513097967553 ], [ 14.29007893464172, 36.065555677829053 ], [ 14.290254009104071, 36.065491828360337 ], [ 14.290383916273926, 36.065465811188332 ], [ 14.290474467352881, 36.065394125044797 ], [ 14.29060533661843, 36.065346536115776 ], [ 14.290736207680572, 36.065346536115776 ], [ 14.290736207680572, 36.065441713945027 ], [ 14.290777064856325, 36.065593470904147 ], [ 14.290834640577824, 36.065681394957032 ], [ 14.290914666994919, 36.065679660192906 ], [ 14.291027692125656, 36.065646942926051 ], [ 14.291127786007875, 36.065527599144026 ], [ 14.291116027060804, 36.065421765909633 ], [ 14.291021742583547, 36.065310843673984 ], [ 14.29108199977615, 36.065235960147888 ], [ 14.291271585623612, 36.065203767703679 ], [ 14.291367213980561, 36.065042490860833 ], [ 14.291614080003777, 36.06495299978134 ], [ 14.291944919641468, 36.064892970118933 ], [ 14.292140090315019, 36.064870643063735 ], [ 14.292270959580568, 36.064775465269776 ], [ 14.292330446916992, 36.06469218397018 ], [ 14.292342344204616, 36.064573211258271 ], [ 14.292461317080836, 36.064406648868889 ], [ 14.29258028995709, 36.064335265294766 ], [ 14.292687366443982, 36.06421629204312 ], [ 14.292675468258059, 36.064085421185865 ], [ 14.292628364197823, 36.063928048080022 ], [ 14.292697318879025, 36.063651927843701 ], [ 14.292815464406884, 36.063325918165759 ], [ 14.292898919693398, 36.063298980221902 ], [ 14.293091874223176, 36.063062253276129 ], [ 14.29317515523652, 36.062931382677796 ], [ 14.293258436249896, 36.062729129008893 ], [ 14.293270334435821, 36.062574464002289 ], [ 14.293341717263241, 36.062455490992747 ], [ 14.293532073865213, 36.062336517077071 ], [ 14.293674842215013, 36.062146161052077 ], [ 14.293698636790266, 36.061979597881631 ], [ 14.293877096104611, 36.061753549842187 ], [ 14.294043658131333, 36.061705960163465 ], [ 14.294329193932573, 36.06147991206408 ], [ 14.294424372233573, 36.061337143897269 ], [ 14.294579036972669, 36.061241964733476 ], [ 14.295043032088289, 36.061182479059212 ], [ 14.295245285977852, 36.061075403279816 ], [ 14.295792562106815, 36.060730380655642 ], [ 14.295971022319492, 36.060527970280575 ], [ 14.296244659934807, 36.060409153939489 ], [ 14.296394605823718, 36.060464827676284 ], [ 14.296550040419026, 36.060408989819408 ], [ 14.29673292034289, 36.060260039776715 ], [ 14.297100120189997, 36.060200999971343 ], [ 14.297529568794705, 36.060028440091457 ], [ 14.297719926295008, 36.059933262249409 ], [ 14.297827000985272, 36.059826186222502 ], [ 14.297850795560521, 36.059683417959981 ], [ 14.297969769335072, 36.059540650890803 ], [ 14.298064947636075, 36.059374088740633 ], [ 14.298102690352724, 36.059235697954229 ], [ 14.298350483437313, 36.059290806807176 ], [ 14.298778785791759, 36.059255115249158 ], [ 14.298992936968949, 36.059064759031571 ], [ 14.299076217982327, 36.058910094084133 ], [ 14.299123808031124, 36.058755428832704 ], [ 14.299135705318749, 36.058541277058772 ], [ 14.299159499893999, 36.058410406929184 ], [ 14.299326061920722, 36.058255742148091 ], [ 14.299512502766346, 36.057900884331438 ], [ 14.299659185974164, 36.057756055195391 ], [ 14.300039900076406, 36.057720362941318 ], [ 14.300099387412828, 36.057577595215477 ], [ 14.300095860627025, 36.057322861044888 ], [ 14.300237160231337, 36.057221008831036 ], [ 14.300527689767241, 36.057113600859516 ], [ 14.301372398086803, 36.057018421670563 ], [ 14.30158133813703, 36.057215488071165 ], [ 14.301850563227703, 36.057320837059393 ], [ 14.302193205829891, 36.057358907876242 ], [ 14.302311232780134, 36.057416426924746 ], [ 14.302669205132622, 36.057684670671016 ], [ 14.302954740035597, 36.057720362941318 ], [ 14.303098038391385, 36.057653995843154 ], [ 14.303097508385363, 36.05761328680812 ], [ 14.303180789398741, 36.057553801295548 ], [ 14.303275966801415, 36.057565698256411 ], [ 14.30338304328834, 36.057601389854447 ], [ 14.303478447964745, 36.057664748991471 ], [ 14.303561501704356, 36.057779849780395 ], [ 14.303728064629373, 36.057779849780395 ], [ 14.303858934793253, 36.057625185212402 ], [ 14.303977907669474, 36.057577595215477 ], [ 14.304132573306866, 36.057648979110745 ], [ 14.304322929908839, 36.057803644358216 ], [ 14.304386137168876, 36.05788190098103 ], [ 14.304558293004856, 36.057948809645538 ], [ 14.304715541298705, 36.057934514770594 ], [ 14.304917795188301, 36.058053488080063 ], [ 14.3052628174277, 36.058362818133354 ], [ 14.305512661366095, 36.058446098870334 ], [ 14.305821989945956, 36.058612660806098 ], [ 14.305845370397845, 36.058677790358104 ], [ 14.305979879636933, 36.058741020089244 ], [ 14.3062189204357, 36.058964039779006 ], [ 14.306493960321186, 36.059052960335364 ], [ 14.307263999776012, 36.059067989929225 ], [ 14.307685919600345, 36.059097959784836 ], [ 14.308144920082968, 36.059187960058914 ], [ 14.308639919652276, 36.059187960058914 ], [ 14.309191080096554, 36.059112990096267 ], [ 14.309570034399147, 36.059101484068862 ], [ 14.309759998437354, 36.059148039751896 ], [ 14.309902765888825, 36.059148039751896 ], [ 14.310128815251971, 36.059112348129126 ], [ 14.310247788128191, 36.059076655764009 ], [ 14.310366761004412, 36.058981476770676 ], [ 14.310485733880665, 36.058862504138041 ], [ 14.310509529354212, 36.058707838793076 ], [ 14.310866447982905, 36.058481790795227 ], [ 14.311080599160094, 36.058255742148091 ], [ 14.311294751235648, 36.057970206927578 ], [ 14.311294751235648, 36.057839335848271 ], [ 14.311270955762067, 36.057720362941318 ], [ 14.311270955762067, 36.057625185212402 ], [ 14.311318544912567, 36.057518108949694 ], [ 14.311485107837621, 36.057375340856915 ], [ 14.311651669864307, 36.057208779207116 ], [ 14.311699259014809, 36.057089806073058 ], [ 14.311699259014809, 36.056387864987798 ], [ 14.311734950877685, 36.05625699490821 ], [ 14.311865821041529, 36.055971458971577 ], [ 14.311913411090329, 36.055804897255406 ], [ 14.311901512904406, 36.055709718662357 ], [ 14.311818231891028, 36.055543155666022 ], [ 14.311818231891028, 36.05537659376958 ], [ 14.311996692103707, 36.055079160934959 ], [ 14.312020485780625, 36.054960188212618 ], [ 14.311996692103707, 36.054841215310439 ], [ 14.311889615616781, 36.054674652654676 ], [ 14.311758746351233, 36.054543783357424 ], [ 14.311699259014809, 36.054389118239591 ], [ 14.31174684816531, 36.054198761145244 ], [ 14.311972896630158, 36.053889430702021 ], [ 14.312115664979926, 36.053734765750761 ], [ 14.312175151418051, 36.053651485111835 ], [ 14.312175151418051, 36.053413538802246 ], [ 14.311889615616781, 36.052942404686448 ], [ 14.311896753630016, 36.052763946137446 ], [ 14.31211090570557, 36.052492686857356 ], [ 14.312265324306262, 36.052376124344512 ], [ 14.31235359276609, 36.052342734104087 ], [ 14.312439271382921, 36.052342781311658 ], [ 14.312589177745958, 36.052307088781255 ], [ 14.312746222122266, 36.052135768041623 ], [ 14.312860435724097, 36.052071522758894 ], [ 14.312996065162331, 36.051957309116212 ], [ 14.313010342087134, 36.051885925142251 ], [ 14.313138832613802, 36.051743157000118 ], [ 14.313367260715827, 36.051636080723597 ], [ 14.313495752140826, 36.051593250753207 ], [ 14.31360282772942, 36.051521867175374 ], [ 14.313681237179004, 36.051445757642398 ], [ 14.313816978906642, 36.051457622117859 ], [ 14.313866947694322, 36.051479037142876 ], [ 14.313995439119287, 36.051486174999056 ], [ 14.314188175358435, 36.051450482806501 ], [ 14.314316665885103, 36.051357684046984 ], [ 14.314416604358792, 36.051250608698624 ], [ 14.314602201686377, 36.050865136238485 ], [ 14.314587924761572, 36.050643846124117 ], [ 14.314502264111017, 36.050565323746234 ], [ 14.314309527871867, 36.050472524669459 ], [ 14.314238144146115, 36.050372588253005 ], [ 14.314359496659547, 36.05014415877671 ], [ 14.314441976375679, 36.050020440271723 ], [ 14.314915078611639, 36.050010030340943 ], [ 14.315100356138988, 36.049983334777778 ], [ 14.315465946205096, 36.05000852982333 ], [ 14.315573021793691, 36.04999663317269 ], [ 14.315679686852212, 36.049953965725855 ], [ 14.315715789245195, 36.04990859281785 ], [ 14.315687236293886, 36.049858623904342 ], [ 14.315629356043504, 36.049805870351562 ], [ 14.315608713656568, 36.049758686708543 ] ] ] } },
{ "type": "Feature", "properties": { "LocalityId": 48, "LAU_Name": "il-Qala", "LAU_Latin": "Qala", "Region": "Għawdex (Gozo)", "Area_Km2": 5.897399, "Population": 2300.0, "NUTS3": "MT002", "LAU": "MT02648", "GREAT_CID": null, "GREAT_CIN": null, "FUA_ID": null, "FUA_Name": "Gozo", "Shape__Are": 9037555.7456100006, "Shape__Len": 16486.078909700002 }, "geometry": { "type": "MultiPolygon", "coordinates": [ [ [ [ 14.331717665352455, 36.029449987356671 ], [ 14.33167796341017, 36.029292476709912 ], [ 14.331685306239311, 36.029266778121283 ], [ 14.33163771619048, 36.029183497026537 ], [ 14.33156038382095, 36.029100215843762 ], [ 14.331489000095196, 36.029040729126962 ], [ 14.331429513657101, 36.029010986114969 ], [ 14.33131648942466, 36.028969344716934 ], [ 14.330941723966232, 36.029052626038066 ], [ 14.330703778213794, 36.029052626038066 ], [ 14.330668086350919, 36.029094266665588 ], [ 14.330644290877338, 36.029231086026741 ], [ 14.330620497200416, 36.029278674998181 ], [ 14.330656189063294, 36.029379802011945 ], [ 14.330733521432821, 36.029445236898376 ], [ 14.330870340240516, 36.029498774888523 ], [ 14.330953154129901, 36.029487273250226 ], [ 14.331158491037568, 36.02954516500634 ], [ 14.331301259387338, 36.029557063294192 ], [ 14.33147971780339, 36.029557063294192 ], [ 14.331646280728405, 36.029521371331178 ], [ 14.331693869878908, 36.029497576195887 ], [ 14.331717665352455, 36.029449987356671 ] ] ], [ [ [ 14.319999369744881, 36.050030081058985 ], [ 14.320141587427429, 36.050103708047949 ], [ 14.320260560303648, 36.050115606135009 ], [ 14.320391429569163, 36.050068016681131 ], [ 14.320462814193245, 36.049972837687058 ], [ 14.320534197918965, 36.04984196783488 ], [ 14.320712657233312, 36.049806276349379 ], [ 14.320843528295487, 36.049794378941876 ], [ 14.321152857773679, 36.049639713933026 ], [ 14.321283727937525, 36.049496946074512 ], [ 14.321771517628394, 36.049056746331651 ], [ 14.321866695929362, 36.048913978142188 ], [ 14.322058735075865, 36.048681219296263 ], [ 14.322140334443009, 36.04860464799247 ], [ 14.322199820881103, 36.048461879709336 ], [ 14.322366382907823, 36.048247728978112 ], [ 14.322390176584777, 36.048057372283466 ], [ 14.322461561208828, 36.047926502152052 ], [ 14.322651917810798, 36.047676658239659 ], [ 14.322794686160567, 36.047581479985752 ], [ 14.322877967173943, 36.047474403858573 ], [ 14.322842275311066, 36.047188868744378 ], [ 14.322866069886318, 36.047069895716568 ], [ 14.32300883733779, 36.046986615289072 ], [ 14.323306270426686, 36.046903333320813 ], [ 14.3237821619316, 36.04657020892482 ], [ 14.323853545657318, 36.046451235688401 ], [ 14.323936826670694, 36.046189494952202 ], [ 14.324079595020462, 36.046106214319714 ], [ 14.324424617259861, 36.045963445863521 ], [ 14.324490539228661, 36.045777576724355 ], [ 14.324639040626606, 36.0456890391985 ], [ 14.325174147278423, 36.045594629906027 ], [ 14.325233632818218, 36.045463759312277 ], [ 14.325206314152119, 36.04540912015765 ], [ 14.325114659941997, 36.045380477912076 ], [ 14.325138455415544, 36.045273403149295 ], [ 14.325257428291764, 36.045190120821395 ], [ 14.325412093030861, 36.045285299787444 ], [ 14.325554861380663, 36.045225812947173 ], [ 14.3255338039721, 36.04511572803635 ], [ 14.325640374707493, 36.044920325160994 ], [ 14.325816600810056, 36.044916482832143 ], [ 14.325946854729626, 36.044823786773399 ], [ 14.326124093233483, 36.044719721932864 ], [ 14.326316287788517, 36.044678536992016 ], [ 14.326411466987816, 36.044619051145951 ], [ 14.326485239333918, 36.044507678308769 ], [ 14.326494748001194, 36.044404898677357 ], [ 14.326564120399011, 36.044316878217245 ], [ 14.326576366232942, 36.044259250086512 ], [ 14.326661310027916, 36.04422643965777 ], [ 14.326780282904135, 36.044071775331162 ], [ 14.326999611970628, 36.043856372781832 ], [ 14.327232380732129, 36.043738649849153 ], [ 14.327291867170223, 36.043679164019309 ], [ 14.327339456320722, 36.043595882910424 ], [ 14.327339456320722, 36.04347691026372 ], [ 14.327363250895974, 36.043417422783406 ], [ 14.327506019245776, 36.043381731290594 ], [ 14.327548618254832, 36.043440636990049 ], [ 14.327627952969159, 36.043419195082301 ], [ 14.327776079769615, 36.043216019642202 ], [ 14.327795159087934, 36.043021979779773 ], [ 14.328100883626908, 36.042893942059528 ], [ 14.32812467820216, 36.042786866094147 ], [ 14.328103263264087, 36.042751174315448 ], [ 14.327946218887814, 36.042751174315448 ], [ 14.327898629737311, 36.042727378818853 ], [ 14.327934321600187, 36.042667892951357 ], [ 14.328029499901154, 36.042608406312546 ], [ 14.32808898723758, 36.042513227742241 ], [ 14.328243651078379, 36.042453740986595 ], [ 14.328362624852929, 36.042453740986595 ], [ 14.328386451767509, 36.042528628032784 ], [ 14.328612165160738, 36.042488793702816 ], [ 14.329129705257181, 36.042046467927385 ], [ 14.329207333172457, 36.042037336070443 ], [ 14.329421485247979, 36.041918363247873 ], [ 14.329647532814496, 36.041680416337016 ], [ 14.329730814726171, 36.041561442975151 ], [ 14.329837890314797, 36.041442470159858 ], [ 14.329861684890048, 36.04135918886427 ], [ 14.329909274040515, 36.041275908206984 ], [ 14.329909274040515, 36.041192626735288 ], [ 14.329837890314797, 36.041037962260226 ], [ 14.329873582177672, 36.040918988653985 ], [ 14.329933068615768, 36.040895194056468 ], [ 14.330037119576801, 36.040915990177723 ], [ 14.330125079914493, 36.040890960014877 ], [ 14.330693879677678, 36.040310010162372 ], [ 14.330986920004801, 36.040102020225973 ], [ 14.331243960346944, 36.039878010054707 ], [ 14.331443088099341, 36.039870600204459 ], [ 14.331789048179878, 36.03970546372846 ], [ 14.331967508392554, 36.039586491014497 ], [ 14.33209480595651, 36.03947416893314 ], [ 14.332174324825477, 36.039452500038379 ], [ 14.332348221596463, 36.039312853162954 ], [ 14.332621860110111, 36.039146291063766 ], [ 14.332788422136833, 36.038967831021452 ], [ 14.332795291553802, 36.038942639706427 ], [ 14.332778715840195, 36.038872651682567 ], [ 14.332717038411115, 36.038872651682567 ], [ 14.332657551972988, 36.038801268918903 ], [ 14.332681345649906, 36.038694193199241 ], [ 14.332788422136833, 36.038682296291618 ], [ 14.333045404088496, 36.038684675237455 ], [ 14.333097751615025, 36.038658501018233 ], [ 14.333237307589373, 36.038671906653491 ], [ 14.333418979279173, 36.038599014256036 ], [ 14.333478465717265, 36.038337274293028 ], [ 14.333775897907865, 36.037944662717372 ], [ 14.333894870784086, 36.037694819090937 ], [ 14.334180406585356, 36.037397387002144 ], [ 14.334323174036829, 36.037218927354928 ], [ 14.33443024962542, 36.037052365185332 ], [ 14.334537326112347, 36.036790623713877 ], [ 14.33487045016579, 36.03630283505823 ], [ 14.335025114904887, 36.036136271677613 ], [ 14.335227369692781, 36.035945914757342 ], [ 14.335372080200241, 36.035750970017624 ], [ 14.335493716581286, 36.03554917170618 ], [ 14.33558505638106, 36.035534189197719 ], [ 14.33571515938365, 36.035446229284773 ], [ 14.335798440396994, 36.035362948185501 ], [ 14.335834132259869, 36.035267768848342 ], [ 14.335941207848464, 36.035089308733923 ], [ 14.336072078012345, 36.034732390197796 ], [ 14.336167257211644, 36.034327881972601 ], [ 14.336179153600936, 36.03382819495171 ], [ 14.336202949074485, 36.033649735934091 ], [ 14.336238640039063, 36.033495071173554 ], [ 14.336321921950738, 36.033352303097388 ], [ 14.336440894826957, 36.032840719361687 ], [ 14.336333819238362, 36.032436210138691 ], [ 14.336143461738061, 36.03223395583791 ], [ 14.335846028649165, 36.03223395583791 ], [ 14.33576612889456, 36.032191009976479 ], [ 14.335762747635821, 36.031996010175973 ], [ 14.335786543109366, 36.031841345073978 ], [ 14.335703262096024, 36.031698578359112 ], [ 14.335310650706159, 36.031436837256912 ], [ 14.335179273892484, 36.031436837256912 ], [ 14.335134845913466, 36.031404774100942 ], [ 14.335025114904887, 36.031246479875549 ], [ 14.33489424474104, 36.031139404055047 ], [ 14.334680093563817, 36.031139404055047 ], [ 14.334275584886326, 36.031270275209074 ], [ 14.334025741846261, 36.031377350125197 ], [ 14.333715927277801, 36.03135685514669 ], [ 14.333537952155394, 36.031282171783403 ], [ 14.3335083005645, 36.031199147808458 ], [ 14.333591879818547, 36.031190040119974 ], [ 14.33405088030117, 36.031026960229759 ], [ 14.334386733436427, 36.030974699680314 ], [ 14.334537326112347, 36.030984738723994 ], [ 14.334573017975222, 36.030913355349107 ], [ 14.334561119789269, 36.030865765912289 ], [ 14.334465942386595, 36.030806279802263 ], [ 14.334418353236128, 36.030675409330307 ], [ 14.334513530638802, 36.030401771028629 ], [ 14.334382661373249, 36.03038987432128 ], [ 14.333990049983385, 36.030473154867124 ], [ 14.333918666257631, 36.030532641955205 ], [ 14.33387254764928, 36.030545219344006 ], [ 14.333868000377308, 36.030593969874062 ], [ 14.333592727828172, 36.030675790726825 ], [ 14.333454149220868, 36.030689703343533 ], [ 14.33337139012867, 36.030794381703103 ], [ 14.333145236560963, 36.030872456680214 ], [ 14.33299060865278, 36.030870041174992 ], [ 14.332717038411115, 36.03083007381575 ], [ 14.332717038411115, 36.030734896265649 ], [ 14.332744586147603, 36.03069776715347 ], [ 14.332836011287336, 36.030627819749682 ], [ 14.332788422136833, 36.030580230866789 ], [ 14.332479091760343, 36.030556436051349 ], [ 14.332360118884088, 36.030496949707718 ], [ 14.332217351432618, 36.03044936074577 ], [ 14.332098377658067, 36.030425565890788 ], [ 14.331681972591284, 36.03044936074577 ], [ 14.331420232263591, 36.03044936074577 ], [ 14.331253670236871, 36.030385979703901 ], [ 14.33086105884697, 36.030163824917416 ], [ 14.330520951290525, 36.030028085265933 ], [ 14.330198159659497, 36.029908980243505 ], [ 14.329943347139254, 36.029908980243505 ], [ 14.329656365948686, 36.029794793294897 ], [ 14.329454142601826, 36.029647331995925 ], [ 14.329445278924931, 36.029580856958574 ], [ 14.329564251801152, 36.029533268169686 ], [ 14.329599943664025, 36.029533268169686 ], [ 14.329599943664025, 36.029390500177513 ], [ 14.329552355411856, 36.029223938161643 ], [ 14.329469074398478, 36.029033581244597 ], [ 14.329314408761052, 36.028843223867575 ], [ 14.329135949446739, 36.028831326924852 ], [ 14.328493495016774, 36.029069272702074 ], [ 14.328245597727589, 36.029099501709965 ], [ 14.328148472777411, 36.029069272702074 ], [ 14.328136576388081, 36.028950299903336 ], [ 14.328172268250956, 36.028819429980395 ], [ 14.328148472777411, 36.028736149139228 ], [ 14.328077089051657, 36.028652866757078 ], [ 14.327922424312559, 36.028593381155424 ], [ 14.327851039688511, 36.028700456804266 ], [ 14.327755862285841, 36.028700456804266 ], [ 14.327659596125052, 36.028658111275064 ], [ 14.32763688940962, 36.028569585739824 ], [ 14.327684477661791, 36.028486305360985 ], [ 14.327720170422962, 36.028379228694561 ], [ 14.327791554148716, 36.028272154062051 ], [ 14.327815348723968, 36.028153180785978 ], [ 14.32777965686109, 36.028129385963872 ], [ 14.327601196648414, 36.028141283012538 ], [ 14.327374848146301, 36.028139633873643 ], [ 14.326732693753634, 36.028046105119728 ], [ 14.326382158553347, 36.028045980162787 ], [ 14.325566480190554, 36.02815114079413 ], [ 14.325400195743237, 36.028117488913395 ], [ 14.325245531004139, 36.028153180785978 ], [ 14.325194044063634, 36.028184072706516 ], [ 14.324896080968747, 36.028119959716456 ], [ 14.323815190289649, 36.028238686761966 ], [ 14.323419898326977, 36.028019423904574 ], [ 14.323318166815982, 36.027879543167316 ], [ 14.322461561208828, 36.027891440253732 ], [ 14.322464537327344, 36.027942029731292 ], [ 14.322358870297132, 36.027942029731292 ], [ 14.322142128378612, 36.027838584803654 ], [ 14.322120713440574, 36.027710093764163 ], [ 14.322156404405119, 36.027553048956499 ], [ 14.32224920306891, 36.02736745093641 ], [ 14.322277756918549, 36.027274652125627 ], [ 14.322299171856589, 36.027103330677619 ], [ 14.322299171856589, 36.026910595147058 ], [ 14.322211718168727, 36.026796887704862 ], [ 14.322152230832305, 36.026737400701791 ], [ 14.322045156142007, 36.026689811648232 ], [ 14.321885613550938, 36.026671640270791 ], [ 14.321728102050708, 36.026610782980953 ], [ 14.321501510105115, 36.02667019306994 ], [ 14.321224242397728, 36.026725504167572 ], [ 14.321033884897458, 36.026618428013919 ], [ 14.320736451808562, 36.026606530735272 ], [ 14.320712657233312, 36.026558942329132 ], [ 14.320748349096188, 36.026499455146443 ], [ 14.320831630109533, 36.026487557849777 ], [ 14.320974397561001, 36.026487557849777 ], [ 14.321164755061304, 36.026535147025555 ], [ 14.321369683235494, 36.026515630119846 ], [ 14.321664442039765, 36.026433206303047 ], [ 14.321664442039765, 36.026332892830048 ], [ 14.321604954703341, 36.026249612266376 ], [ 14.321509777300669, 36.026154432814643 ], [ 14.321378906238493, 36.026059254700989 ], [ 14.321283727937525, 36.026011665964269 ], [ 14.321021986711504, 36.025916486951616 ], [ 14.320879220158362, 36.025880794792236 ], [ 14.320795939144986, 36.025821309276971 ], [ 14.320629376219967, 36.025761822263853 ], [ 14.320462814193245, 36.025738028172526 ], [ 14.320070202803347, 36.025714233347479 ], [ 14.318773396655825, 36.025702335932237 ], [ 14.318582621438937, 36.02576983208963 ], [ 14.318333196115491, 36.025773078157563 ], [ 14.318333196115491, 36.025714233347479 ], [ 14.318261813288068, 36.025642848829293 ], [ 14.318190428663986, 36.025642848829293 ], [ 14.318047661212514, 36.025714233347479 ], [ 14.317643153433353, 36.025809411877958 ], [ 14.317381412207332, 36.025809411877958 ], [ 14.317327245592317, 36.025855387149264 ], [ 14.31729974456821, 36.025914972897603 ], [ 14.317512282371178, 36.02595217909483 ], [ 14.317655049822649, 36.026047358064375 ], [ 14.317797818172449, 36.02611874076306 ], [ 14.317845407322951, 36.026202022918113 ], [ 14.317845407322951, 36.026297200859311 ], [ 14.317869201898169, 36.02635668819476 ], [ 14.317594698306918, 36.026390576216606 ], [ 14.317226425871377, 36.02638117373597 ], [ 14.316584293038272, 36.026416174032263 ], [ 14.316429628299176, 36.02635668819476 ], [ 14.316548601175397, 36.026249612266376 ], [ 14.316548601175397, 36.026166330888096 ], [ 14.316489113838971, 36.02609494677953 ], [ 14.316389328078923, 36.026069999814226 ], [ 14.316310655422956, 36.025928385060993 ], [ 14.316263065374157, 36.025880794792236 ], [ 14.316120297922687, 36.025857000736835 ], [ 14.315822864833789, 36.025855020259712 ], [ 14.315787172970914, 36.025928385060993 ], [ 14.315620610944192, 36.025928385060993 ], [ 14.315438139753809, 36.025895208097154 ], [ 14.315382665191752, 36.025940281715577 ], [ 14.315370767005795, 36.025999767867475 ], [ 14.315370767005795, 36.026035459972967 ], [ 14.315415903755556, 36.026101112684671 ], [ 14.315834762121414, 36.026166330888096 ], [ 14.315965633183591, 36.026261508872395 ], [ 14.316003834939357, 36.026332456197814 ], [ 14.316144091599607, 36.02634479015007 ], [ 14.31615598978553, 36.026428071339659 ], [ 14.315287485992453, 36.026535147025555 ], [ 14.314585545124361, 36.026642223292392 ], [ 14.31372893861891, 36.026654119839129 ], [ 14.313490992866436, 36.026677915106831 ], [ 14.313450368354331, 36.02671041463735 ], [ 14.313490992866436, 36.026761195944331 ], [ 14.313477608867014, 36.026796887704862 ], [ 14.313385404887935, 36.026796887704862 ], [ 14.313327672859574, 36.026747754135968 ], [ 14.31326494440162, 36.026761195944331 ], [ 14.312967219360267, 36.026726466061504 ], [ 14.312777154710753, 36.026737400701791 ], [ 14.312622489971657, 36.026725504167572 ], [ 14.312475000076745, 36.026690039771168 ], [ 14.312419275783029, 36.026655726871788 ], [ 14.312388444704148, 36.026659580989239 ], [ 14.312372646931593, 36.026701708914295 ], [ 14.312241775869415, 36.026713606905098 ], [ 14.312025227088707, 36.026666530750724 ], [ 14.311710272360189, 36.02668450016057 ], [ 14.311539835001357, 36.026761195944331 ], [ 14.310980661584736, 36.026761195944331 ], [ 14.310695126681795, 36.026690039771168 ], [ 14.309448120438697, 36.026556029760542 ], [ 14.308896959994419, 36.026406990233831 ], [ 14.308399025629061, 36.026362851899911 ], [ 14.30786765507054, 36.026644044644719 ], [ 14.307606054879997, 36.026755842324135 ], [ 14.307620032665833, 36.026836429925503 ], [ 14.30760878665677, 36.026863200901374 ], [ 14.307262502284416, 36.02700432576404 ], [ 14.307247689065379, 36.027019149337775 ], [ 14.307498661287797, 36.027282993081947 ], [ 14.307549083724677, 36.027393610019004 ], [ 14.307438104956159, 36.027491367044767 ], [ 14.306973027370638, 36.027783873846822 ], [ 14.306686590559146, 36.027797127315878 ], [ 14.306572489246719, 36.027832249034411 ], [ 14.306464864787465, 36.027965804994587 ], [ 14.306296864557989, 36.028286864064576 ], [ 14.30613059897531, 36.02882858225869 ], [ 14.306110834242405, 36.028989482885976 ], [ 14.306048380668932, 36.02899508481223 ], [ 14.305659973394581, 36.028915310903621 ], [ 14.305439682232398, 36.028919998189636 ], [ 14.30516045080779, 36.028948198180899 ], [ 14.305071486153643, 36.028968023966705 ], [ 14.305101870769802, 36.029084499086061 ], [ 14.305220843646021, 36.029403347273245 ], [ 14.305020969393635, 36.029983935884218 ], [ 14.304906754893473, 36.030274230037982 ], [ 14.304659290592255, 36.030221881812331 ], [ 14.303074569904581, 36.02981737294364 ], [ 14.302279830372731, 36.029569908909828 ], [ 14.301161482641225, 36.029212990063236 ], [ 14.299225360777363, 36.028560524969031 ], [ 14.298678084648401, 36.028286887312326 ], [ 14.298666188259107, 36.028477243854162 ], [ 14.298725674697199, 36.02873898534606 ], [ 14.298737571984825, 36.028917445318804 ], [ 14.29863049639623, 36.029107801063482 ], [ 14.298368755170209, 36.029476617960121 ], [ 14.29821409132941, 36.029607488244274 ], [ 14.298107014842484, 36.029726460776985 ], [ 14.298035631116766, 36.030047689204963 ], [ 14.298071322979641, 36.030273736762695 ], [ 14.29802373382914, 36.03045219689092 ], [ 14.297940451917468, 36.030606861814675 ], [ 14.297761992603119, 36.030785321188198 ], [ 14.297690608877367, 36.03090429484795 ], [ 14.297678711589775, 36.031023268327942 ], [ 14.297714404350948, 36.031130342853416 ], [ 14.297785788076668, 36.031249315991992 ], [ 14.298154603992986, 36.031499159724632 ], [ 14.298452037081884, 36.031630030280951 ], [ 14.298689982834324, 36.031713310968549 ], [ 14.29886844214867, 36.031856079109602 ], [ 14.298963621347969, 36.031963154682366 ], [ 14.299082594224188, 36.032058332927789 ], [ 14.299142079764019, 36.032165408952082 ], [ 14.299201567100443, 36.03233197128646 ], [ 14.299118286087065, 36.032712683974836 ], [ 14.298499626232385, 36.032617505793681 ], [ 14.297774039909394, 36.032430928096616 ], [ 14.296787633133572, 36.032342712638382 ], [ 14.295816813026224, 36.032666318968865 ], [ 14.295693080875649, 36.032790050214757 ], [ 14.295759706225308, 36.032885229640335 ], [ 14.296016688176941, 36.032961371645094 ], [ 14.296987508284289, 36.033380157893667 ], [ 14.297063651284398, 36.033484853744625 ], [ 14.29703509743479, 36.033656175116619 ], [ 14.29695895443465, 36.033722799993996 ], [ 14.296425955230523, 36.033817976839593 ], [ 14.295340920623014, 36.033951227717068 ], [ 14.295226707021151, 36.033998818195556 ], [ 14.29527429617165, 36.034132065861392 ], [ 14.295721634725256, 36.03451278074548 ], [ 14.295838227964296, 36.034598441812996 ], [ 14.295959581376025, 36.034598441812996 ], [ 14.296226080079808, 36.034636512722926 ], [ 14.296283186880725, 36.034522299211467 ], [ 14.296378366080024, 36.034389047847249 ], [ 14.296568722681995, 36.034360496029699 ], [ 14.297054132735653, 36.034465192030439 ], [ 14.297120758085313, 36.03433194202244 ], [ 14.297425329187446, 36.034389047847249 ], [ 14.297710864090421, 36.034550851696814 ], [ 14.297996398993364, 36.034665065893265 ], [ 14.298196274144079, 36.034674582888016 ], [ 14.298500845246211, 36.03451278074548 ], [ 14.298672165648991, 36.034465192030439 ], [ 14.298843486950103, 36.03433194202244 ], [ 14.298938666149368, 36.034370012334797 ], [ 14.299081433600874, 36.034626994997183 ], [ 14.299347934101251, 36.034845906030768 ], [ 14.299728647305193, 36.034826869902233 ], [ 14.300309234761524, 36.034864940701759 ], [ 14.3010421091164, 36.034969638211265 ], [ 14.302983750229361, 36.035359868864354 ], [ 14.303335908685369, 36.035455048090213 ], [ 14.303307354835731, 36.035540708132899 ], [ 14.303316873384508, 36.035712028665159 ], [ 14.303269285132302, 36.035902386150738 ], [ 14.303088445282482, 36.036216474850718 ], [ 14.303116999132088, 36.036406831843472 ], [ 14.304049747739384, 36.036597189102487 ], [ 14.30412589073949, 36.036739957107997 ], [ 14.304078301588989, 36.036920796113279 ], [ 14.304620819341892, 36.037054044646908 ], [ 14.304373355040674, 36.037558490953515 ], [ 14.304173478991661, 36.037596563338205 ], [ 14.303669033637108, 36.038434132984733 ], [ 14.303526267083969, 36.038710149929251 ], [ 14.303450124083861, 36.038900506705573 ], [ 14.303564337685692, 36.039100381660901 ], [ 14.303707106035493, 36.039404952806784 ], [ 14.303278802782751, 36.03970000566202 ], [ 14.303583372986587, 36.040499505217859 ], [ 14.303621443588311, 36.040870700678504 ], [ 14.303579956693559, 36.041041077678024 ], [ 14.3038165612613, 36.041713030254719 ], [ 14.303845115110905, 36.042169887353936 ], [ 14.303973604739243, 36.042840894749382 ], [ 14.304116373089045, 36.043454795764198 ], [ 14.304316248239759, 36.043740331347152 ], [ 14.304787381368616, 36.043983036141626 ], [ 14.305044363320247, 36.04426857126154 ], [ 14.305187130771751, 36.044382785891194 ], [ 14.305515496449102, 36.04455410679865 ], [ 14.306157950879067, 36.044782534337408 ], [ 14.306802120192891, 36.044909998810986 ], [ 14.307090120073001, 36.044891008695551 ], [ 14.307799779265988, 36.045196561239372 ], [ 14.308170974819483, 36.045239391058445 ], [ 14.308299466244447, 36.045325052079448 ], [ 14.308644110293102, 36.045641750675145 ], [ 14.309084688125886, 36.045767631810172 ], [ 14.30945588367938, 36.046038890296572 ], [ 14.309969846684348, 36.046310149301014 ], [ 14.310569471238166, 36.046495746264071 ], [ 14.311026328340549, 36.046738452006686 ], [ 14.311625951996071, 36.047081094091432 ], [ 14.311940040748619, 36.047238139183222 ], [ 14.312211298726757, 36.047423736863848 ], [ 14.312525389275965, 36.047566504124433 ], [ 14.313210672683713, 36.047794931638691 ], [ 14.313496207586653, 36.048009084328008 ], [ 14.313710359662206, 36.048151851979689 ], [ 14.314024449313084, 36.048394556974436 ], [ 14.314352813193841, 36.048665815125098 ], [ 14.314795394269684, 36.049065565065504 ], [ 14.314984082700178, 36.049279412158235 ], [ 14.315608713656568, 36.049758686708543 ], [ 14.315858556696666, 36.04954453514739 ], [ 14.315937079333951, 36.049501704765227 ], [ 14.316122676661534, 36.049430320743184 ], [ 14.316251168086533, 36.049180477972087 ], [ 14.316308274887447, 36.049123371252897 ], [ 14.316622363640029, 36.048923496320036 ], [ 14.316836302814837, 36.04891056307342 ], [ 14.316857930653622, 36.048913978142188 ], [ 14.316917417091714, 36.049163821032813 ], [ 14.31690551980409, 36.049270897040955 ], [ 14.316941211666965, 36.049389869647591 ], [ 14.31707208183081, 36.049413665309409 ], [ 14.317202951994656, 36.049520740251396 ], [ 14.317202951994656, 36.049699200343234 ], [ 14.317238643857531, 36.04978248080625 ], [ 14.317417385242868, 36.049884118222288 ], [ 14.317905960061298, 36.050024970149089 ], [ 14.317928568860349, 36.050054984847016 ], [ 14.318226121425193, 36.050103708047949 ], [ 14.31845603983227, 36.050264010325613 ], [ 14.318702318357285, 36.050256531729126 ], [ 14.319032955874029, 36.050206944338427 ], [ 14.319299880379235, 36.050069969676642 ], [ 14.319999369744881, 36.050030081058985 ] ] ] ] } },
{ "type": "Feature", "properties": { "LocalityId": 54, "LAU_Name": "San Lawrenz", "LAU_Latin": "San Lawrenz", "Region": "Għawdex (Gozo)", "Area_Km2": 3.632848, "Population": 772.0, "NUTS3": "MT002", "LAU": "MT02654", "GREAT_CID": null, "GREAT_CIN": null, "FUA_ID": null, "FUA_Name": "Gozo", "Shape__Are": 5568918.3945300002, "Shape__Len": 15048.230121500001 }, "geometry": { "type": "MultiPolygon", "coordinates": [ [ [ [ 14.189140361172415, 36.046296570648018 ], [ 14.189033284685491, 36.046268017337077 ], [ 14.188963245737762, 36.046299773016806 ], [ 14.188840549344672, 36.046296570648018 ], [ 14.188712057919673, 36.046310848025946 ], [ 14.18857642937977, 36.046396507881141 ], [ 14.188541996954925, 36.046562764840857 ], [ 14.188452267834448, 36.046658475994192 ], [ 14.188321396772306, 36.046694168180565 ], [ 14.188226219369634, 36.046753653911409 ], [ 14.188226219369634, 36.046872628143419 ], [ 14.188273807621805, 36.047027292778417 ], [ 14.188559343423076, 36.047265238783005 ], [ 14.188598186575938, 36.04732073007073 ], [ 14.188708496099583, 36.04742242078094 ], [ 14.188792096913193, 36.047455861045307 ], [ 14.188860682386819, 36.047539965342757 ], [ 14.188976177884577, 36.047531511047659 ], [ 14.189097531296303, 36.047460126691668 ], [ 14.189153829613465, 36.047450224842677 ], [ 14.18911303531981, 36.047254100718611 ], [ 14.189026146672255, 36.047160315030737 ], [ 14.189040423597058, 36.047088931064486 ], [ 14.189068977446698, 36.047038963266409 ], [ 14.189076116358263, 36.046874780229935 ], [ 14.189168915022055, 36.046674904672138 ], [ 14.189190329960095, 36.046439337773762 ], [ 14.189185560804271, 36.046358110726025 ], [ 14.189140361172415, 36.046296570648018 ] ] ], [ [ [ 14.194593656868204, 36.061554219669766 ], [ 14.195514507289541, 36.060876072841829 ], [ 14.196064163055715, 36.060626230093568 ], [ 14.196770863198129, 36.060454909308376 ], [ 14.197527481822618, 36.060218416355433 ], [ 14.19764174573012, 36.060219342256559 ], [ 14.197763099141849, 36.060076573981156 ], [ 14.197891804365856, 36.059703527940876 ], [ 14.198198540407827, 36.05969823973966 ], [ 14.19836272279737, 36.059598302692066 ], [ 14.199247882254165, 36.059262799233082 ], [ 14.2005542060521, 36.058927295069878 ], [ 14.201318012995463, 36.058755974216758 ], [ 14.201603548796735, 36.059277074985403 ], [ 14.202081819938826, 36.059319905857784 ], [ 14.202374493753368, 36.059505504098816 ], [ 14.202217450275391, 36.059726793988503 ], [ 14.202303110027616, 36.059869560719953 ], [ 14.202424463439344, 36.059805315940679 ], [ 14.202574368904084, 36.05969823973966 ], [ 14.202695851673194, 36.059649646658748 ], [ 14.202767105143234, 36.05971251686541 ], [ 14.202867041820262, 36.060097990291986 ], [ 14.203002672156794, 36.060462047076712 ], [ 14.203623711648719, 36.060340694760235 ], [ 14.203887831613589, 36.060333556254676 ], [ 14.203959215339339, 36.060611953133666 ], [ 14.204044875989895, 36.060854658195183 ], [ 14.204130536640417, 36.061011702674996 ], [ 14.20426616607865, 36.060911765116956 ], [ 14.204444626291329, 36.060861795927252 ], [ 14.204601669769271, 36.060761858904968 ], [ 14.20467305439332, 36.060840381276726 ], [ 14.204930035446656, 36.060961734274912 ], [ 14.205022835008778, 36.060733305757999 ], [ 14.205137047712311, 36.060519154283426 ], [ 14.205194155411558, 36.060504877304098 ], [ 14.205472551402931, 36.060569122964566 ], [ 14.205772364129007, 36.060676198706702 ], [ 14.205922268695415, 36.060519154283426 ], [ 14.205936545620219, 36.060119405144569 ], [ 14.205886577730871, 36.060026605713446 ], [ 14.205415443703686, 36.059776761720393 ], [ 14.205344059977966, 36.05967682477246 ], [ 14.205636733792474, 36.059526919112635 ], [ 14.205686702580154, 36.059362735980635 ], [ 14.205536798013744, 36.059191415349311 ], [ 14.205408305690449, 36.059084339039146 ], [ 14.205301231898483, 36.058898739804754 ], [ 14.205101355849436, 36.05862748206129 ], [ 14.205051388858383, 36.058506129820408 ], [ 14.205072802898126, 36.058341946011012 ], [ 14.205165601561918, 36.058142072701081 ], [ 14.205308369911718, 36.057949336153513 ], [ 14.205501106150868, 36.057799428655272 ], [ 14.205743811177697, 36.057678078042258 ], [ 14.206057899930277, 36.05743537335006 ], [ 14.206386264709332, 36.057099868657829 ], [ 14.206586139860049, 36.0570142066518 ], [ 14.20685025982495, 36.056800058127848 ], [ 14.20723573320158, 36.056607319745936 ], [ 14.207207179351942, 36.05643599892565 ], [ 14.207285701989258, 36.056136187318977 ], [ 14.207506991179718, 36.055914896773182 ], [ 14.208106615733538, 36.055772128676921 ], [ 14.208442120322488, 36.055764991209422 ], [ 14.208363596786873, 36.055322411039278 ], [ 14.208777624013109, 36.055258166178959 ], [ 14.209170235402976, 36.055236750729662 ], [ 14.209153920200793, 36.055145971034534 ], [ 14.209170235402976, 36.054994045770755 ], [ 14.209141680655039, 36.054844139905448 ], [ 14.209048881991247, 36.054651403269595 ], [ 14.208777624013109, 36.054287345747795 ], [ 14.208720517212193, 36.054044640766087 ], [ 14.208720517212193, 36.053807804638232 ], [ 14.208818074252044, 36.053619192788148 ], [ 14.20901794940276, 36.053314622158524 ], [ 14.209508117832478, 36.053319381344728 ], [ 14.209655644558335, 36.053333658175148 ], [ 14.209969734209213, 36.053328898989868 ], [ 14.209936421085219, 36.053109987775755 ], [ 14.209831725133801, 36.052681684875715 ], [ 14.209470047230752, 36.052762587294168 ], [ 14.209098850778926, 36.052876801220833 ], [ 14.208627717650071, 36.052329524710494 ], [ 14.208494467849048, 36.052253381823796 ], [ 14.208351700397579, 36.052053508302166 ], [ 14.208237485897383, 36.051820320796061 ], [ 14.208208932047777, 36.051610928323001 ], [ 14.208294592698332, 36.051434848220815 ], [ 14.208332664198386, 36.051239731932597 ], [ 14.208313628897523, 36.051077928965931 ], [ 14.208070923870695, 36.050740044736507 ], [ 14.207909120220032, 36.050583000820588 ], [ 14.206952577037486, 36.050468787196905 ], [ 14.206809807789387, 36.050478305186807 ], [ 14.206643246660997, 36.050473545828829 ], [ 14.206481443010334, 36.050425955865101 ], [ 14.206300604957107, 36.050306982645495 ], [ 14.205891337005227, 36.050130903257866 ], [ 14.205405926053272, 36.049888197806283 ], [ 14.205206053597479, 36.0497311536434 ], [ 14.204968107845039, 36.049469412917865 ], [ 14.204639741269325, 36.049012556776134 ], [ 14.204535045317908, 36.048679431863469 ], [ 14.20451124984436, 36.048389138004538 ], [ 14.204435107742551, 36.048117878900491 ], [ 14.204430349366492, 36.047832343941252 ], [ 14.204433451249168, 36.047667941760324 ], [ 14.204554079720474, 36.047461147890161 ], [ 14.204915757623523, 36.047070916193789 ], [ 14.205177498849542, 36.046809176065224 ], [ 14.205626705000645, 36.046495914044854 ], [ 14.205798541934724, 36.046273662340248 ], [ 14.2060713252522, 36.046076652070845 ], [ 14.206367301273705, 36.045954779311195 ], [ 14.206559256876876, 36.045824640003865 ], [ 14.206562345284832, 36.045728900236256 ], [ 14.206471925359887, 36.045681310309412 ], [ 14.206362471032412, 36.04566703281732 ], [ 14.206229220333057, 36.045657515698373 ], [ 14.206010308983149, 36.045681310309412 ], [ 14.205896096279616, 36.045671791739558 ], [ 14.205629595779239, 36.045600409328877 ], [ 14.205543936026979, 36.045552820050766 ], [ 14.205491587602124, 36.0455099896758 ], [ 14.205496346876512, 36.045452883199303 ], [ 14.205548695301369, 36.045371979805054 ], [ 14.205558212951816, 36.045295838177971 ], [ 14.205496346876512, 36.045210177851466 ], [ 14.205206053597479, 36.044924643241089 ], [ 14.20506804362377, 36.04485325797404 ], [ 14.20501569699554, 36.044796151021174 ], [ 14.204858650822606, 36.044439234351159 ], [ 14.204768232694322, 36.044334536357063 ], [ 14.20460880778254, 36.044255221054911 ], [ 14.204109120804047, 36.043755533830748 ], [ 14.203633230197463, 36.043588973139151 ], [ 14.203109747745422, 36.043315334669458 ], [ 14.202348320439237, 36.043148772320265 ], [ 14.202134168363717, 36.043041696701486 ], [ 14.201071699436161, 36.042219139142887 ], [ 14.200175160121335, 36.041576040087733 ], [ 14.198538768338549, 36.040978523783458 ], [ 14.198077186996098, 36.041126229720923 ], [ 14.197803549380781, 36.041257100260786 ], [ 14.197565602730013, 36.041328483703793 ], [ 14.197422836176839, 36.041221407788704 ], [ 14.19723247867657, 36.0409834616772 ], [ 14.19686366186192, 36.040816900206167 ], [ 14.1966970998352, 36.040674132327986 ], [ 14.196590024246603, 36.040614646362037 ], [ 14.196471051370384, 36.040448082658138 ], [ 14.196399666746336, 36.040269624113229 ], [ 14.196375873069382, 36.040043574734895 ], [ 14.196387770357006, 36.039841321083614 ], [ 14.196566229671355, 36.039591476937098 ], [ 14.196566229671355, 36.039472504050913 ], [ 14.196518641419184, 36.039341634177035 ], [ 14.196447256795134, 36.039222660913381 ], [ 14.196530537808512, 36.039079893050321 ], [ 14.196673305259981, 36.038996612161576 ], [ 14.196887457335501, 36.03869917917833 ], [ 14.196982634738173, 36.038485028042253 ], [ 14.197196786813693, 36.038116211194897 ], [ 14.197577500915935, 36.037783086667019 ], [ 14.198029597845597, 36.037354783915042 ], [ 14.198398414660247, 36.037212016297637 ], [ 14.198557044562998, 36.036982002106086 ], [ 14.198624464023393, 36.03691458383819 ], [ 14.198793228719195, 36.03669822899414 ], [ 14.19882671791299, 36.036438691019434 ], [ 14.198576873974593, 36.036438691019434 ], [ 14.198481695673591, 36.036343512982313 ], [ 14.19843410742142, 36.036117463956657 ], [ 14.198319892022926, 36.036067495733583 ], [ 14.198112878858975, 36.035998490907019 ], [ 14.197898727681752, 36.035998490907019 ], [ 14.197744062942656, 36.036034182840794 ], [ 14.197648883743355, 36.03591520966534 ], [ 14.197446434021026, 36.035831437274318 ], [ 14.197402171332042, 36.035794434782808 ], [ 14.197006430211722, 36.035582085997149 ], [ 14.196578126958979, 36.03539172919028 ], [ 14.196256900193163, 36.035272755770755 ], [ 14.195852390617373, 36.035165680338558 ], [ 14.195662034913699, 36.03503480911894 ], [ 14.195221832576703, 36.034642197787399 ], [ 14.194769737443668, 36.034392353854152 ], [ 14.1946269690939, 36.034225792971036 ], [ 14.194555585368148, 36.034047332674987 ], [ 14.194543688080524, 36.033630926892947 ], [ 14.194400918832425, 36.033214521815225 ], [ 14.194223432393535, 36.032996074079975 ], [ 14.194194951307459, 36.032916129149015 ], [ 14.193549431825765, 36.032925399362497 ], [ 14.193156785401579, 36.033069369756497 ], [ 14.192961990223814, 36.033186247074404 ], [ 14.192197823954313, 36.033792411939551 ], [ 14.19204077957804, 36.033835242150268 ], [ 14.191805251192022, 36.033792725761977 ], [ 14.191474183382235, 36.033845078152574 ], [ 14.190824033085269, 36.03380064178679 ], [ 14.189673254375386, 36.033983082801321 ], [ 14.188588218869576, 36.034363796952768 ], [ 14.187524277603245, 36.035344138827057 ], [ 14.187250639987928, 36.035522599090442 ], [ 14.186739055721809, 36.03591520966534 ], [ 14.186429726243617, 36.036022286257754 ], [ 14.186096601291878, 36.036450588992416 ], [ 14.186025216667829, 36.036605253760449 ], [ 14.18606504796753, 36.036674051027347 ], [ 14.186465418106494, 36.036807507732561 ], [ 14.186929413222112, 36.037057351268373 ], [ 14.187167358974552, 36.037104941322781 ], [ 14.187310126426022, 36.037212016297637 ], [ 14.187440996589901, 36.037497552 ], [ 14.187559970364417, 36.037676011015826 ], [ 14.187738428780468, 36.037830676282873 ], [ 14.187952580855987, 36.037949648743918 ], [ 14.188368986821104, 36.038389848846244 ], [ 14.188511754272575, 36.038627796257416 ], [ 14.188630727148794, 36.039127481882502 ], [ 14.188749700025049, 36.03941301790362 ], [ 14.188916262950066, 36.039531990879674 ], [ 14.189142311414916, 36.039603375160105 ], [ 14.18939215535331, 36.039710449643472 ], [ 14.189573199120707, 36.039859846077917 ], [ 14.189665792968627, 36.040019779872836 ], [ 14.189725279406753, 36.040257725990834 ], [ 14.189689586645548, 36.040483774754414 ], [ 14.189558717380033, 36.040721720923102 ], [ 14.189499230941905, 36.040935873240258 ], [ 14.189380257167354, 36.04123330503905 ], [ 14.189356462592103, 36.041459353907506 ], [ 14.189356462592103, 36.041685402853354 ], [ 14.189380257167354, 36.041863863274209 ], [ 14.189499230941905, 36.04213750097739 ], [ 14.189546820092408, 36.042292166198166 ], [ 14.189514664896803, 36.042538685941871 ], [ 14.189546820092408, 36.042732365995256 ], [ 14.18953492190645, 36.043062883034992 ], [ 14.189627905623212, 36.043511180244238 ], [ 14.189575802438394, 36.043626815987004 ], [ 14.189532971663985, 36.043826689840742 ], [ 14.189532971663985, 36.043990872696718 ], [ 14.18956866442516, 36.044190747805288 ], [ 14.189654721232733, 36.044431206086237 ], [ 14.189661463088949, 36.044497697643465 ], [ 14.189647186164148, 36.044533390083153 ], [ 14.189525833650716, 36.044569081780246 ], [ 14.189447311911762, 36.044626188897809 ], [ 14.189411620048885, 36.044776095338271 ], [ 14.189415949030231, 36.044885776879838 ], [ 14.189433034986925, 36.044997385241814 ], [ 14.189499857965979, 36.045107805159176 ], [ 14.189578075176085, 36.045195104210123 ], [ 14.189635181977, 36.045328353269284 ], [ 14.189617241722466, 36.045460525677157 ], [ 14.189629847780836, 36.045471769313608 ], [ 14.190026998357835, 36.045261844255158 ], [ 14.190125458204568, 36.045168706264541 ], [ 14.190268225656039, 36.045133014112871 ], [ 14.190532345620941, 36.045118737974043 ], [ 14.1912818756395, 36.045247228941186 ], [ 14.191321917144956, 36.045211783052842 ], [ 14.191310430387437, 36.045168706264541 ], [ 14.191595965290379, 36.045125875680611 ], [ 14.191867223268517, 36.045111598814138 ], [ 14.192080962119006, 36.045159385922375 ], [ 14.192281142696935, 36.045176067677993 ], [ 14.192473985835605, 36.045225812947173 ], [ 14.192523954623285, 36.045304336293157 ], [ 14.192597007418811, 36.045365062926351 ], [ 14.192638169123446, 36.045425687825968 ], [ 14.192888012163513, 36.045504210246314 ], [ 14.192987949738869, 36.045597008643028 ], [ 14.193002225765376, 36.045675532345186 ], [ 14.193095025327498, 36.045911097897303 ], [ 14.193202100916093, 36.046061004070268 ], [ 14.193216377840896, 36.046175218278613 ], [ 14.193123040187945, 36.046246332880145 ], [ 14.193087887314228, 36.046332262998462 ], [ 14.193095025327498, 36.046410785240944 ], [ 14.193059332566293, 36.046503584021735 ], [ 14.193052194553054, 36.046596382693089 ], [ 14.193144994115178, 36.046710596851064 ], [ 14.19317908787515, 36.046823881153003 ], [ 14.193087887314228, 36.046860502954281 ], [ 14.192930842039624, 36.046846225676049 ], [ 14.192802352411286, 36.046867641229269 ], [ 14.192759520738548, 36.046981855720034 ], [ 14.192693103798014, 36.047371800963255 ], [ 14.192581062322498, 36.04757434104917 ], [ 14.192523954623285, 36.047767078309519 ], [ 14.19240974102142, 36.047916983853611 ], [ 14.19209565226884, 36.048166827003335 ], [ 14.191874362180084, 36.04822393369011 ], [ 14.191610242215182, 36.048173965886185 ], [ 14.191373335813518, 36.04815385368542 ], [ 14.191286944832623, 36.048128942759199 ], [ 14.191060880198126, 36.048151876674204 ], [ 14.190924957010807, 36.048216796264441 ], [ 14.190633693551275, 36.048276944689427 ], [ 14.190573499240736, 36.048304866111067 ], [ 14.190304266065223, 36.048317779120651 ], [ 14.189925583053853, 36.048231073294112 ], [ 14.189547248588788, 36.048095443223438 ], [ 14.18913322315918, 36.048002644140169 ], [ 14.188760914593045, 36.047836475925955 ], [ 14.188710352917282, 36.047840426332691 ], [ 14.188240924790819, 36.048024060105135 ], [ 14.188212370941214, 36.048116857710511 ], [ 14.18833372435294, 36.048173965886185 ], [ 14.188827242600366, 36.048230251840224 ], [ 14.18915463809722, 36.048245348868555 ], [ 14.189290792151592, 36.048308836104553 ], [ 14.189415949030231, 36.048395483014666 ], [ 14.189511128229531, 36.048585840344309 ], [ 14.189784765844847, 36.048823785995914 ], [ 14.190022711597321, 36.049275883802864 ], [ 14.190260658248091, 36.049573316052893 ], [ 14.190282638226471, 36.04963192878084 ], [ 14.190268225656039, 36.049787240205973 ], [ 14.190268225656039, 36.050051359929718 ], [ 14.190282501682546, 36.050165574159074 ], [ 14.190248596568763, 36.050339622041278 ], [ 14.19014168537187, 36.050536997858629 ], [ 14.189987019734444, 36.050751148898584 ], [ 14.18953492190645, 36.050917711868337 ], [ 14.189166105990166, 36.05097719803905 ], [ 14.188928160237692, 36.051084273759336 ], [ 14.188678317197626, 36.051227041644033 ], [ 14.188611619982698, 36.051293738808823 ], [ 14.188495183948849, 36.051614818985634 ], [ 14.188562151556637, 36.05168604996129 ], [ 14.188633536180685, 36.051728879881196 ], [ 14.188683504968365, 36.05187878586981 ], [ 14.188512182768958, 36.052000138888516 ], [ 14.188283977449144, 36.052007276697445 ], [ 14.188255498159698, 36.052121194675017 ], [ 14.188083880414545, 36.052307088781255 ], [ 14.188033911626865, 36.052542656277453 ], [ 14.188048187653372, 36.052599762694847 ], [ 14.188212370941214, 36.052666616296328 ], [ 14.188440369648527, 36.052666616296328 ], [ 14.188535548847826, 36.052856972012428 ], [ 14.188476062409698, 36.052987842661942 ], [ 14.1885236515602, 36.053047328720702 ], [ 14.188684492216874, 36.053071455179058 ], [ 14.188797718570228, 36.05312086500961 ], [ 14.188833411331402, 36.05321366386918 ], [ 14.188804856583465, 36.05333501628229 ], [ 14.188733472857747, 36.053413538802246 ], [ 14.188625292341321, 36.053598245329354 ], [ 14.188619259255882, 36.053820426968883 ], [ 14.188728450376974, 36.054064548110659 ], [ 14.18898495083163, 36.054179347686443 ], [ 14.188991640585547, 36.054288604342048 ], [ 14.188914168078835, 36.054393785126919 ], [ 14.188914168078835, 36.054536552818597 ], [ 14.188942721030145, 36.054622213890312 ], [ 14.189042658605503, 36.054707874142544 ], [ 14.189185426056975, 36.054779257735873 ], [ 14.18947656015909, 36.054817915863495 ], [ 14.189675740013753, 36.054862630141052 ], [ 14.189897030102543, 36.054919737780097 ], [ 14.190275363669276, 36.055041089741458 ], [ 14.190453649608783, 36.055048366713621 ], [ 14.190722999565253, 36.055240020275413 ], [ 14.192043841036513, 36.056715029793629 ], [ 14.192227045252196, 36.057094158344498 ], [ 14.192215147066273, 36.057677125967281 ], [ 14.191929612163298, 36.058331476904996 ], [ 14.191429925184837, 36.058926343010008 ], [ 14.1912837638982, 36.059018655000699 ], [ 14.191188158897475, 36.059184371872583 ], [ 14.191156286671191, 36.059580695179335 ], [ 14.191596487211561, 36.06034212173504 ], [ 14.191667870937277, 36.060722836243926 ], [ 14.191679769123233, 36.061055961017445 ], [ 14.191525105282434, 36.061567545156983 ], [ 14.191408510246765, 36.062076749183774 ], [ 14.191522724746925, 36.06217668671448 ], [ 14.191598049381843, 36.062166743872282 ], [ 14.191843950614446, 36.062333730734224 ], [ 14.19209379634947, 36.062476499271256 ], [ 14.192208009053003, 36.062597851198447 ], [ 14.192388765359528, 36.06255376510066 ], [ 14.192466418427623, 36.062603561838571 ], [ 14.19310887375592, 36.062874821125014 ], [ 14.193244502295823, 36.062653530648362 ], [ 14.194593656868204, 36.061554219669766 ] ] ] ] } },
{ "type": "Feature", "properties": { "LocalityId": 56, "LAU_Name": "Ta' Sannat", "LAU_Latin": "Ta' Sannat", "Region": "Għawdex (Gozo)", "Area_Km2": 3.933136, "Population": 2186.0, "NUTS3": "MT002", "LAU": "MT02656", "GREAT_CID": null, "GREAT_CIN": null, "FUA_ID": null, "FUA_Name": "Gozo", "Shape__Are": 6025132.4858400002, "Shape__Len": 13848.690018 }, "geometry": { "type": "Polygon", "coordinates": [ [ [ 14.268640281958399, 36.021491779741346 ], [ 14.268967243568987, 36.02125775700619 ], [ 14.269205190219758, 36.021124507180417 ], [ 14.269623974923755, 36.021124507180417 ], [ 14.270024673846123, 36.020994440910101 ], [ 14.270795618802723, 36.020870707848381 ], [ 14.271176332904997, 36.020670833133345 ], [ 14.271395244254872, 36.020528067245266 ], [ 14.271559326033108, 36.020459699080497 ], [ 14.271195369104156, 36.020290121828353 ], [ 14.271138262303241, 36.020213979201316 ], [ 14.271164212835158, 36.020101522688471 ], [ 14.271217854834035, 36.020039662746562 ], [ 14.271293997834142, 36.019826464271624 ], [ 14.271438457711611, 36.019622985293331 ], [ 14.271690296808261, 36.019538211070603 ], [ 14.27184258191018, 36.019423998192423 ], [ 14.271947277861596, 36.019309782968953 ], [ 14.272080527662652, 36.019128944947859 ], [ 14.272185225410698, 36.018519802341373 ], [ 14.272204259813229, 36.018338963234044 ], [ 14.272204259813229, 36.018110533835959 ], [ 14.272270885162921, 36.018024875184018 ], [ 14.272404696410998, 36.017988032169754 ], [ 14.272504633088058, 36.017859541050896 ], [ 14.272547462964171, 36.017773880672941 ], [ 14.272561739888975, 36.017631113169536 ], [ 14.272504633088058, 36.017416960702853 ], [ 14.272275959745958, 36.017165970068383 ], [ 14.272056000062102, 36.017031959844402 ], [ 14.271836040378282, 36.017061030191954 ], [ 14.271725879974989, 36.01689695976804 ], [ 14.272358092712379, 36.016736971030532 ], [ 14.272475214160814, 36.016658860973926 ], [ 14.272656953224264, 36.016626563651592 ], [ 14.272717867085344, 36.016594203828461 ], [ 14.272704542374766, 36.016542807078366 ], [ 14.27264362761532, 36.016502831724317 ], [ 14.272368119707581, 36.016406010006179 ], [ 14.272037999620464, 36.016450020223076 ], [ 14.271653159556122, 36.016242029770503 ], [ 14.271725879974989, 36.016121970221484 ], [ 14.271689160439433, 36.016018020043752 ], [ 14.271505920291133, 36.015957990121514 ], [ 14.271230880405648, 36.015957990121514 ], [ 14.27099183960688, 36.015765029691316 ], [ 14.270658746096139, 36.015721466682081 ], [ 14.270534439023754, 36.015546705051314 ], [ 14.270320287846566, 36.015332554186884 ], [ 14.270037839554918, 36.015257969711634 ], [ 14.269633920172256, 36.01524302984722 ], [ 14.269176000362906, 36.015064020099906 ], [ 14.268277079614311, 36.014632020316476 ], [ 14.267762999828353, 36.014556959970058 ], [ 14.266680839829755, 36.014110020234696 ], [ 14.26631400020705, 36.014036039879521 ], [ 14.265708119785577, 36.014005980208609 ], [ 14.264681040886973, 36.013692959743295 ], [ 14.263984080278822, 36.013380030316753 ], [ 14.263652880416728, 36.013335030169593 ], [ 14.26346999959457, 36.013111020173625 ], [ 14.262882840063607, 36.012634020038185 ], [ 14.262558270666624, 36.012555265748595 ], [ 14.262440356005785, 36.012398046135225 ], [ 14.262510897111792, 36.012191664670439 ], [ 14.262510897111792, 36.012020343854033 ], [ 14.262410958638105, 36.011834746306633 ], [ 14.262011069097822, 36.011417157130353 ], [ 14.261784025299654, 36.011459487219192 ], [ 14.261688846998654, 36.011465436275579 ], [ 14.261587720053871, 36.011435691715768 ], [ 14.261385466164274, 36.011435691715768 ], [ 14.261260543745911, 36.011465436275579 ], [ 14.261117776294439, 36.011524921728309 ], [ 14.261040443924909, 36.011649843721429 ], [ 14.261028546637283, 36.011745021800209 ], [ 14.261093981719188, 36.011828303160634 ], [ 14.261111827650627, 36.011911585159787 ], [ 14.260980956588485, 36.011982968310903 ], [ 14.260814394561763, 36.012024609239738 ], [ 14.260659729822667, 36.012024609239738 ], [ 14.260546705590226, 36.012042454826336 ], [ 14.260576448809291, 36.012113839312299 ], [ 14.260647833433339, 36.012185223006917 ], [ 14.260748960378155, 36.012244708643067 ], [ 14.260754909021967, 36.01229229770103 ], [ 14.260713267616948, 36.012387477183978 ], [ 14.260511013727349, 36.012667063071447 ], [ 14.260273067974911, 36.012905009705356 ], [ 14.26015409509869, 36.013065623131872 ], [ 14.259904251160295, 36.01320839091251 ], [ 14.259880456585044, 36.013303569289285 ], [ 14.25977932964023, 36.013464183356945 ], [ 14.259535435243976, 36.013660488268492 ], [ 14.2594045641818, 36.01373782090063 ], [ 14.259184464360798, 36.013969818341799 ], [ 14.259095233805311, 36.01414232876099 ], [ 14.258952467252136, 36.014231559342676 ], [ 14.258672880094679, 36.014231559342676 ], [ 14.258278080408783, 36.014184990179075 ], [ 14.257972370242863, 36.014035792101112 ], [ 14.257842190883485, 36.014038901320717 ], [ 14.257632664233354, 36.014106504109456 ], [ 14.257497822617609, 36.014206177735026 ], [ 14.257379159660154, 36.014169960010108 ], [ 14.256985908669819, 36.014133320101188 ], [ 14.256671698644665, 36.01401909067058 ], [ 14.256308915813818, 36.013861898682208 ], [ 14.256093959746096, 36.013736970021917 ], [ 14.255723330131239, 36.013695906938807 ], [ 14.255660879252691, 36.013777874679327 ], [ 14.255622807752635, 36.013930160670675 ], [ 14.255403897301058, 36.014130035042776 ], [ 14.255013666446667, 36.014244249053561 ], [ 14.254889933397759, 36.014301357086801 ], [ 14.254794755096791, 36.014367980893432 ], [ 14.254575947053116, 36.014466030194924 ], [ 14.25373425886956, 36.014739880792298 ], [ 14.253671880754577, 36.014796000268731 ], [ 14.253770503196352, 36.014917079098375 ], [ 14.253770503196352, 36.014993595963219 ], [ 14.25373425886956, 36.015086221771725 ], [ 14.25381634602193, 36.015432490748054 ], [ 14.253830622946733, 36.015846517173166 ], [ 14.253773516145817, 36.016146328881149 ], [ 14.253773516145817, 36.016588909098658 ], [ 14.253730686269705, 36.016831614003813 ], [ 14.25361647176951, 36.017145703176482 ], [ 14.253416596618793, 36.017459791824017 ], [ 14.253159614667162, 36.017659665964288 ], [ 14.252831248989777, 36.01775960393423 ], [ 14.252360115860922, 36.017830988328505 ], [ 14.251960367356117, 36.017945202062286 ], [ 14.251375018828769, 36.018216459743186 ], [ 14.25101810020011, 36.018287843723591 ], [ 14.25061754321155, 36.018235587075679 ], [ 14.250058369794964, 36.018259381979405 ], [ 14.249213660577103, 36.018330765920986 ], [ 14.248535515182594, 36.018437840985506 ], [ 14.248023930916505, 36.018473532883526 ], [ 14.247250606322696, 36.018473532883526 ], [ 14.246512972693431, 36.018509224765388 ], [ 14.245037707231562, 36.01868768465885 ], [ 14.244728376855074, 36.018770965949486 ], [ 14.244302458629392, 36.019057319779257 ], [ 14.243476941019289, 36.019222171859973 ], [ 14.243323906722424, 36.01923022594503 ], [ 14.243050056206362, 36.019302716306584 ], [ 14.242365428568762, 36.019242308160983 ], [ 14.242027934211475, 36.019153086158518 ], [ 14.241710158772973, 36.019088999968645 ], [ 14.241389311994528, 36.018969188160163 ], [ 14.241261503289158, 36.018866144148198 ], [ 14.241156806439443, 36.018837591063964 ], [ 14.241023556638387, 36.018837591063964 ], [ 14.240928378337417, 36.018866144148198 ], [ 14.240804646186808, 36.018951804792032 ], [ 14.240652361084891, 36.01915168023433 ], [ 14.240462003584621, 36.019161197650106 ], [ 14.240355207372057, 36.019154986880707 ], [ 14.240271646982649, 36.019046982772338 ], [ 14.240081290380678, 36.018980357834934 ], [ 14.239986112079709, 36.018980357834934 ], [ 14.239852862278651, 36.019018429753636 ], [ 14.2397672007298, 36.019066019081215 ], [ 14.239491184375602, 36.019027947912043 ], [ 14.239319862176195, 36.019018429753636 ], [ 14.239215166224778, 36.019037466069349 ], [ 14.239111887814881, 36.019121764923433 ], [ 14.238938268623295, 36.019145656194198 ], [ 14.238797315768695, 36.019193980739253 ], [ 14.238314050891907, 36.019270499264415 ], [ 14.237834812264241, 36.019258417052797 ], [ 14.237625397005216, 36.019206062960762 ], [ 14.237540825112777, 36.019173845152437 ], [ 14.237452226971278, 36.019113438361231 ], [ 14.237202539339712, 36.019085247201609 ], [ 14.237075566965906, 36.019054598023025 ], [ 14.236876732962591, 36.019092582716681 ], [ 14.236795790263924, 36.019181899969077 ], [ 14.236695109781801, 36.01923828075585 ], [ 14.236646783114482, 36.01923828075585 ], [ 14.236574293562638, 36.019202036280369 ], [ 14.236520297627537, 36.019189247826915 ], [ 14.236242840375629, 36.019296990173522 ], [ 14.236140903150432, 36.019484804360573 ], [ 14.236074277800773, 36.019570465058528 ], [ 14.23585536734916, 36.01971323195496 ], [ 14.235458754863021, 36.019798064114994 ], [ 14.235269476239399, 36.019906800301911 ], [ 14.235180877199539, 36.019934989714521 ], [ 14.235092278159712, 36.019926935701442 ], [ 14.234741819316245, 36.019942295361169 ], [ 14.234380100988995, 36.019884554214244 ], [ 14.234208779687885, 36.019875036159242 ], [ 14.233815711953859, 36.020000577758928 ], [ 14.233485423881753, 36.02001150679353 ], [ 14.23332362112942, 36.019970213751087 ], [ 14.233133263629153, 36.019875036159242 ], [ 14.232885800226263, 36.019836963927865 ], [ 14.232847728726176, 36.020008285918152 ], [ 14.233043652187963, 36.020457913186796 ], [ 14.233029375263158, 36.02064351077253 ], [ 14.232886606913357, 36.020814831735905 ], [ 14.232601072010416, 36.020900491714663 ], [ 14.232272706333031, 36.020943323122204 ], [ 14.231958616682153, 36.021057536704653 ], [ 14.23142779319763, 36.020996800046497 ], [ 14.231059440811983, 36.020971071142661 ], [ 14.230688405158634, 36.020851090727419 ], [ 14.230524850691463, 36.020842481715995 ], [ 14.230385652246628, 36.02087222490556 ], [ 14.230201264051404, 36.020961003940215 ], [ 14.230340600836792, 36.021293866123365 ], [ 14.230549993637958, 36.021860178197322 ], [ 14.230797457939175, 36.022359864847743 ], [ 14.231487500621279, 36.022788167763672 ], [ 14.231668339572837, 36.022883346196153 ], [ 14.232049053675075, 36.023230747007744 ], [ 14.23268674972895, 36.023625737947228 ], [ 14.232905660180561, 36.023801817756301 ], [ 14.233324444884527, 36.024272951150259 ], [ 14.233393519041673, 36.024301566926056 ], [ 14.233986886829575, 36.024369556869168 ], [ 14.23438663713101, 36.024519462636839 ], [ 14.234822078396988, 36.024626538737053 ], [ 14.234964845848459, 36.024726475863368 ], [ 14.235228965813361, 36.024862106226486 ], [ 14.235357457238326, 36.025026288661365 ], [ 14.235443116990549, 36.025247578120535 ], [ 14.235435978977312, 36.025390346355444 ], [ 14.235400287114437, 36.025511698788542 ], [ 14.235314625565584, 36.025633051034674 ], [ 14.235300350437409, 36.025790096037063 ], [ 14.235243242738164, 36.025925725295728 ], [ 14.235086198361856, 36.026089907693702 ], [ 14.234843493335028, 36.026275505817424 ], [ 14.234717224342083, 36.026329621357334 ], [ 14.234565096445323, 36.026503934068394 ], [ 14.234436605020358, 36.026732361657061 ], [ 14.234305627058662, 36.026926209174924 ], [ 14.234486573808036, 36.027067865724781 ], [ 14.234736416848103, 36.02721063429366 ], [ 14.235129029136299, 36.027203494963246 ], [ 14.235228965813361, 36.027117835298213 ], [ 14.235371734163129, 36.027096420185764 ], [ 14.235528777641106, 36.027253463724136 ], [ 14.235700098942214, 36.027189219206491 ], [ 14.235857144216787, 36.027167802660408 ], [ 14.235942803969044, 36.027203494963246 ], [ 14.235999910769959, 36.027282018117845 ], [ 14.236142679119761, 36.027289155988171 ], [ 14.236278307659664, 36.027431924156076 ], [ 14.236156956044564, 36.027531861356394 ], [ 14.236278307659664, 36.027760288870617 ], [ 14.236585259297307, 36.028202869244936 ], [ 14.236663781036295, 36.028288529909716 ], [ 14.236706610912407, 36.028288529909716 ], [ 14.236785132651395, 36.02826711366253 ], [ 14.236949315939235, 36.028181453700974 ], [ 14.236992145815348, 36.028324220978291 ], [ 14.237163468014757, 36.028738247961378 ], [ 14.237270542705053, 36.029252210692356 ], [ 14.237327650404298, 36.02938784125557 ], [ 14.237513247731881, 36.029637684354 ], [ 14.237748814745474, 36.029873250663151 ], [ 14.238014039638173, 36.030363029717208 ], [ 14.238127922659972, 36.030441296910389 ], [ 14.238300750435814, 36.030342538833594 ], [ 14.23879329940104, 36.029971343149761 ], [ 14.239207324830648, 36.029835714317613 ], [ 14.239921163884661, 36.029657254245691 ], [ 14.24007820736264, 36.029628700712912 ], [ 14.240199560774366, 36.030442475973977 ], [ 14.241812835311649, 36.030128388948363 ], [ 14.241741449789268, 36.029742914781941 ], [ 14.241698671117124, 36.029419699638346 ], [ 14.242031743966599, 36.029443103223983 ], [ 14.242288725918231, 36.029433584870688 ], [ 14.242631369418749, 36.029319371079609 ], [ 14.243430868224989, 36.029129013666676 ], [ 14.244316027681782, 36.028948174933348 ], [ 14.244782402434579, 36.028814925036556 ], [ 14.245077454987934, 36.028814925036556 ], [ 14.245429615240568, 36.02913853205677 ], [ 14.245848399944565, 36.029918994722834 ], [ 14.246210077847614, 36.030432959194357 ], [ 14.246495613648886, 36.030290190653346 ], [ 14.246800184751018, 36.030175976651307 ], [ 14.247133308804463, 36.029890442011357 ], [ 14.247418844605734, 36.029757192255417 ], [ 14.247894737008945, 36.029652495082097 ], [ 14.249255788868982, 36.029395514351869 ], [ 14.249541323771924, 36.029252746110046 ], [ 14.250179018927499, 36.028824442738092 ], [ 14.25051214387924, 36.028776854218748 ], [ 14.250921410932824, 36.028872031955203 ], [ 14.251073696933039, 36.028948174933348 ], [ 14.251387785685619, 36.028976728712856 ], [ 14.251689344736585, 36.028983145029855 ], [ 14.251727554577192, 36.028970478760399 ], [ 14.252111142390048, 36.028957693345347 ], [ 14.252625106293344, 36.02891010418 ], [ 14.252796426696124, 36.028833961164999 ], [ 14.253015337147703, 36.028615050131918 ], [ 14.253176036768867, 36.028381689318579 ], [ 14.253557854002276, 36.027910730152108 ], [ 14.254176513856992, 36.027263517045597 ], [ 14.254462048759931, 36.027082677662492 ], [ 14.255137816313892, 36.0268352137562 ], [ 14.255575637217049, 36.026654374842998 ], [ 14.255975385721854, 36.026587749799084 ], [ 14.256555974974846, 36.026530642677557 ], [ 14.25714608097992, 36.026406911044376 ], [ 14.258354846839708, 36.026283179216811 ], [ 14.258840256893368, 36.026130893120872 ], [ 14.259154345645948, 36.025969090138204 ], [ 14.25939229229672, 36.025902465241359 ], [ 14.259658791898799, 36.025911983294776 ], [ 14.260049023651487, 36.026007160859869 ], [ 14.260762861807171, 36.025997642817906 ], [ 14.261162611210274, 36.025978608183628 ], [ 14.261705128963177, 36.025731143715468 ], [ 14.262152466618483, 36.025588376098057 ], [ 14.262533180720725, 36.025283805284914 ], [ 14.262771127371495, 36.024988752185919 ], [ 14.26281587964233, 36.024706980305389 ], [ 14.262685465822644, 36.024132146153839 ], [ 14.262637876672141, 36.023741913641231 ], [ 14.262694984371389, 36.023427825329854 ], [ 14.26282823417241, 36.023246985861007 ], [ 14.262990036924778, 36.023142290207417 ], [ 14.263285091274794, 36.023113735766451 ], [ 14.263446894027124, 36.023161326253536 ], [ 14.263532554677681, 36.023304093183029 ], [ 14.263561107628989, 36.023427825329854 ], [ 14.263532554677681, 36.023551557282381 ], [ 14.263532554677681, 36.023646736245837 ], [ 14.263608696779492, 36.023779986165565 ], [ 14.263827608129366, 36.023884681698377 ], [ 14.263932304080782, 36.023865645827058 ], [ 14.264037000032202, 36.023665772170027 ], [ 14.264037000032202, 36.023389753361897 ], [ 14.264075072430584, 36.023170843911544 ], [ 14.264198803682863, 36.022942414715502 ], [ 14.264332052585591, 36.022837717930656 ], [ 14.264560481585946, 36.022818683259466 ], [ 14.264703249935714, 36.022818683259466 ], [ 14.2647413214358, 36.022694950882645 ], [ 14.264598553086, 36.022304719244097 ], [ 14.264503374784997, 36.022104845260245 ], [ 14.264503374784997, 36.022009665887396 ], [ 14.264589035435552, 36.021924005661312 ], [ 14.264769874387076, 36.021857380976627 ], [ 14.264846017387217, 36.021733647816845 ], [ 14.264922161285623, 36.021524256708268 ], [ 14.265017337789997, 36.021457630959084 ], [ 14.265502748741952, 36.021476665959007 ], [ 14.265959604047707, 36.021524256708268 ], [ 14.266235621300201, 36.021562328124517 ], [ 14.26656874715027, 36.021667023697766 ], [ 14.266901871203714, 36.021743165647294 ], [ 14.267691852359505, 36.021800274059217 ], [ 14.268005941112087, 36.021752684203221 ], [ 14.268424725816084, 36.021628953058681 ], [ 14.268640281958399, 36.021491779741346 ] ] ] } },
{ "type": "Feature", "properties": { "LocalityId": 63, "LAU_Name": "Ix-Xagħra", "LAU_Latin": "Xagħra", "Region": "Għawdex (Gozo)", "Area_Km2": 7.648223, "Population": 5161.0, "NUTS3": "MT002", "LAU": "MT02663", "GREAT_CID": null, "GREAT_CIN": null, "FUA_ID": null, "FUA_Name": "Gozo", "Shape__Are": 11725656.399900001, "Shape__Len": 16451.393517299999 }, "geometry": { "type": "Polygon", "coordinates": [ [ [ 14.28547153483826, 36.061973156658318 ], [ 14.285675860242897, 36.061498874213292 ], [ 14.285705602563631, 36.061326362929464 ], [ 14.285646117023834, 36.061171698070204 ], [ 14.285491452284738, 36.061106262678301 ], [ 14.285289198395141, 36.061088417313101 ], [ 14.284848996956477, 36.06082667586827 ], [ 14.28472407633474, 36.060785036044308 ], [ 14.284545616122097, 36.060660114261729 ], [ 14.28445638556661, 36.060553037771484 ], [ 14.2843433622325, 36.060576832963164 ], [ 14.284123262411498, 36.060666063233782 ], [ 14.283962648130258, 36.060701754877954 ], [ 14.283617625890892, 36.060582781941463 ], [ 14.283457013406281, 36.060499499834833 ], [ 14.283361448829728, 36.060408280326669 ], [ 14.28349865301464, 36.060160427326679 ], [ 14.283611678145377, 36.059541767065127 ], [ 14.283706856446381, 36.059232437288991 ], [ 14.284135158800792, 36.058304447200605 ], [ 14.284295773082032, 36.057899938795131 ], [ 14.284304999678286, 36.057738959255509 ], [ 14.284254131677013, 36.05746568733062 ], [ 14.284319566758951, 36.056650722161862 ], [ 14.284224389356279, 36.056293804046426 ], [ 14.284307670369623, 36.055782219027193 ], [ 14.284289824438218, 36.055603758928598 ], [ 14.284245804294352, 36.055428870079531 ], [ 14.284169661294211, 36.05520995889637 ], [ 14.28408400064369, 36.054667441736584 ], [ 14.283941233192186, 36.054372388324992 ], [ 14.283846054891217, 36.054210585261814 ], [ 14.283636662090052, 36.05390601401573 ], [ 14.283579555289137, 36.053753729040125 ], [ 14.283560519089944, 36.053620478990801 ], [ 14.283579555289137, 36.053420603857049 ], [ 14.283741040936194, 36.052922820971901 ], [ 14.283760077135385, 36.05281812409271 ], [ 14.283760077135385, 36.052703910080901 ], [ 14.283669657210442, 36.052456446062173 ], [ 14.283669657210442, 36.052280365672608 ], [ 14.283731523285747, 36.052090009288271 ], [ 14.283879050011604, 36.051923447346638 ], [ 14.28391236223727, 36.051823509867255 ], [ 14.283936156812521, 36.051652188801306 ], [ 14.283892374722219, 36.051537023127182 ], [ 14.28374289056735, 36.051416572884527 ], [ 14.283550684334221, 36.051304786969318 ], [ 14.283450746758863, 36.051214368057828 ], [ 14.283399825756993, 36.051044474262063 ], [ 14.283399825756993, 36.050787492158697 ], [ 14.283414102681796, 36.050659002244998 ], [ 14.283385549730488, 36.050544787278994 ], [ 14.283178536566536, 36.050437712277422 ], [ 14.282935830641375, 36.050394880928707 ], [ 14.282600326950755, 36.050352051009234 ], [ 14.28195787341912, 36.05032349771664 ], [ 14.28193645758275, 36.050080792858878 ], [ 14.281779413206444, 36.049802395765475 ], [ 14.281536708179614, 36.049581106294923 ], [ 14.281479601378699, 36.049516859653401 ], [ 14.281429632591021, 36.049424060793136 ], [ 14.281393940728144, 36.049309846940503 ], [ 14.281393940728144, 36.049209909774248 ], [ 14.281458186440625, 36.048974343198466 ], [ 14.281458186440625, 36.048852991325269 ], [ 14.281429632591021, 36.048638838752758 ], [ 14.281322557002426, 36.048253365849916 ], [ 14.281215481413797, 36.048060629780146 ], [ 14.281029883187884, 36.047810787019699 ], [ 14.280780040147819, 36.04770371120447 ], [ 14.280558750059029, 36.047668018749476 ], [ 14.280244661306481, 36.047382484337533 ], [ 14.280016233204456, 36.047046978918019 ], [ 14.27978780510243, 36.046304587827819 ], [ 14.279773528177627, 36.045847730751021 ], [ 14.279802081128935, 36.04566927064387 ], [ 14.279859187929851, 36.045505089108936 ], [ 14.279880603766221, 36.045383734793177 ], [ 14.279887741779458, 36.045041094037046 ], [ 14.279859187929851, 36.044784111220274 ], [ 14.279709281566813, 36.044448609254218 ], [ 14.279709281566813, 36.043863262191877 ], [ 14.279480854363118, 36.043556309880287 ], [ 14.279323809986812, 36.043256497879831 ], [ 14.279302395048772, 36.043128007295586 ], [ 14.279302395048772, 36.042899579314664 ], [ 14.279280979212402, 36.042728257712525 ], [ 14.27918817965028, 36.042464138115747 ], [ 14.27906682803518, 36.042371338931886 ], [ 14.278931198596945, 36.042307092943751 ], [ 14.278567140158389, 36.042085804195231 ], [ 14.278510034255769, 36.041957313879621 ], [ 14.278410096680412, 36.041507595034375 ], [ 14.278338712056362, 36.041072152674843 ], [ 14.278238775379334, 36.040957939053769 ], [ 14.278174529666819, 36.040758063728696 ], [ 14.278174529666819, 36.040029949239027 ], [ 14.278217360441261, 36.039894320294017 ], [ 14.278167391653582, 36.039758691115402 ], [ 14.278060315166657, 36.039587369216832 ], [ 14.278031761317051, 36.039458879182632 ], [ 14.277888994763877, 36.039144790339087 ], [ 14.277853302901002, 36.039030576101695 ], [ 14.277853302901002, 36.038702209700404 ], [ 14.277767642250479, 36.038552304044728 ], [ 14.27764629063538, 36.038473781955325 ], [ 14.277346478807601, 36.038316736815219 ], [ 14.277275094183553, 36.038231076886333 ], [ 14.276953925808213, 36.038218324209616 ], [ 14.27614490935156, 36.038380128182531 ], [ 14.275745159948423, 36.038599038227147 ], [ 14.275288302846075, 36.038656145316295 ], [ 14.274850482841217, 36.038846502223208 ], [ 14.274393625738867, 36.038979751856864 ], [ 14.273984358685317, 36.038998787707961 ], [ 14.273498948631625, 36.039217698211949 ], [ 14.273070646277214, 36.03930335924678 ], [ 14.272851734927304, 36.039446125978344 ], [ 14.272480540272138, 36.03964600100155 ], [ 14.272147415320365, 36.039960090025097 ], [ 14.271738148266815, 36.040474052896393 ], [ 14.271500201616044, 36.040988016771273 ], [ 14.271462130115991, 36.041368731199448 ], [ 14.271414540965489, 36.041568604974358 ], [ 14.271290808814914, 36.041635229695409 ], [ 14.271148041363409, 36.041654266357334 ], [ 14.270976720062333, 36.041711372683523 ], [ 14.270767328159499, 36.041968355360446 ], [ 14.270548416809591, 36.042139675710565 ], [ 14.270148668304786, 36.042206300674799 ], [ 14.269806024804268, 36.042234854732428 ], [ 14.269368204799408, 36.042244372991483 ], [ 14.26908266899817, 36.042149193981132 ], [ 14.268644848094979, 36.042463283189115 ], [ 14.268435456192146, 36.042548942872337 ], [ 14.268302206391123, 36.042463283189115 ], [ 14.268035705890712, 36.042330032912858 ], [ 14.267626438837162, 36.042196783137527 ], [ 14.266865012429307, 36.042044498026421 ], [ 14.265741907220042, 36.04185414086021 ], [ 14.265380228418694, 36.041749443786799 ], [ 14.264980479015557, 36.041578123313947 ], [ 14.26025010973119, 36.040464535149738 ], [ 14.259241218123822, 36.040416945672803 ], [ 14.25748041686068, 36.040502606855803 ], [ 14.256328757801807, 36.040531160078523 ], [ 14.255614919646124, 36.040750070680893 ], [ 14.254672651591786, 36.041197409171858 ], [ 14.254260174857707, 36.041307718199057 ], [ 14.253330636829272, 36.041283070232218 ], [ 14.252924251571145, 36.041349778727557 ], [ 14.252048937649871, 36.041556572669997 ], [ 14.251720210849754, 36.041605017120524 ], [ 14.251596838923581, 36.04162319812756 ], [ 14.251706294149386, 36.041913492238415 ], [ 14.2517158117998, 36.042018189093703 ], [ 14.251677741198078, 36.042127644219846 ], [ 14.251639668799692, 36.042318000724855 ], [ 14.251801473348687, 36.04237986714363 ], [ 14.252600973053223, 36.042927143096961 ], [ 14.252577177579674, 36.042989009037115 ], [ 14.252462963079479, 36.043041358219845 ], [ 14.252363026402453, 36.04312701800054 ], [ 14.252329714176753, 36.043293579669388 ], [ 14.252437524587274, 36.043428291187723 ], [ 14.252539106977919, 36.043505352002484 ], [ 14.252788949119685, 36.043743297756514 ], [ 14.253050690345708, 36.044040731298381 ], [ 14.252248722969078, 36.044498997795742 ], [ 14.251860958888482, 36.044611800810571 ], [ 14.251492143870461, 36.044802157120479 ], [ 14.251396963772864, 36.04508769217508 ], [ 14.251349374622363, 36.045385124996173 ], [ 14.251016250568918, 36.045444611716114 ], [ 14.250825893966949, 36.045539791100794 ], [ 14.250611741891428, 36.045539791100794 ], [ 14.250468975338288, 36.045896710044886 ], [ 14.250326206988488, 36.046051375144486 ], [ 14.250052569373171, 36.046110862087311 ], [ 14.249814622722401, 36.046051375144486 ], [ 14.249540985107052, 36.046051375144486 ], [ 14.249291141168655, 36.046146553795609 ], [ 14.249267346593404, 36.046313116339824 ], [ 14.249338731217488, 36.046503472167913 ], [ 14.249350627606782, 36.04672952188497 ], [ 14.249279243881031, 36.047062644880562 ], [ 14.249291141168655, 36.047467153786151 ], [ 14.249360089561675, 36.047838776153625 ], [ 14.249481497770628, 36.048109609149904 ], [ 14.249612368832802, 36.048323760256864 ], [ 14.249695649846148, 36.048526015360942 ], [ 14.24979082814715, 36.048811549983029 ], [ 14.249802725434774, 36.048966215166473 ], [ 14.249897903735745, 36.049132776829083 ], [ 14.250016876611966, 36.0492636478603 ], [ 14.250195336824641, 36.049656258922205 ], [ 14.250123953098891, 36.049906102362137 ], [ 14.250458642915873, 36.050154339182221 ], [ 14.250644241141787, 36.050261415295566 ], [ 14.250894085080182, 36.050561226766497 ], [ 14.250979744832408, 36.050761101898622 ], [ 14.251186757996393, 36.051146574868227 ], [ 14.251472294695962, 36.051596293125748 ], [ 14.251515123673743, 36.051789029253989 ], [ 14.251415186996716, 36.052038871734638 ], [ 14.25138663314711, 36.052224469716862 ], [ 14.25138663314711, 36.052452898966173 ], [ 14.251472294695962, 36.052752710805187 ], [ 14.251436601934788, 36.052945447006799 ], [ 14.251275090236584, 36.053307175807362 ], [ 14.251193897806257, 36.053552209995466 ], [ 14.251029713620085, 36.053702116142745 ], [ 14.250458642915873, 36.054151834324017 ], [ 14.25032301437597, 36.054344570004481 ], [ 14.250044616587934, 36.054872809936235 ], [ 14.249994647800255, 36.05508696225202 ], [ 14.249980371773782, 36.055258283104024 ], [ 14.25024449173865, 36.05564375583625 ], [ 14.250515749716822, 36.056000674721133 ], [ 14.25063710312855, 36.056243380206887 ], [ 14.250758454743652, 36.056857281283769 ], [ 14.251079683306095, 36.05759253431345 ], [ 14.251293833584986, 36.058163605006747 ], [ 14.251458016872828, 36.058499108794884 ], [ 14.251679306961618, 36.058848889887486 ], [ 14.251814936399819, 36.059013072639182 ], [ 14.25203622738694, 36.059162977825508 ], [ 14.252278932413768, 36.059369992219423 ], [ 14.252908298390022, 36.059810191652673 ], [ 14.253181936903671, 36.060060034813418 ], [ 14.253521009600924, 36.06046454373417 ], [ 14.254115874880354, 36.060940435842042 ], [ 14.254556075420723, 36.061136742268111 ], [ 14.255038998937682, 36.061281618919885 ], [ 14.255643488767113, 36.061636428086459 ], [ 14.256028962143709, 36.062107561714072 ], [ 14.256371603847601, 36.062664355730966 ], [ 14.256817753031781, 36.062716465989027 ], [ 14.257267471222562, 36.062902064206398 ], [ 14.257788573139097, 36.063002000688861 ], [ 14.257967033351774, 36.063002000688861 ], [ 14.258238291329912, 36.06309480024165 ], [ 14.258509550206348, 36.063266121088247 ], [ 14.258887883773113, 36.063601624905594 ], [ 14.259259080224906, 36.063872883655677 ], [ 14.259487508326933, 36.063865744744405 ], [ 14.260415497659839, 36.064072757658174 ], [ 14.261322072953003, 36.064194110754144 ], [ 14.261614745869181, 36.064194110754144 ], [ 14.261778929157021, 36.064129865875074 ], [ 14.261893142758886, 36.064058482049766 ], [ 14.262071602971563, 36.064037066816908 ], [ 14.262171539648589, 36.064037066816908 ], [ 14.262542736100418, 36.064144142196653 ], [ 14.262835409914926, 36.064072757658174 ], [ 14.263178051618782, 36.064072757658174 ], [ 14.26404893504907, 36.06417269628438 ], [ 14.264441547337269, 36.064258356306915 ], [ 14.264598589916915, 36.064208387790224 ], [ 14.264734220253478, 36.064208387790224 ], [ 14.26491981937769, 36.064329739950828 ], [ 14.26504830810773, 36.064393986119022 ], [ 14.264969787267038, 36.064672383154345 ], [ 14.26487698680662, 36.065264868200742 ], [ 14.264819880005703, 36.065421913317884 ], [ 14.264869848793381, 36.065600372208465 ], [ 14.264969787267038, 36.065857353868189 ], [ 14.26504830810773, 36.065907322789862 ], [ 14.265112553820211, 36.06636417888938 ], [ 14.265105415806975, 36.066578331156137 ], [ 14.264984064191875, 36.067727610861667 ], [ 14.264976926178605, 36.068084530121382 ], [ 14.264898401744691, 36.068655600182495 ], [ 14.264736510059112, 36.069227387128819 ], [ 14.264669975439293, 36.069597866231575 ], [ 14.264627143766553, 36.070247460072402 ], [ 14.26463428177979, 36.070418779864895 ], [ 14.264819880005703, 36.070789977277421 ], [ 14.264934095404195, 36.070961297340503 ], [ 14.26501975515642, 36.071161172938183 ], [ 14.265012617143149, 36.071353909070083 ], [ 14.264948372328998, 36.071453847159674 ], [ 14.26499120220511, 36.071639443642511 ], [ 14.264948372328998, 36.071739382095409 ], [ 14.26485557186858, 36.071875011353143 ], [ 14.264736227089793, 36.07200761694601 ], [ 14.26460572882848, 36.072117715795237 ], [ 14.264527207089492, 36.072296176195813 ], [ 14.264591451903678, 36.072481774321453 ], [ 14.264719944226973, 36.072638818100408 ], [ 14.26482701891727, 36.072810139219001 ], [ 14.264920764405367, 36.072888364216205 ], [ 14.264948010307934, 36.072859940356061 ], [ 14.264994410088978, 36.072838523888784 ], [ 14.265065792916401, 36.072824247692907 ], [ 14.265347759711037, 36.072777848223069 ], [ 14.265515512005512, 36.072781416911333 ], [ 14.265989812594066, 36.072865632099287 ], [ 14.266125842680905, 36.072934892862982 ], [ 14.266233279392267, 36.073095675039582 ], [ 14.266404600693345, 36.073202749706695 ], [ 14.266597337830824, 36.07325271904493 ], [ 14.267082747884482, 36.073259857104354 ], [ 14.267389697725497, 36.073188474302974 ], [ 14.267746617252486, 36.073017151830207 ], [ 14.267867968867588, 36.072910076910468 ], [ 14.267896522717228, 36.072731617176743 ], [ 14.267896522717228, 36.072610264907418 ], [ 14.268046429080265, 36.072360420940534 ], [ 14.268124950819253, 36.072160546212132 ], [ 14.268389070784121, 36.071875011353143 ], [ 14.268738853196206, 36.071717966775203 ], [ 14.269081494900098, 36.071732243171937 ], [ 14.269252816201174, 36.071703689649773 ], [ 14.269567425976604, 36.071576619271241 ], [ 14.269802746851825, 36.071412196986273 ], [ 14.269951615660682, 36.071342777319209 ], [ 14.269987308421889, 36.071223803773826 ], [ 14.269975410235931, 36.071081037314968 ], [ 14.269939718373056, 36.070926372027543 ], [ 14.269894110007789, 36.070884020889714 ], [ 14.269867083294148, 36.070746804847296 ], [ 14.269880231934962, 36.07065273420519 ], [ 14.269915923797839, 36.070569453318711 ], [ 14.27003489667406, 36.070474273706267 ], [ 14.270252190158129, 36.070347396663358 ], [ 14.270514839580915, 36.070360019971481 ], [ 14.271028920265168, 36.069986969683704 ], [ 14.271251563216753, 36.069790603289739 ], [ 14.271365776818618, 36.069162426054554 ], [ 14.271676725060946, 36.068582602668819 ], [ 14.271736212397403, 36.068427938277722 ], [ 14.271724314211447, 36.068308964680263 ], [ 14.271615620757014, 36.068027423322917 ], [ 14.271708420319136, 36.067856101952721 ], [ 14.271736973270444, 36.067670503804145 ], [ 14.272001992448908, 36.067131457058579 ], [ 14.272082223681906, 36.066985432993995 ], [ 14.272271590340409, 36.066750417752672 ], [ 14.272283487628036, 36.06645947820504 ], [ 14.272550749001487, 36.066335626323145 ], [ 14.272772039090244, 36.066335626323145 ], [ 14.273047079874058, 36.066441960816768 ], [ 14.27326458715717, 36.066349902970614 ], [ 14.273450185383084, 36.066057228638208 ], [ 14.273564398984915, 36.065921600241154 ], [ 14.273671474573543, 36.065764554669293 ], [ 14.273781818233145, 36.065419880100777 ], [ 14.273835840219395, 36.065355029887741 ], [ 14.274537911343165, 36.065481602013058 ], [ 14.274670849428796, 36.065578956669164 ], [ 14.274806477968699, 36.065600372208465 ], [ 14.274956384331736, 36.065536127025432 ], [ 14.275056321008798, 36.065436190131166 ], [ 14.275234781221442, 36.06542905136174 ], [ 14.275384686686182, 36.065407635775856 ], [ 14.275520316124382, 36.065307698718364 ], [ 14.275605976774939, 36.065214900323383 ], [ 14.275725839881614, 36.064997009740971 ], [ 14.276293920094258, 36.064863000292114 ], [ 14.276606039739734, 36.064683990028975 ], [ 14.27683377883392, 36.064686658651354 ], [ 14.27709138691133, 36.064862433165722 ], [ 14.277512085925174, 36.064882467755304 ], [ 14.277707481177565, 36.064841264318019 ], [ 14.277875220895615, 36.064787361864944 ], [ 14.27798229738254, 36.064680287360616 ], [ 14.277965135967357, 36.064486251756485 ], [ 14.278097272755778, 36.064336878820001 ], [ 14.278218625269174, 36.064244080006013 ], [ 14.278332837972709, 36.064201248909399 ], [ 14.278454192282767, 36.064115588824734 ], [ 14.278554128061497, 36.063987098159735 ], [ 14.278577104271527, 36.063910512700154 ], [ 14.278600957237254, 36.063680912725914 ], [ 14.2786366482018, 36.06357383671579 ], [ 14.278761136733898, 36.063459440796166 ], [ 14.279275106027045, 36.063266121088247 ], [ 14.279346489752797, 36.063209013696749 ], [ 14.279286511936224, 36.063065213147986 ], [ 14.279172027043172, 36.063002766799549 ], [ 14.279160129755544, 36.062895691318815 ], [ 14.279231514379594, 36.062800511861781 ], [ 14.279326691782268, 36.062741025913503 ], [ 14.279421870981567, 36.062752922816301 ], [ 14.279652454141928, 36.062850253254382 ], [ 14.279711827392322, 36.062862691139252 ], [ 14.280072290773127, 36.062876704090201 ], [ 14.280274397339001, 36.062686485892847 ], [ 14.280866964727956, 36.062366684660333 ], [ 14.281302406892266, 36.062159672340904 ], [ 14.28173010288387, 36.06178893091321 ], [ 14.281777536625839, 36.061694063102351 ], [ 14.282015483276611, 36.061646474113786 ], [ 14.282158250728081, 36.061598885096437 ], [ 14.282693420261962, 36.061671364059606 ], [ 14.283522905730676, 36.061830260126108 ], [ 14.285045879818995, 36.061854030241314 ], [ 14.28547153483826, 36.061973156658318 ] ] ] } },
{ "type": "Feature", "properties": { "LocalityId": 64, "LAU_Name": "Ix-Xewkija", "LAU_Latin": "Xewkija", "Region": "Għawdex (Gozo)", "Area_Km2": 4.540456, "Population": 3555.0, "NUTS3": "MT002", "LAU": "MT02664", "GREAT_CID": null, "GREAT_CIN": null, "FUA_ID": null, "FUA_Name": "Gozo", "Shape__Are": 6957438.896, "Shape__Len": 14078.8033911 }, "geometry": { "type": "Polygon", "coordinates": [ [ [ 14.277275094183553, 36.038231076886333 ], [ 14.277275094183553, 36.03780991203498 ], [ 14.277303648033158, 36.037602899048437 ], [ 14.277310786944724, 36.03743157827099 ], [ 14.277360754834106, 36.037117489332182 ], [ 14.277403584710219, 36.037017551943975 ], [ 14.277474968435937, 36.036931891328365 ], [ 14.277567767998059, 36.036760569817616 ], [ 14.277608691649132, 36.03660720781636 ], [ 14.277552379857248, 36.036391908337905 ], [ 14.277361318077787, 36.036369950207508 ], [ 14.27716144202874, 36.036312842913311 ], [ 14.276704585824721, 36.035456237248717 ], [ 14.276404773996944, 36.03498510390294 ], [ 14.276304836421586, 36.034685291230993 ], [ 14.276447603873056, 36.034442586835887 ], [ 14.276581480698153, 36.034344409839292 ], [ 14.276493291290103, 36.03415038806974 ], [ 14.276264862289747, 36.033902925298875 ], [ 14.275995209601021, 36.033522240156813 ], [ 14.27563668388632, 36.033055836039267 ], [ 14.275446327284348, 36.03276078299043 ], [ 14.275351148085049, 36.032656088356362 ], [ 14.275084649381265, 36.032503802230075 ], [ 14.274684899079833, 36.032618015762694 ], [ 14.274209006676623, 36.032684640065298 ], [ 14.274142382225261, 36.032560908653885 ], [ 14.274056721574704, 36.0320564637545 ], [ 14.274142382225261, 36.031494910648661 ], [ 14.274465988628254, 36.030419393785792 ], [ 14.274218525225367, 36.029553271069297 ], [ 14.274085275424312, 36.029381948764666 ], [ 14.273862647744076, 36.02922678524812 ], [ 14.273733115171709, 36.028867986153678 ], [ 14.273695042773326, 36.028591968134819 ], [ 14.273771185773434, 36.027944754813042 ], [ 14.273628419220293, 36.027449827279881 ], [ 14.273257222768466, 36.026659846164129 ], [ 14.273076383816941, 36.026164917823955 ], [ 14.273009759365578, 36.025746133174167 ], [ 14.272619526714593, 36.025203615681455 ], [ 14.272143635209645, 36.024822902301416 ], [ 14.271553529204571, 36.024470741767935 ], [ 14.271580098675722, 36.024194327641645 ], [ 14.271728814771006, 36.023896894702972 ], [ 14.271657431943584, 36.023694641000134 ], [ 14.271645533757662, 36.023617307966511 ], [ 14.271502767204488, 36.023480489027442 ], [ 14.271232344659584, 36.02329564427788 ], [ 14.27121723140325, 36.023272286817516 ], [ 14.27052123917897, 36.022861829670013 ], [ 14.270295189815824, 36.02270716479822 ], [ 14.270194062871044, 36.022284808955199 ], [ 14.269926373899541, 36.021850558663893 ], [ 14.26983119470024, 36.02176132798968 ], [ 14.269283918571244, 36.021683995964736 ], [ 14.268968641347572, 36.021618561171088 ], [ 14.268640281958399, 36.021491779741346 ], [ 14.268424725816084, 36.021628953058681 ], [ 14.268005941112087, 36.021752684203221 ], [ 14.267691852359505, 36.021800274059217 ], [ 14.266901871203714, 36.021743165647294 ], [ 14.26656874715027, 36.021667023697766 ], [ 14.266235621300201, 36.021562328124517 ], [ 14.265959604047707, 36.021524256708268 ], [ 14.265502748741952, 36.021476665959007 ], [ 14.265017337789997, 36.021457630959084 ], [ 14.264922161285623, 36.021524256708268 ], [ 14.264846017387217, 36.021733647816845 ], [ 14.264769874387076, 36.021857380976627 ], [ 14.264589035435552, 36.021924005661312 ], [ 14.264503374784997, 36.022009665887396 ], [ 14.264503374784997, 36.022104845260245 ], [ 14.264598553086, 36.022304719244097 ], [ 14.2647413214358, 36.022694950882645 ], [ 14.264703249935714, 36.022818683259466 ], [ 14.264560481585946, 36.022818683259466 ], [ 14.264332052585591, 36.022837717930656 ], [ 14.264198803682863, 36.022942414715502 ], [ 14.264075072430584, 36.023170843911544 ], [ 14.264037000032202, 36.023389753361897 ], [ 14.264037000032202, 36.023665772170027 ], [ 14.263932304080782, 36.023865645827058 ], [ 14.263827608129366, 36.023884681698377 ], [ 14.263608696779492, 36.023779986165565 ], [ 14.263532554677681, 36.023646736245837 ], [ 14.263532554677681, 36.023551557282381 ], [ 14.263561107628989, 36.023427825329854 ], [ 14.263532554677681, 36.023304093183029 ], [ 14.263446894027124, 36.023161326253536 ], [ 14.263285091274794, 36.023113735766451 ], [ 14.262990036924778, 36.023142290207417 ], [ 14.26282823417241, 36.023246985861007 ], [ 14.262694984371389, 36.023427825329854 ], [ 14.262637876672141, 36.023741913641231 ], [ 14.262685465822644, 36.024132146153839 ], [ 14.26281587964233, 36.024706980305389 ], [ 14.262771127371495, 36.024988752185919 ], [ 14.262533180720725, 36.025283805284914 ], [ 14.262152466618483, 36.025588376098057 ], [ 14.261705128963177, 36.025731143715468 ], [ 14.261162611210274, 36.025978608183628 ], [ 14.260762861807171, 36.025997642817906 ], [ 14.260049023651487, 36.026007160859869 ], [ 14.259658791898799, 36.025911983294776 ], [ 14.25939229229672, 36.025902465241359 ], [ 14.259154345645948, 36.025969090138204 ], [ 14.258840256893368, 36.026130893120872 ], [ 14.258354846839708, 36.026283179216811 ], [ 14.25714608097992, 36.026406911044376 ], [ 14.256555974974846, 36.026530642677557 ], [ 14.255975385721854, 36.026587749799084 ], [ 14.255575637217049, 36.026654374842998 ], [ 14.255137816313892, 36.0268352137562 ], [ 14.254462048759931, 36.027082677662492 ], [ 14.254176513856992, 36.027263517045597 ], [ 14.253557854002276, 36.027910730152108 ], [ 14.253176036768867, 36.028381689318579 ], [ 14.253015337147703, 36.028615050131918 ], [ 14.252796426696124, 36.028833961164999 ], [ 14.252625106293344, 36.02891010418 ], [ 14.252111142390048, 36.028957693345347 ], [ 14.251727554577192, 36.028970478760399 ], [ 14.251689344736585, 36.028983145029855 ], [ 14.251387785685619, 36.028976728712856 ], [ 14.251073696933039, 36.028948174933348 ], [ 14.250921410932824, 36.028872031955203 ], [ 14.25051214387924, 36.028776854218748 ], [ 14.250179018927499, 36.028824442738092 ], [ 14.249541323771924, 36.029252746110046 ], [ 14.249255788868982, 36.029395514351869 ], [ 14.247894737008945, 36.029652495082097 ], [ 14.247418844605734, 36.029757192255417 ], [ 14.247133308804463, 36.029890442011357 ], [ 14.246800184751018, 36.030175976651307 ], [ 14.246495613648886, 36.030290190653346 ], [ 14.246210077847614, 36.030432959194357 ], [ 14.245848399944565, 36.029918994722834 ], [ 14.245429615240568, 36.02913853205677 ], [ 14.245077454987934, 36.028814925036556 ], [ 14.244782402434579, 36.028814925036556 ], [ 14.244316027681782, 36.028948174933348 ], [ 14.243430868224989, 36.029129013666676 ], [ 14.242631369418749, 36.029319371079609 ], [ 14.242288725918231, 36.029433584870688 ], [ 14.242031743966599, 36.029443103223983 ], [ 14.241698671117124, 36.029419699638346 ], [ 14.241741449789268, 36.029742914781941 ], [ 14.241812835311649, 36.030128388948363 ], [ 14.240199560774366, 36.030442475973977 ], [ 14.24007820736264, 36.029628700712912 ], [ 14.239921163884661, 36.029657254245691 ], [ 14.239207324830648, 36.029835714317613 ], [ 14.23879329940104, 36.029971343149761 ], [ 14.238300750435814, 36.030342538833594 ], [ 14.238127922659972, 36.030441296910389 ], [ 14.238184256011452, 36.030480012756826 ], [ 14.238676804976677, 36.031779198680113 ], [ 14.238869541215827, 36.032114703047888 ], [ 14.239005170654062, 36.032493036927207 ], [ 14.239076554379814, 36.032821403065398 ], [ 14.23953773058204, 36.032868368027252 ], [ 14.240013622985284, 36.032963545178816 ], [ 14.240366999556789, 36.033209999688054 ], [ 14.240441927136322, 36.033415643977364 ], [ 14.240489516286825, 36.033784461044768 ], [ 14.240572796401873, 36.034200866015098 ], [ 14.240608488264749, 36.034593476640886 ], [ 14.241441299296651, 36.034391222068024 ], [ 14.242672080169108, 36.03406797006177 ], [ 14.242805997418408, 36.034073514238258 ], [ 14.24298794938257, 36.0347719371523 ], [ 14.243309176148387, 36.034843320662517 ], [ 14.243630402914205, 36.034938498333347 ], [ 14.243910801250376, 36.035184563108857 ], [ 14.243927835104772, 36.03535490519311 ], [ 14.2440230152024, 36.035557158744069 ], [ 14.244356139255844, 36.035878385912888 ], [ 14.244522701282564, 36.03599735914397 ], [ 14.24467736602166, 36.035973565238542 ], [ 14.244855826234305, 36.035818899956354 ], [ 14.245010490973401, 36.035807001887989 ], [ 14.245105669274404, 36.035866489306315 ], [ 14.2452603340135, 36.036044947659661 ], [ 14.24528412858875, 36.036259100346143 ], [ 14.245129463849654, 36.036437559989146 ], [ 14.245200847575372, 36.036580326831213 ], [ 14.245474486089019, 36.036389970257822 ], [ 14.246140735094201, 36.036033051078256 ], [ 14.247080621714733, 36.035402494096957 ], [ 14.247806358056371, 36.03504557480084 ], [ 14.248496400738475, 36.034748142150221 ], [ 14.2486034772254, 36.034795730694356 ], [ 14.248746244676871, 36.034914704108026 ], [ 14.248829525690249, 36.03503367806848 ], [ 14.248889012128375, 36.035200240148811 ], [ 14.249043676867471, 36.035497671092045 ], [ 14.249245931655365, 36.035557158744069 ], [ 14.249626644859308, 36.03541439077366 ], [ 14.250019256249175, 36.035152651122708 ], [ 14.250554635090513, 36.035509569933637 ], [ 14.250979080079087, 36.035843039685318 ], [ 14.250399970351417, 36.036449457235861 ], [ 14.249971667098674, 36.036842068275156 ], [ 14.250602224241014, 36.037413139147979 ], [ 14.250697403440315, 36.037567804204926 ], [ 14.250114435448475, 36.037972311770417 ], [ 14.250435662214294, 36.038222155242948 ], [ 14.251006732918507, 36.038805123168451 ], [ 14.251625392773187, 36.039495166639206 ], [ 14.251875235813285, 36.039863982839364 ], [ 14.251884226152637, 36.039946800104154 ], [ 14.251404900388385, 36.040266351040138 ], [ 14.251720210849754, 36.041605017120524 ], [ 14.252048937649871, 36.041556572669997 ], [ 14.252924251571145, 36.041349778727557 ], [ 14.253330636829272, 36.041283070232218 ], [ 14.254260174857707, 36.041307718199057 ], [ 14.254672651591786, 36.041197409171858 ], [ 14.255614919646124, 36.040750070680893 ], [ 14.256328757801807, 36.040531160078523 ], [ 14.25748041686068, 36.040502606855803 ], [ 14.259241218123822, 36.040416945672803 ], [ 14.26025010973119, 36.040464535149738 ], [ 14.264980479015557, 36.041578123313947 ], [ 14.265380228418694, 36.041749443786799 ], [ 14.265741907220042, 36.04185414086021 ], [ 14.266865012429307, 36.042044498026421 ], [ 14.267626438837162, 36.042196783137527 ], [ 14.268035705890712, 36.042330032912858 ], [ 14.268302206391123, 36.042463283189115 ], [ 14.268435456192146, 36.042548942872337 ], [ 14.268644848094979, 36.042463283189115 ], [ 14.26908266899817, 36.042149193981132 ], [ 14.269368204799408, 36.042244372991483 ], [ 14.269806024804268, 36.042234854732428 ], [ 14.270148668304786, 36.042206300674799 ], [ 14.270548416809591, 36.042139675710565 ], [ 14.270767328159499, 36.041968355360446 ], [ 14.270976720062333, 36.041711372683523 ], [ 14.271148041363409, 36.041654266357334 ], [ 14.271290808814914, 36.041635229695409 ], [ 14.271414540965489, 36.041568604974358 ], [ 14.271462130115991, 36.041368731199448 ], [ 14.271500201616044, 36.040988016771273 ], [ 14.271738148266815, 36.040474052896393 ], [ 14.272147415320365, 36.039960090025097 ], [ 14.272480540272138, 36.03964600100155 ], [ 14.272851734927304, 36.039446125978344 ], [ 14.273070646277214, 36.03930335924678 ], [ 14.273498948631625, 36.039217698211949 ], [ 14.273984358685317, 36.038998787707961 ], [ 14.274393625738867, 36.038979751856864 ], [ 14.274850482841217, 36.038846502223208 ], [ 14.275288302846075, 36.038656145316295 ], [ 14.275745159948423, 36.038599038227147 ], [ 14.27614490935156, 36.038380128182531 ], [ 14.276953925808213, 36.038218324209616 ], [ 14.277275094183553, 36.038231076886333 ] ] ] } },
{ "type": "Feature", "properties": { "LocalityId": 66, "LAU_Name": "Iż-Żebbuġ", "LAU_Latin": "Żebbuġ", "Region": "Għawdex (Gozo)", "Area_Km2": 7.531786, "Population": 3303.0, "NUTS3": "MT002", "LAU": "MT02666", "GREAT_CID": null, "GREAT_CIN": null, "FUA_ID": null, "FUA_Name": "Gozo", "Shape__Are": 11551106.391100001, "Shape__Len": 19237.3181138 }, "geometry": { "type": "Polygon", "coordinates": [ [ [ 14.247661274748085, 36.078569388201856 ], [ 14.247986739765407, 36.078470638950385 ], [ 14.248147354046646, 36.078467069794179 ], [ 14.248361505223837, 36.078495623038904 ], [ 14.248511410688577, 36.078552730949298 ], [ 14.248604210250699, 36.078631252987819 ], [ 14.248600641244064, 36.078759743691108 ], [ 14.248561380374554, 36.078888234910544 ], [ 14.248457873792594, 36.07907740185447 ], [ 14.248496016259551, 36.079497190073845 ], [ 14.248403216697429, 36.079611403672317 ], [ 14.248353247909749, 36.079632819747211 ], [ 14.248312130222571, 36.079632819747211 ], [ 14.248274448591358, 36.079692221046123 ], [ 14.248314780252676, 36.079831402053102 ], [ 14.248405311568693, 36.079925004327137 ], [ 14.248472149819065, 36.079937009711344 ], [ 14.248690745860326, 36.079936945822027 ], [ 14.248774413149256, 36.079861247836284 ], [ 14.248824381936936, 36.079797001958795 ], [ 14.249009979264518, 36.079682787903884 ], [ 14.249245546278111, 36.079632819747211 ], [ 14.249316930003829, 36.079654235090288 ], [ 14.249388313729581, 36.079739894952077 ], [ 14.249402590654384, 36.079854108924039 ], [ 14.249431143605694, 36.07989694020975 ], [ 14.24953108118105, 36.079968324182097 ], [ 14.249742577836585, 36.080071214187171 ], [ 14.250130705734906, 36.080018292125565 ], [ 14.250187191799959, 36.079994083904239 ], [ 14.250202088562325, 36.079975462358007 ], [ 14.250144981761377, 36.079911215847808 ], [ 14.25015925868618, 36.079868386021865 ], [ 14.250234826764512, 36.079868386021865 ], [ 14.250285300405395, 36.079841209075674 ], [ 14.250388806089056, 36.079834070161596 ], [ 14.250717171766439, 36.079873330913912 ], [ 14.250874216142714, 36.079912591646561 ], [ 14.25124541169621, 36.080055360224051 ], [ 14.251370334114574, 36.080080343809115 ], [ 14.251609470134801, 36.080051791139837 ], [ 14.251737961559765, 36.080058929308116 ], [ 14.251874040155649, 36.080085960250351 ], [ 14.251952111838659, 36.080076774726024 ], [ 14.252023497361037, 36.080026806819731 ], [ 14.25203777428584, 36.079948283996771 ], [ 14.25201635755114, 36.079809085772311 ], [ 14.252159125002645, 36.079609211098031 ], [ 14.252146473130157, 36.079560710903905 ], [ 14.252079483962806, 36.079518604727838 ], [ 14.252000962223818, 36.079504329018505 ], [ 14.251708288409308, 36.079532881886585 ], [ 14.251359882216244, 36.079465423831437 ], [ 14.251166889957222, 36.079323675693843 ], [ 14.25113544802398, 36.079286684934686 ], [ 14.251058695067776, 36.079254485172513 ], [ 14.250987312240357, 36.079175963030359 ], [ 14.25095875839075, 36.079090301828138 ], [ 14.250873096841897, 36.078654861204576 ], [ 14.250915927616306, 36.078483539749577 ], [ 14.251012083284317, 36.078402408940995 ], [ 14.251002706669382, 36.078363562743121 ], [ 14.251038399430589, 36.078285041163383 ], [ 14.251109783156306, 36.078185103767815 ], [ 14.251177596977092, 36.078056612851583 ], [ 14.251370334114574, 36.077931690905949 ], [ 14.251670048924298, 36.07786411095551 ], [ 14.251793949059865, 36.077783977805701 ], [ 14.251836778935976, 36.077726870789107 ], [ 14.251808225984668, 36.077655486960012 ], [ 14.251851055860779, 36.077555550216502 ], [ 14.252050931011496, 36.077498443033974 ], [ 14.252122313838919, 36.077441335810022 ], [ 14.252179422436461, 36.077362814035389 ], [ 14.252129255121124, 36.077227764182751 ], [ 14.252108037812413, 36.077098693773415 ], [ 14.252015239148621, 36.077055863141595 ], [ 14.251944542634082, 36.077065682126971 ], [ 14.251880728112939, 36.077032255170842 ], [ 14.251845036250064, 36.076975148334341 ], [ 14.251845036250064, 36.076907333049959 ], [ 14.251978133337515, 36.076643302013863 ], [ 14.252201954878757, 36.076411216188099 ], [ 14.25234030890722, 36.076306575973518 ], [ 14.252486372277476, 36.076270640922132 ], [ 14.252607724790908, 36.076299194964399 ], [ 14.252950367393094, 36.076420547350118 ], [ 14.253014612207247, 36.076477653863307 ], [ 14.2531002728578, 36.076584729734314 ], [ 14.253257317234109, 36.076691806185586 ], [ 14.253394065973158, 36.076896626094211 ], [ 14.253529695411395, 36.076910902276907 ], [ 14.253665324849628, 36.076885917684891 ], [ 14.253696387693827, 36.076870386168807 ], [ 14.253721312349693, 36.076798881038947 ], [ 14.253749866199332, 36.076770327904178 ], [ 14.25382838793832, 36.076748913227846 ], [ 14.253942602438482, 36.076748913227846 ], [ 14.2540139861642, 36.076763190163419 ], [ 14.254201547209005, 36.076853117953831 ], [ 14.254421992881422, 36.076907333049959 ], [ 14.254568329339529, 36.076914472229745 ], [ 14.254943094797957, 36.07696087071119 ], [ 14.255317860256385, 36.076953732987739 ], [ 14.255446350783053, 36.076903763822862 ], [ 14.25556413428985, 36.076835949202973 ], [ 14.25570690174132, 36.076807396081719 ], [ 14.255796131398512, 36.076764566017253 ], [ 14.255867515124228, 36.076657489665102 ], [ 14.255974590712823, 36.076575397865717 ], [ 14.256167326952006, 36.076546844649798 ], [ 14.256563507348474, 36.076436200204938 ], [ 14.25678360806784, 36.076483788959308 ], [ 14.256826437943952, 36.076479029722186 ], [ 14.256940652444113, 36.076417163969069 ], [ 14.257283294147971, 36.076369575174375 ], [ 14.257706838126358, 36.07617445899988 ], [ 14.257782981126466, 36.076079281087942 ], [ 14.257892436352272, 36.076012655754944 ], [ 14.258001891578044, 36.075965066715469 ], [ 14.258092310604656, 36.075841335078032 ], [ 14.258120865352593, 36.075712843962378 ], [ 14.258078033679855, 36.075650978332575 ], [ 14.258063757653348, 36.075579594071229 ], [ 14.25815893595435, 36.075532004769684 ], [ 14.25837308802987, 36.075479656867749 ], [ 14.25834453418023, 36.075389236692217 ], [ 14.258318430934706, 36.075356927877714 ], [ 14.258161385660102, 36.075256991117293 ], [ 14.258168524571669, 36.07523557602881 ], [ 14.258346983886016, 36.075207022326424 ], [ 14.258518306085422, 36.075149914890602 ], [ 14.258575412886371, 36.075092808139331 ], [ 14.258575412886371, 36.075021424097351 ], [ 14.258518306085422, 36.074950039990625 ], [ 14.258496890249054, 36.074807273034885 ], [ 14.258504029160619, 36.074678781681811 ], [ 14.258553997948299, 36.074585982724791 ], [ 14.258561135961534, 36.074457491736254 ], [ 14.258467895326639, 36.074390578233221 ], [ 14.258323154276479, 36.074207058987831 ], [ 14.258237612203541, 36.073993829268673 ], [ 14.258163695228706, 36.073542775247667 ], [ 14.258102281006009, 36.073420825943998 ], [ 14.258149418303903, 36.073285794008399 ], [ 14.258130383003042, 36.073162061786022 ], [ 14.258068516927738, 36.073028811929504 ], [ 14.258054240002901, 36.0729336331149 ], [ 14.257989398707409, 36.07271888533699 ], [ 14.258043209589541, 36.072670051977987 ], [ 14.258026553925857, 36.072627221112498 ], [ 14.258024175186977, 36.072522525037201 ], [ 14.258059866151555, 36.072484454296628 ], [ 14.258076522713536, 36.072377377925584 ], [ 14.258071764337478, 36.072296476069113 ], [ 14.258107456200353, 36.072153708652877 ], [ 14.258138388788842, 36.072148949879754 ], [ 14.25816694174015, 36.071949075340044 ], [ 14.258240705103081, 36.071930038744156 ], [ 14.258240705103081, 36.071872931833134 ], [ 14.258195495589757, 36.071868173043022 ], [ 14.258180980611423, 36.071785130148861 ], [ 14.258239991840751, 36.07164236180445 ], [ 14.258287580991219, 36.071598579924967 ], [ 14.258428444912607, 36.071533858967356 ], [ 14.258721594834244, 36.071429162888855 ], [ 14.258767279556332, 36.071431065979873 ], [ 14.258875784364541, 36.071385380890689 ], [ 14.258904337315849, 36.071423452163259 ], [ 14.258942408815905, 36.071436776704921 ], [ 14.258997612086736, 36.071436776704921 ], [ 14.259033780056708, 36.071419645254643 ], [ 14.259047104767321, 36.071387283982773 ], [ 14.259033780056708, 36.071354924149801 ], [ 14.259336446730428, 36.071254034023831 ], [ 14.259437097568147, 36.071244278935282 ], [ 14.25958414908521, 36.071261411149912 ], [ 14.259717991774318, 36.071299748959198 ], [ 14.260095887861532, 36.071459371277086 ], [ 14.260324316861853, 36.071616414919205 ], [ 14.260388561676038, 36.071773459699962 ], [ 14.26033859288836, 36.071851981972706 ], [ 14.260295763012248, 36.071959058332979 ], [ 14.260246912627087, 36.072136514189147 ], [ 14.26025286216923, 36.07226738399617 ], [ 14.260282231689136, 36.072355495906464 ], [ 14.26036230392028, 36.072453542726663 ], [ 14.260416402263317, 36.072431903966965 ], [ 14.260352869813163, 36.07233025428517 ], [ 14.260331454875123, 36.07224459288679 ], [ 14.260360007826433, 36.072158932121269 ], [ 14.260431391552151, 36.072144655801978 ], [ 14.26055988297715, 36.072151793961915 ], [ 14.260752620114596, 36.072487297640571 ], [ 14.260745481203029, 36.072544404831618 ], [ 14.260681236388876, 36.072601511981155 ], [ 14.260538468039076, 36.072594373862024 ], [ 14.260324316861853, 36.072522989730601 ], [ 14.260281486087445, 36.072522989730601 ], [ 14.260245794224568, 36.072558681804438 ], [ 14.260306399963513, 36.072612406124968 ], [ 14.26072406626499, 36.072722864990133 ], [ 14.260824002942018, 36.07273714193051 ], [ 14.261002463154695, 36.072722864990133 ], [ 14.261152368619401, 36.072672896041361 ], [ 14.261252235227856, 36.072713532663293 ], [ 14.261301382057058, 36.07271112570259 ], [ 14.261366102978339, 36.072815822252871 ], [ 14.261375620628751, 36.073148945920877 ], [ 14.261307091749009, 36.073194632163968 ], [ 14.261265214087087, 36.073198438986665 ], [ 14.26118806138061, 36.073144028923068 ], [ 14.261095833147007, 36.073099773750478 ], [ 14.260888248654533, 36.073144028923068 ], [ 14.260881109742966, 36.073272519879232 ], [ 14.260932998230409, 36.073302657130142 ], [ 14.261145230606164, 36.073293934776167 ], [ 14.261427016839418, 36.073299328070625 ], [ 14.261423209779254, 36.072768232731065 ], [ 14.261347010185297, 36.072715141660176 ], [ 14.261345104858552, 36.072680034153365 ], [ 14.261599708071335, 36.072710966690721 ], [ 14.261709663658724, 36.072760801290279 ], [ 14.261766771357971, 36.072815053333422 ], [ 14.261842437352687, 36.072927838999369 ], [ 14.261799606578244, 36.072975349281926 ], [ 14.26185671427749, 36.07304197428369 ], [ 14.261833871018132, 36.073057203055065 ], [ 14.261858617807572, 36.073093369741564 ], [ 14.261835775446546, 36.073285630641259 ], [ 14.261910014018239, 36.073308473726428 ], [ 14.261944277559797, 36.073380809029899 ], [ 14.262009000277706, 36.073382712799777 ], [ 14.262164617231026, 36.073472181220168 ], [ 14.262265506122242, 36.073554033750142 ], [ 14.262324515554942, 36.073571166187698 ], [ 14.262360684423246, 36.073643501975639 ], [ 14.26243492299494, 36.073727258814955 ], [ 14.262444440645387, 36.073780559037424 ], [ 14.262383526784273, 36.073820534362063 ], [ 14.262391140904636, 36.073850990874227 ], [ 14.262455862724215, 36.073849087115676 ], [ 14.262504641244139, 36.073872786800912 ], [ 14.26253747826104, 36.073918471897443 ], [ 14.262443251275965, 36.074146901338594 ], [ 14.262471805125569, 36.07420400805065 ], [ 14.262456099879447, 36.074215429097656 ], [ 14.262461811368027, 36.074253976026647 ], [ 14.262488936896348, 36.074276818830555 ], [ 14.262668823633682, 36.074219712171384 ], [ 14.26258744704872, 36.074158321667824 ], [ 14.262568886956656, 36.074091221310518 ], [ 14.262510351834422, 36.074032686337951 ], [ 14.262630276924831, 36.074004132924905 ], [ 14.262704516394855, 36.073968440780938 ], [ 14.263011115892901, 36.073873037295414 ], [ 14.263158772874474, 36.073790180214175 ], [ 14.263276557279601, 36.073822302345974 ], [ 14.263401477901304, 36.073882978658098 ], [ 14.263397908894701, 36.073936516926089 ], [ 14.263340802093753, 36.074011469859187 ], [ 14.263366673573959, 36.074086896117826 ], [ 14.263477030708284, 36.074153107045078 ], [ 14.263596005381132, 36.074212593802905 ], [ 14.263750284742972, 36.074213221125504 ], [ 14.263910899024212, 36.074260809772973 ], [ 14.263979308428041, 36.074237015089828 ], [ 14.264023923256619, 36.074147785689902 ], [ 14.263964436818528, 36.074100196248025 ], [ 14.263842867811128, 36.074116166130587 ], [ 14.263785761010178, 36.074055489998379 ], [ 14.263667978401713, 36.074026935867536 ], [ 14.263636981134502, 36.073957008807056 ], [ 14.263531435376832, 36.073906872193959 ], [ 14.263550194894917, 36.07381635364267 ], [ 14.263892836598806, 36.073862753225931 ], [ 14.264124833707434, 36.07381635364267 ], [ 14.264242618112561, 36.073773522675303 ], [ 14.264342554789589, 36.073766384662548 ], [ 14.264431785345076, 36.073777092770563 ], [ 14.264521015002233, 36.073741401249706 ], [ 14.264563844878378, 36.073398758339899 ], [ 14.264631659597462, 36.073255990746304 ], [ 14.264895779562364, 36.072963316696026 ], [ 14.264920764405367, 36.072888364216205 ], [ 14.26482701891727, 36.072810139219001 ], [ 14.264719944226973, 36.072638818100408 ], [ 14.264591451903678, 36.072481774321453 ], [ 14.264527207089492, 36.072296176195813 ], [ 14.26460572882848, 36.072117715795237 ], [ 14.264736227089793, 36.07200761694601 ], [ 14.26485557186858, 36.071875011353143 ], [ 14.264948372328998, 36.071739382095409 ], [ 14.26499120220511, 36.071639443642511 ], [ 14.264948372328998, 36.071453847159674 ], [ 14.265012617143149, 36.071353909070083 ], [ 14.26501975515642, 36.071161172938183 ], [ 14.264934095404195, 36.070961297340503 ], [ 14.264819880005703, 36.070789977277421 ], [ 14.26463428177979, 36.070418779864895 ], [ 14.264627143766553, 36.070247460072402 ], [ 14.264669975439293, 36.069597866231575 ], [ 14.264736510059112, 36.069227387128819 ], [ 14.264898401744691, 36.068655600182495 ], [ 14.264976926178605, 36.068084530121382 ], [ 14.264984064191875, 36.067727610861667 ], [ 14.265105415806975, 36.066578331156137 ], [ 14.265112553820211, 36.06636417888938 ], [ 14.26504830810773, 36.065907322789862 ], [ 14.264969787267038, 36.065857353868189 ], [ 14.264869848793381, 36.065600372208465 ], [ 14.264819880005703, 36.065421913317884 ], [ 14.26487698680662, 36.065264868200742 ], [ 14.264969787267038, 36.064672383154345 ], [ 14.26504830810773, 36.064393986119022 ], [ 14.26491981937769, 36.064329739950828 ], [ 14.264734220253478, 36.064208387790224 ], [ 14.264598589916915, 36.064208387790224 ], [ 14.264441547337269, 36.064258356306915 ], [ 14.26404893504907, 36.06417269628438 ], [ 14.263178051618782, 36.064072757658174 ], [ 14.262835409914926, 36.064072757658174 ], [ 14.262542736100418, 36.064144142196653 ], [ 14.262171539648589, 36.064037066816908 ], [ 14.262071602971563, 36.064037066816908 ], [ 14.261893142758886, 36.064058482049766 ], [ 14.261778929157021, 36.064129865875074 ], [ 14.261614745869181, 36.064194110754144 ], [ 14.261322072953003, 36.064194110754144 ], [ 14.260415497659839, 36.064072757658174 ], [ 14.259487508326933, 36.063865744744405 ], [ 14.259259080224906, 36.063872883655677 ], [ 14.258887883773113, 36.063601624905594 ], [ 14.258509550206348, 36.063266121088247 ], [ 14.258238291329912, 36.06309480024165 ], [ 14.257967033351774, 36.063002000688861 ], [ 14.257788573139097, 36.063002000688861 ], [ 14.257267471222562, 36.062902064206398 ], [ 14.256817753031781, 36.062716465989027 ], [ 14.256371603847601, 36.062664355730966 ], [ 14.256028962143709, 36.062107561714072 ], [ 14.255643488767113, 36.061636428086459 ], [ 14.255038998937682, 36.061281618919885 ], [ 14.254556075420723, 36.061136742268111 ], [ 14.254115874880354, 36.060940435842042 ], [ 14.253521009600924, 36.06046454373417 ], [ 14.253181936903671, 36.060060034813418 ], [ 14.252908298390022, 36.059810191652673 ], [ 14.252278932413768, 36.059369992219423 ], [ 14.25203622738694, 36.059162977825508 ], [ 14.251814936399819, 36.059013072639182 ], [ 14.251679306961618, 36.058848889887486 ], [ 14.251458016872828, 36.058499108794884 ], [ 14.251293833584986, 36.058163605006747 ], [ 14.251079683306095, 36.05759253431345 ], [ 14.250758454743652, 36.056857281283769 ], [ 14.25063710312855, 36.056243380206887 ], [ 14.250515749716822, 36.056000674721133 ], [ 14.25024449173865, 36.05564375583625 ], [ 14.249980371773782, 36.055258283104024 ], [ 14.249994647800255, 36.05508696225202 ], [ 14.250044616587934, 36.054872809936235 ], [ 14.25032301437597, 36.054344570004481 ], [ 14.250458642915873, 36.054151834324017 ], [ 14.251029713620085, 36.053702116142745 ], [ 14.251193897806257, 36.053552209995466 ], [ 14.251275090236584, 36.053307175807362 ], [ 14.251436601934788, 36.052945447006799 ], [ 14.251472294695962, 36.052752710805187 ], [ 14.25138663314711, 36.052452898966173 ], [ 14.25138663314711, 36.052224469716862 ], [ 14.251415186996716, 36.052038871734638 ], [ 14.251515123673743, 36.051789029253989 ], [ 14.251472294695962, 36.051596293125748 ], [ 14.251186757996393, 36.051146574868227 ], [ 14.250979744832408, 36.050761101898622 ], [ 14.250894085080182, 36.050561226766497 ], [ 14.250644241141787, 36.050261415295566 ], [ 14.250458642915873, 36.050154339182221 ], [ 14.250123953098891, 36.049906102362137 ], [ 14.249850314585242, 36.049715745319965 ], [ 14.249376399373977, 36.049632113259662 ], [ 14.248746981295424, 36.049440515040615 ], [ 14.247659426015224, 36.049432745847298 ], [ 14.247051145295307, 36.049553437350518 ], [ 14.245853696411485, 36.049612979024353 ], [ 14.245655154360628, 36.049635385217108 ], [ 14.245102367067407, 36.049603405731439 ], [ 14.244502743411884, 36.049639098035172 ], [ 14.244199094879535, 36.049787129083114 ], [ 14.244001632603691, 36.050214963298856 ], [ 14.243903117959736, 36.050367212996576 ], [ 14.243696104795781, 36.050559949229218 ], [ 14.243360601105159, 36.050774100933033 ], [ 14.243160726852741, 36.050795516144014 ], [ 14.242818084250553, 36.050781238853133 ], [ 14.242404057922615, 36.050659886134092 ], [ 14.24207569224523, 36.050474288094044 ], [ 14.241633112966015, 36.050360074312628 ], [ 14.241311886200199, 36.05043145821778 ], [ 14.241033489310494, 36.050609917697507 ], [ 14.240783646270428, 36.050888314840002 ], [ 14.240662291960371, 36.051045358873075 ], [ 14.240476694632788, 36.051180988218796 ], [ 14.24029823531844, 36.051288063661865 ], [ 14.240069807216415, 36.051288063661865 ], [ 14.239855655140893, 36.051259510708853 ], [ 14.239705748777856, 36.051216679807261 ], [ 14.239484458689066, 36.051223819139814 ], [ 14.239348830149163, 36.051252372105829 ], [ 14.239263168600278, 36.051273787186631 ], [ 14.239027603383347, 36.051373724637735 ], [ 14.238784898356517, 36.051552184159988 ], [ 14.238670683856324, 36.051652121983913 ], [ 14.238470808705607, 36.051752058954655 ], [ 14.238349456192207, 36.051780613181563 ], [ 14.238185273802666, 36.051766336069385 ], [ 14.238085336227305, 36.051780613181563 ], [ 14.237835493187241, 36.05188768780895 ], [ 14.23756099588417, 36.052405674786243 ], [ 14.237378200401967, 36.052869454326469 ], [ 14.237283022100964, 36.053321550685226 ], [ 14.237235432052165, 36.054023492248142 ], [ 14.237270449280254, 36.054484602728401 ], [ 14.236927965679888, 36.055580756013271 ], [ 14.236412383012453, 36.057405086228094 ], [ 14.236534300566191, 36.058187422707391 ], [ 14.236637886199896, 36.058469702978819 ], [ 14.237271123915042, 36.059888863845039 ], [ 14.237271123915042, 36.060162502072913 ], [ 14.237102159793249, 36.060429960155986 ], [ 14.237045074551895, 36.060769263884133 ], [ 14.237080767313069, 36.061138081359694 ], [ 14.236866616135847, 36.061352231875979 ], [ 14.236628670383407, 36.061090492034864 ], [ 14.236188469843039, 36.061292746285083 ], [ 14.235403247063307, 36.06048372906978 ], [ 14.235034431146987, 36.060257679637722 ], [ 14.233996869807321, 36.059864079360665 ], [ 14.232624780347413, 36.059428952039625 ], [ 14.232354570703185, 36.060022493249832 ], [ 14.232274255926892, 36.060257679637722 ], [ 14.232203098576608, 36.060392877724347 ], [ 14.232074818255729, 36.060389501642042 ], [ 14.231775006427984, 36.060460885891317 ], [ 14.231203934825441, 36.060532270075882 ], [ 14.230954091785375, 36.060525132313906 ], [ 14.230725662785019, 36.060496578354766 ], [ 14.230368744156326, 36.060425194137878 ], [ 14.23018522193707, 36.060653014999581 ], [ 14.230083209253385, 36.060817804714027 ], [ 14.229933302890347, 36.061238969936035 ], [ 14.229983270779728, 36.061396013648803 ], [ 14.230054655403778, 36.06148881291724 ], [ 14.23016886900561, 36.061588751194762 ], [ 14.23031163735541, 36.06177434916755 ], [ 14.230375883067891, 36.061917115814815 ], [ 14.23051151160783, 36.062081298700299 ], [ 14.230747077723091, 36.062316865987142 ], [ 14.230818462347141, 36.062459633828631 ], [ 14.230754216634658, 36.062488187075331 ], [ 14.230482957758189, 36.062680922672072 ], [ 14.23031163735541, 36.06284510614222 ], [ 14.230004686616098, 36.062930766884001 ], [ 14.229769119602507, 36.062937905153881 ], [ 14.229712012801592, 36.06323771698851 ], [ 14.229597799199725, 36.063516113758368 ], [ 14.22954069239881, 36.0637017122679 ], [ 14.22939792404901, 36.063894447796628 ], [ 14.229198049796624, 36.06403007823608 ], [ 14.229069558371625, 36.064208536653041 ], [ 14.228969621694599, 36.064386996843723 ], [ 14.228798300393489, 36.064515488307897 ], [ 14.228698363716459, 36.064651116950621 ], [ 14.228705500831365, 36.064729639071707 ], [ 14.228669809866821, 36.064836714961146 ], [ 14.228505625680649, 36.064886683804929 ], [ 14.228498487667412, 36.064929513802227 ], [ 14.228527040618722, 36.064972343776198 ], [ 14.228691224804892, 36.065115111882157 ], [ 14.228684086791624, 36.065200773057029 ], [ 14.228433785610772, 36.065390023753935 ], [ 14.227957438659995, 36.065852060271425 ], [ 14.227487918905394, 36.066189926092918 ], [ 14.227306378369637, 36.06637146715876 ], [ 14.227058905983579, 36.066412892719534 ], [ 14.226849084686032, 36.066515663219221 ], [ 14.226920469310082, 36.067205706318987 ], [ 14.226837188296738, 36.067431754668625 ], [ 14.226979954849879, 36.067883853049786 ], [ 14.227051338575631, 36.068335950285018 ], [ 14.227182209637807, 36.068776151110086 ], [ 14.227372566239746, 36.069192556166954 ], [ 14.227455848151418, 36.069489988660507 ], [ 14.227669999328642, 36.070061060136041 ], [ 14.228156383156087, 36.07080275735197 ], [ 14.228312890339831, 36.070925756296319 ], [ 14.228469933817808, 36.071197013753476 ], [ 14.228548455556796, 36.071418304159792 ], [ 14.228591287229534, 36.071889437295752 ], [ 14.228484210742611, 36.072246357275688 ], [ 14.228469933817808, 36.072424815932237 ], [ 14.228405689901953, 36.072574721703973 ], [ 14.228448518879734, 36.072724627916116 ], [ 14.228584148317967, 36.073031579015513 ], [ 14.229090974207995, 36.073759693909487 ], [ 14.229319402310022, 36.073988122359651 ], [ 14.229697735876755, 36.074237964786171 ], [ 14.230128206764292, 36.074569699277703 ], [ 14.23055434238224, 36.074966080854594 ], [ 14.230640003032793, 36.075194508705025 ], [ 14.230625726107991, 36.075358692196801 ], [ 14.230640003032793, 36.075501458877518 ], [ 14.230682832908908, 36.075658503887389 ], [ 14.230839877285213, 36.075844102065084 ], [ 14.231100428243481, 36.076089662158324 ], [ 14.231203934825441, 36.076228861158562 ], [ 14.231314580318999, 36.076346643674412 ], [ 14.231357410195113, 36.076450149750045 ], [ 14.231364549106679, 36.076614332798492 ], [ 14.231346703175241, 36.076742823893284 ], [ 14.231414516996027, 36.076924853189929 ], [ 14.231564423359066, 36.077167558021294 ], [ 14.231796421366024, 36.077442385660937 ], [ 14.232136684331033, 36.077672004277723 ], [ 14.232060541330926, 36.077862359761248 ], [ 14.232031986582989, 36.078014645994358 ], [ 14.231860666180209, 36.078224039355646 ], [ 14.231775006427984, 36.078481019705073 ], [ 14.2317369340296, 36.07866185865047 ], [ 14.231679827228685, 36.078776074188312 ], [ 14.231613201878991, 36.078842697906033 ], [ 14.231508505927575, 36.078918841199226 ], [ 14.231422845277018, 36.078947395005898 ], [ 14.231270560175135, 36.079118716176247 ], [ 14.231203934825441, 36.079242447739155 ], [ 14.231165864223717, 36.0793661798334 ], [ 14.231051648825225, 36.079451840008993 ], [ 14.230813703072752, 36.079518465332193 ], [ 14.230680454170026, 36.079604126067963 ], [ 14.230452025169702, 36.079956286132052 ], [ 14.229985651315237, 36.080213268080428 ], [ 14.229584347826655, 36.080475726934466 ], [ 14.229672099755188, 36.080682161793263 ], [ 14.229690588880381, 36.080764520832069 ], [ 14.229875879882453, 36.081008999784885 ], [ 14.229902871561807, 36.081030753797371 ], [ 14.230071849158323, 36.081024804187365 ], [ 14.230086126083126, 36.081039081072625 ], [ 14.230107541021166, 36.081096187861789 ], [ 14.230080814344856, 36.081174162857728 ], [ 14.230111234893631, 36.081198679993122 ], [ 14.230207478596524, 36.081360307764761 ], [ 14.230261345174242, 36.081529288861056 ], [ 14.23022822788298, 36.081605460044656 ], [ 14.23024964282102, 36.081669703718489 ], [ 14.230365976446969, 36.081708845942416 ], [ 14.230450183623354, 36.08167439730159 ], [ 14.230650057875772, 36.081631566984051 ], [ 14.230771411287501, 36.081624428232587 ], [ 14.231164367630454, 36.081659181814878 ], [ 14.231270431716048, 36.081698257978225 ], [ 14.231310032148697, 36.081798993862215 ], [ 14.231171159792305, 36.081909963993787 ], [ 14.231121191902957, 36.081974208870776 ], [ 14.231136011410175, 36.082079680067842 ], [ 14.23122693439166, 36.082159557645831 ], [ 14.23141633967774, 36.082171304960887 ], [ 14.231508840100862, 36.082148039743352 ], [ 14.231682960552392, 36.082094104864574 ], [ 14.231763646332888, 36.082024177717479 ], [ 14.231949243660472, 36.081959932155314 ], [ 14.232156256824458, 36.081895687266616 ], [ 14.232317967948619, 36.081875680968352 ], [ 14.232737880038309, 36.081664019146466 ], [ 14.233116116586988, 36.081573303340043 ], [ 14.233328939155903, 36.081544971916948 ], [ 14.233441964286641, 36.081491433746812 ], [ 14.233549038976939, 36.081414102302652 ], [ 14.233560937162862, 36.08134866705084 ], [ 14.233590680381925, 36.081307025747712 ], [ 14.233685857784597, 36.08122374525324 ], [ 14.233751292866504, 36.081199949772916 ], [ 14.233834574778177, 36.081199949772916 ], [ 14.234215287982122, 36.081152360968659 ], [ 14.234447285989079, 36.081092875104282 ], [ 14.235125823947355, 36.081074772911428 ], [ 14.235268592297157, 36.081110464734081 ], [ 14.235317895433219, 36.081148601721225 ], [ 14.235240039345847, 36.081331754834316 ], [ 14.235325033446456, 36.081368181254021 ], [ 14.235325033446456, 36.081426998989024 ], [ 14.235389279158939, 36.081505523239244 ], [ 14.235681952973446, 36.081662565696384 ], [ 14.235765488210037, 36.08174610200345 ], [ 14.235796832226926, 36.081845718338251 ], [ 14.235989569364406, 36.082067007821138 ], [ 14.236160889767186, 36.082124115315665 ], [ 14.236275104267349, 36.082202636691704 ], [ 14.236360764917903, 36.082195498718036 ], [ 14.236410732807286, 36.082174084067098 ], [ 14.236410732807286, 36.082102699919325 ], [ 14.236396456780779, 36.082074147258432 ], [ 14.236329262797524, 36.082019837715208 ], [ 14.236332211068298, 36.081959932155314 ], [ 14.236382179855976, 36.081917101993376 ], [ 14.236532086219015, 36.081859995074446 ], [ 14.236653437834114, 36.081859995074446 ], [ 14.236749945641721, 36.081879297159631 ], [ 14.23692410022921, 36.081810315070491 ], [ 14.23723720442824, 36.081628252797188 ], [ 14.237395829839405, 36.081510213928155 ], [ 14.237510044339565, 36.081453106713688 ], [ 14.237595704990122, 36.081424553816944 ], [ 14.23780985706564, 36.08147452228696 ], [ 14.237922970231294, 36.081485834103951 ], [ 14.238109333821802, 36.081355383294309 ], [ 14.238150555713576, 36.081294285858249 ], [ 14.238240141103583, 36.081261855323362 ], [ 14.23853400967743, 36.08120589864366 ], [ 14.239106005646386, 36.08100562676529 ], [ 14.239737220355503, 36.080832067797552 ], [ 14.240101276997432, 36.080789237747183 ], [ 14.240493889285629, 36.080782098919187 ], [ 14.240650932763605, 36.080753545778769 ], [ 14.241059780303912, 36.080772456817648 ], [ 14.241103886686032, 36.080784975359478 ], [ 14.241436154645008, 36.080753545778769 ], [ 14.241825321894103, 36.080586629962788 ], [ 14.242128577862653, 36.080503702272047 ], [ 14.242436947041814, 36.080562951903119 ], [ 14.242628264841114, 36.080532256229205 ], [ 14.242714344106583, 36.080559644931263 ], [ 14.243049036618524, 36.080450419674449 ], [ 14.243185856324512, 36.080438523270189 ], [ 14.243239394118794, 36.080420677208409 ], [ 14.243285669034041, 36.080360278920629 ], [ 14.243356371836793, 36.080309696262766 ], [ 14.243434919626932, 36.080294039822896 ], [ 14.243524929920065, 36.080319549690387 ], [ 14.243733131555144, 36.080266012137841 ], [ 14.243959180918322, 36.080152987973442 ], [ 14.244131691588825, 36.080099450307536 ], [ 14.245196039791974, 36.080144999652433 ], [ 14.245342797559951, 36.080126757120816 ], [ 14.245533587149891, 36.080032569193584 ], [ 14.245712047362534, 36.080018292125565 ], [ 14.246064356735488, 36.08003531497878 ], [ 14.24610791694194, 36.080060405294205 ], [ 14.246191768385508, 36.080047570820966 ], [ 14.24634636125937, 36.079974959229858 ], [ 14.246468048844385, 36.079813725741303 ], [ 14.24653201967242, 36.079674222351315 ], [ 14.246625095017318, 36.079663819973575 ], [ 14.246796415420098, 36.07997790902715 ], [ 14.2469732793265, 36.08011918988484 ], [ 14.247089089234608, 36.080184921647032 ], [ 14.247189025911634, 36.0801706453327 ], [ 14.247481699726176, 36.079920802151818 ], [ 14.247581637301534, 36.079749479824976 ], [ 14.247617329164378, 36.079571021090963 ], [ 14.247624467177646, 36.079356869349454 ], [ 14.247586419033786, 36.079166352676779 ], [ 14.247703654568252, 36.078926120319068 ], [ 14.247696516554981, 36.078826182286242 ], [ 14.247594541600574, 36.078770030024316 ], [ 14.247530410872452, 36.07868477277669 ], [ 14.247526054043329, 36.078649047181777 ], [ 14.247549165898953, 36.078624041361138 ], [ 14.247661274748085, 36.078569388201856 ] ] ] } },
{ "type": "Feature", "properties": { "LocalityId": 69, "LAU_Name": "Filfla", "LAU_Latin": "Filfla", "Region": "Punent (Western)", "Area_Km2": 0.03959, "Population": 0.0, "NUTS3": null, "LAU": null, "GREAT_CID": null, "GREAT_CIN": null, "FUA_ID": null, "FUA_Name": "Filfla", "Shape__Are": null, "Shape__Len": null }, "geometry": { "type": "MultiPolygon", "coordinates": [ [ [ [ 14.406427127874236, 35.786584021472308 ], [ 14.406452139586092, 35.786599499887835 ], [ 14.406468814066066, 35.786609818828659 ], [ 14.406491820755793, 35.786613344597995 ], [ 14.40650226450628, 35.786616808357124 ], [ 14.406512733624055, 35.786616860028737 ], [ 14.406529458846894, 35.786620354788027 ], [ 14.406510335402707, 35.786657794733429 ], [ 14.406535423250197, 35.786663036872113 ], [ 14.406562630290251, 35.786664877252377 ], [ 14.406591943838059, 35.786665021916072 ], [ 14.406619290370474, 35.78664809580706 ], [ 14.406644555747718, 35.78662945331638 ], [ 14.406646649571659, 35.786629463648318 ], [ 14.406654999507122, 35.786632917062327 ], [ 14.406663133883603, 35.786665373212436 ], [ 14.406707116885519, 35.786663884125204 ], [ 14.406736379720023, 35.786670852927081 ], [ 14.406751061851688, 35.78666751315194 ], [ 14.406767875840302, 35.78665906557471 ], [ 14.406784677147989, 35.786652324038457 ], [ 14.406805704132516, 35.786640485028073 ], [ 14.406828748876194, 35.786638892602973 ], [ 14.406843443674386, 35.786633846773071 ], [ 14.406908377572355, 35.786630754851558 ], [ 14.406929391858842, 35.78662062186266 ], [ 14.406960875257822, 35.786610540502643 ], [ 14.406973526912536, 35.786598660156443 ], [ 14.406986165890425, 35.786588485852334 ], [ 14.407015542774552, 35.786580100195181 ], [ 14.407038638184877, 35.786571683555799 ], [ 14.40708479097828, 35.786559968393966 ], [ 14.40710792438694, 35.786546433610617 ], [ 14.407126844804562, 35.786536290262738 ], [ 14.4071520846901, 35.786521059750683 ], [ 14.407164660287053, 35.786519415644968 ], [ 14.407179355042501, 35.786514369773492 ], [ 14.407223401293994, 35.786504350278761 ], [ 14.407233946404695, 35.786494165626138 ], [ 14.407259236925347, 35.786472110916918 ], [ 14.407282268945901, 35.786472224447856 ], [ 14.407305313632763, 35.786470631930875 ], [ 14.407320071699838, 35.786457055824016 ], [ 14.40734107322365, 35.786448628805573 ], [ 14.407349499162388, 35.786441845909941 ], [ 14.407360006253814, 35.786436779376736 ], [ 14.407376832794892, 35.78642662566935 ], [ 14.407393659331705, 35.786416471959562 ], [ 14.407406323555481, 35.786402885522918 ], [ 14.407421056265527, 35.786392721490515 ], [ 14.407433695154069, 35.786382547138167 ], [ 14.407444278211383, 35.786367244335516 ], [ 14.407444379516633, 35.786353595986263 ], [ 14.407444556800655, 35.786329711374961 ], [ 14.407442652931886, 35.786304110401993 ], [ 14.407434429629124, 35.78628359660572 ], [ 14.407417679107825, 35.78628351405974 ], [ 14.407384254051843, 35.786273112698836 ], [ 14.407361222088307, 35.786272999187894 ], [ 14.407346540053894, 35.786276339038714 ], [ 14.40732758172892, 35.786291600553348 ], [ 14.407323318103979, 35.78630181617519 ], [ 14.407319079809552, 35.786308619709558 ], [ 14.407279246643293, 35.786315247795265 ], [ 14.407272990529075, 35.786311804745431 ], [ 14.407249882551096, 35.786321927474781 ], [ 14.407239299462901, 35.786337230260109 ], [ 14.407230911529206, 35.786338895017387 ], [ 14.407182715742856, 35.786343775740328 ], [ 14.407165965209691, 35.786343693159168 ], [ 14.407142755852355, 35.786367464216177 ], [ 14.407125967304449, 35.78637249976007 ], [ 14.407090511787038, 35.78635355777638 ], [ 14.407090537128463, 35.786350145689283 ], [ 14.407073887962769, 35.786336414746884 ], [ 14.407071794146349, 35.786336404422471 ], [ 14.407050855982265, 35.786336301176362 ], [ 14.406971290959694, 35.786335908807878 ], [ 14.406929338587734, 35.786345938538062 ], [ 14.406916763013669, 35.786347582619399 ], [ 14.406910443540051, 35.786352669768348 ], [ 14.406889480022285, 35.786355978581085 ], [ 14.406845471840633, 35.786360879823683 ], [ 14.406839177713644, 35.786362554881876 ], [ 14.406832896262612, 35.786362523896251 ], [ 14.406803582824594, 35.786362379292349 ], [ 14.40678247984976, 35.786384454564306 ], [ 14.40675732868336, 35.786387742694821 ], [ 14.406734309367712, 35.786385923020106 ], [ 14.406719690680601, 35.78638073257671 ], [ 14.406694628267285, 35.786372078390116 ], [ 14.406661165231805, 35.78636679495915 ], [ 14.406654756980291, 35.786383824398314 ], [ 14.406650455224089, 35.786399158125469 ], [ 14.406621053008202, 35.786410955780696 ], [ 14.406581054874882, 35.786439762197837 ], [ 14.406572666917313, 35.786441426908887 ], [ 14.406564266277405, 35.786444797662753 ], [ 14.406539038988361, 35.786458322007434 ], [ 14.40651805006233, 35.786465042841634 ], [ 14.406494853161556, 35.786487107727609 ], [ 14.406475856573298, 35.786507487235362 ], [ 14.406465349417498, 35.786512553690613 ], [ 14.40645271038618, 35.786522727939584 ], [ 14.406427521108654, 35.786531134130406 ], [ 14.406423282725877, 35.786537937632097 ], [ 14.406419018972066, 35.786548153220231 ], [ 14.406416874409542, 35.786554967057505 ], [ 14.406414780587646, 35.786554956721595 ], [ 14.406410580258514, 35.786556642092961 ], [ 14.406399933550855, 35.786580475018376 ], [ 14.406402040058946, 35.786578779311277 ], [ 14.406427127874236, 35.786584021472308 ] ] ], [ [ [ 14.408253383806075, 35.786886472769588 ], [ 14.408252903253075, 35.786951302432051 ], [ 14.408252549160405, 35.786999071656531 ], [ 14.408189683543533, 35.787005586693958 ], [ 14.40814349270206, 35.787022420409151 ], [ 14.408172629318885, 35.787046449300398 ], [ 14.408210217180347, 35.787060283141912 ], [ 14.408172351064577, 35.787083982261386 ], [ 14.408109561270457, 35.787080260994145 ], [ 14.408076312889129, 35.787045975211697 ], [ 14.408076616488096, 35.787005030163783 ], [ 14.408118746155703, 35.78697111542472 ], [ 14.40803506872313, 35.786960466879265 ], [ 14.407984563690002, 35.786994340354298 ], [ 14.407992534170258, 35.78704897498524 ], [ 14.408021544239142, 35.787090064348952 ], [ 14.408079893364473, 35.78712788592096 ], [ 14.408150906764105, 35.78715212095149 ], [ 14.408188368194862, 35.787183015236579 ], [ 14.408163014459111, 35.787213600357148 ], [ 14.408137660703835, 35.787244185471998 ], [ 14.408162382048051, 35.787298902538382 ], [ 14.40818321928638, 35.787312653942266 ], [ 14.408157865506782, 35.787343239060704 ], [ 14.408115735656938, 35.787377153809665 ], [ 14.408102995498522, 35.787400976579917 ], [ 14.408102691908676, 35.787441921625337 ], [ 14.408127539778928, 35.787479578261987 ], [ 14.40812741328811, 35.787496638697476 ], [ 14.408114521321062, 35.787540933990719 ], [ 14.408147845814176, 35.787564983500694 ], [ 14.408227209726796, 35.787592671799111 ], [ 14.408268909677471, 35.787616762494082 ], [ 14.408310559072451, 35.787647677348964 ], [ 14.40833560941957, 35.787658037245954 ], [ 14.408415024063258, 35.787678901247205 ], [ 14.408427587176082, 35.78767896305478 ], [ 14.408494388183769, 35.787706589370707 ], [ 14.408548398592583, 35.787764862640977 ], [ 14.408606824293759, 35.787792447698536 ], [ 14.408657076818493, 35.787792694841507 ], [ 14.408686365516973, 35.78779625108578 ], [ 14.408694538744472, 35.787823588970319 ], [ 14.408669033341981, 35.787874646717583 ], [ 14.408672993579769, 35.787905376096319 ], [ 14.408764845355821, 35.787943362085926 ], [ 14.408823599758046, 35.787926589904991 ], [ 14.408865375865812, 35.787940444133305 ], [ 14.408923902864634, 35.787954380689008 ], [ 14.408944841460203, 35.787954483613007 ], [ 14.408974206018984, 35.787947803525739 ], [ 14.409007783552376, 35.787937731926178 ], [ 14.409049584958012, 35.787948174003404 ], [ 14.409145725707674, 35.787972531935011 ], [ 14.409195675315027, 35.788013723903433 ], [ 14.409271256317362, 35.787986797542786 ], [ 14.40926300712567, 35.787969695958765 ], [ 14.409284021474065, 35.787959562561134 ], [ 14.40934262430288, 35.787963262651118 ], [ 14.409392826452772, 35.787970333662813 ], [ 14.409447191090338, 35.787980837308282 ], [ 14.409468205418763, 35.787970703878251 ], [ 14.409489295463066, 35.787950334181531 ], [ 14.409518508541833, 35.787964126486962 ], [ 14.409560108131462, 35.788001865088944 ], [ 14.409597848101894, 35.787995225974868 ], [ 14.409623176310085, 35.787968052640601 ], [ 14.409644140145668, 35.787964743355111 ], [ 14.40972358067811, 35.787982194409388 ], [ 14.409744519283997, 35.787982297194183 ], [ 14.409769645611203, 35.787982420531108 ], [ 14.409798909205428, 35.787989388593303 ], [ 14.409849111414861, 35.787996459414998 ], [ 14.409861674580908, 35.787996521073225 ], [ 14.409853097337766, 35.788023776670784 ], [ 14.409856831015468, 35.788085214804653 ], [ 14.409927719708074, 35.788126509234367 ], [ 14.410007740488471, 35.788065482081144 ], [ 14.41002476878505, 35.788028031302424 ], [ 14.410061423976453, 35.788026505037863 ], [ 14.410067541659714, 35.788048714427944 ], [ 14.410067390365063, 35.788069186955767 ], [ 14.410082943046781, 35.788089736527738 ], [ 14.410109948953917, 35.788118872814003 ], [ 14.410127734193997, 35.788120666168389 ], [ 14.410146534851558, 35.788126729765835 ], [ 14.410148553078969, 35.788136976301061 ], [ 14.410140064162393, 35.788152289611396 ], [ 14.410133656501605, 35.788169319236637 ], [ 14.410165941240443, 35.78819251003528 ], [ 14.410200521546752, 35.788188414392053 ], [ 14.410219492389304, 35.788171446384297 ], [ 14.410242569027135, 35.788165588198893 ], [ 14.410261495742109, 35.788154591338355 ], [ 14.41029080985653, 35.788154735105536 ], [ 14.41031591733655, 35.788157417394878 ], [ 14.410353606913976, 35.788157602220025 ], [ 14.410359888510245, 35.788157633023062 ], [ 14.410394506595086, 35.788148419191629 ], [ 14.410423921510416, 35.788134914573803 ], [ 14.410466201988267, 35.788080526485636 ], [ 14.41044528225363, 35.788077864760133 ], [ 14.4104360110687, 35.788057346033099 ], [ 14.410408822353562, 35.788052947458233 ], [ 14.410398832402946, 35.788058869845081 ], [ 14.410380977863412, 35.788066459773241 ], [ 14.410358992301536, 35.788066351965242 ], [ 14.410309811726034, 35.788062698578017 ], [ 14.41034455579473, 35.788036424319813 ], [ 14.410380245961894, 35.788023803537548 ], [ 14.410408538299111, 35.78802053005375 ], [ 14.410451456167372, 35.788021593536413 ], [ 14.410499589793885, 35.788025241732974 ], [ 14.410523499132267, 35.788048391375689 ], [ 14.410587280063679, 35.788059793720556 ], [ 14.410658509190178, 35.788055024530841 ], [ 14.410696223910481, 35.788051797159788 ], [ 14.410719243807128, 35.788053616080944 ], [ 14.410754852068623, 35.788052084474309 ], [ 14.410805255881632, 35.788031858190578 ], [ 14.410803376085774, 35.788002845178973 ], [ 14.410824440617963, 35.787985887333448 ], [ 14.410866343021651, 35.78798268042754 ], [ 14.410906189330989, 35.787974345116183 ], [ 14.410923028344552, 35.787962484869659 ], [ 14.410921072969606, 35.787943708124843 ], [ 14.410943979538903, 35.78796088140129 ], [ 14.410964767079777, 35.787981456504923 ], [ 14.41098160608626, 35.787969596250129 ], [ 14.410996338639345, 35.787959431780742 ], [ 14.410998659082663, 35.787928733239795 ], [ 14.411021704126444, 35.787927140014204 ], [ 14.411034128825358, 35.78794596803727 ], [ 14.411027671022527, 35.787969821889909 ], [ 14.411025426113257, 35.787990284165545 ], [ 14.411025275064583, 35.788010756697084 ], [ 14.411037762712761, 35.788021054498209 ], [ 14.411052444921111, 35.788017714199235 ], [ 14.411067139714762, 35.788012667854161 ], [ 14.411076713128805, 35.787992241470803 ], [ 14.411075729129669, 35.787983706121686 ], [ 14.411105024307115, 35.787986408756261 ], [ 14.411120860412314, 35.787968572199347 ], [ 14.411131373763975, 35.787962652315365 ], [ 14.411136658755451, 35.787955853773241 ], [ 14.411147272782333, 35.78793628553305 ], [ 14.41115261440155, 35.787921809790582 ], [ 14.411153730546664, 35.787912431673504 ], [ 14.411164218719714, 35.787909923875183 ], [ 14.411173578165357, 35.787918500237687 ], [ 14.411182931321017, 35.787927929621574 ], [ 14.411197556879827, 35.787932266504292 ], [ 14.411220589338013, 35.787932379284911 ], [ 14.411233196537287, 35.787926469644432 ], [ 14.411239547321635, 35.787917117157264 ], [ 14.41125009211417, 35.787906932151728 ], [ 14.411263821730239, 35.787890791367602 ], [ 14.411269106705678, 35.787883992819417 ], [ 14.411269138160989, 35.787879727708422 ], [ 14.411250375221124, 35.787868546152829 ], [ 14.411232652924024, 35.787858222742699 ], [ 14.411223274604307, 35.787852205451358 ], [ 14.411229606509345, 35.787845412031139 ], [ 14.411234891484616, 35.787838613484446 ], [ 14.411235957287525, 35.787836059543977 ], [ 14.411253748783578, 35.787836999709334 ], [ 14.411284128587972, 35.787834589292622 ], [ 14.411310301804308, 35.787834717432943 ], [ 14.41133235650029, 35.787825441821987 ], [ 14.411351282986258, 35.787814444787116 ], [ 14.41136919398865, 35.787799177513087 ], [ 14.411376616834474, 35.787786418054267 ], [ 14.411390201739973, 35.787789896766334 ], [ 14.411401598446004, 35.787806160560983 ], [ 14.411401441205188, 35.787827486116775 ], [ 14.411404462488434, 35.787843708913208 ], [ 14.411414699064851, 35.787875321981936 ], [ 14.411430340109625, 35.787883929072073 ], [ 14.411443022756409, 35.787867783142595 ], [ 14.411444208047637, 35.787849021777852 ], [ 14.41145364298564, 35.787847361851995 ], [ 14.411464074540318, 35.787852531227493 ], [ 14.411492341621235, 35.787852669576552 ], [ 14.411534344542922, 35.787835814080935 ], [ 14.411542782853905, 35.787827324846532 ], [ 14.411545077930285, 35.78780003838137 ], [ 14.41153894727662, 35.787779535106353 ], [ 14.411513934196863, 35.787764057739132 ], [ 14.411503464919193, 35.78776400650149 ], [ 14.411514034811537, 35.78775040938303 ], [ 14.411522573728641, 35.787728271793647 ], [ 14.411533168765747, 35.787711262584281 ], [ 14.411549919599057, 35.787711344559781 ], [ 14.411572838814942, 35.787726811673217 ], [ 14.411596022116186, 35.787706451846795 ], [ 14.411598266870321, 35.787685989558092 ], [ 14.411594230064283, 35.787665496531389 ], [ 14.411571260559379, 35.787656853600268 ], [ 14.411586018130604, 35.787643276967714 ], [ 14.411606956654621, 35.787643379427372 ], [ 14.411627895178739, 35.7876434818834 ], [ 14.411634327626482, 35.787623040084462 ], [ 14.411646815294191, 35.787633337823195 ], [ 14.411659101786162, 35.787670932273983 ], [ 14.411690572448615, 35.787662555720175 ], [ 14.411711812719439, 35.787621713091127 ], [ 14.411711900727225, 35.787609770778829 ], [ 14.411668055579309, 35.7875924952018 ], [ 14.411636685535408, 35.787587223393274 ], [ 14.411636786128442, 35.787573575036468 ], [ 14.411632711595159, 35.787558200144474 ], [ 14.411635006631776, 35.78753091367598 ], [ 14.41163718849991, 35.787518981608905 ], [ 14.411633151691696, 35.787498488582941 ], [ 14.411643683804501, 35.787490009585817 ], [ 14.411671016993933, 35.787474788367362 ], [ 14.411675254982985, 35.787467984677981 ], [ 14.411685824806369, 35.787454387543079 ], [ 14.411694288206169, 35.787442486207659 ], [ 14.411700670329269, 35.787428868582822 ], [ 14.411700783483466, 35.787413514180827 ], [ 14.411700846346866, 35.787404983957501 ], [ 14.411692571544947, 35.787391294623468 ], [ 14.411690628573766, 35.787370811843132 ], [ 14.411690754302525, 35.787353751396338 ], [ 14.411692948729938, 35.787340113283086 ], [ 14.411695193447612, 35.787319650991002 ], [ 14.411697425591363, 35.787300894743467 ], [ 14.411685063698053, 35.787273536562886 ], [ 14.411649568961383, 35.787259714046371 ], [ 14.411630724380188, 35.787259621840377 ], [ 14.41160988655316, 35.787245871028333 ], [ 14.411589199633108, 35.787211647676401 ], [ 14.411585024526023, 35.787209921139656 ], [ 14.411562042576973, 35.787202984252062 ], [ 14.411545291850292, 35.787202902279219 ], [ 14.411526359248652, 35.787214752369685 ], [ 14.41151997711359, 35.787228369985634 ], [ 14.4115263969776, 35.787209634235687 ], [ 14.411509646249636, 35.787209552257877 ], [ 14.411480407939642, 35.787199172523152 ], [ 14.411478314098932, 35.78719916227525 ], [ 14.411497196396148, 35.787194136371014 ], [ 14.411497347319269, 35.787173663834942 ], [ 14.411484910050849, 35.787156541902078 ], [ 14.411484947782379, 35.787151423768059 ], [ 14.411489173192548, 35.78714632612953 ], [ 14.41149127960891, 35.787144630332548 ], [ 14.411489311540389, 35.787127559638009 ], [ 14.411487242855788, 35.787124137300914 ], [ 14.411474717555487, 35.787118957679773 ], [ 14.411453779169518, 35.787118855198386 ], [ 14.411451723064534, 35.787113726816024 ], [ 14.411460274505908, 35.787089883183576 ], [ 14.411445730842932, 35.787074457043097 ], [ 14.411433230709624, 35.787065865328323 ], [ 14.411418661899145, 35.787053851273981 ], [ 14.411404005041053, 35.787053779530673 ], [ 14.411387204029277, 35.787060521714807 ], [ 14.411364083763914, 35.787072351281104 ], [ 14.411355658094958, 35.787079134459958 ], [ 14.411351420099944, 35.787085938138461 ], [ 14.411344924724474, 35.787114910147032 ], [ 14.411336448728026, 35.787128517503 ], [ 14.41131123459634, 35.787140336808335 ], [ 14.4112987093052, 35.787135157168947 ], [ 14.4113177677284, 35.787106246667946 ], [ 14.411326218564513, 35.787096051402536 ], [ 14.411328488529312, 35.787072177027987 ], [ 14.411315963247658, 35.787066997390447 ], [ 14.411299187388041, 35.787070327472875 ], [ 14.411286561457603, 35.78707879618937 ], [ 14.411273935524491, 35.787087264904549 ], [ 14.411259190586847, 35.787099135455911 ], [ 14.411255040657037, 35.787093996818562 ], [ 14.411255191641702, 35.787073524283066 ], [ 14.411259417062235, 35.787068426652617 ], [ 14.411282600248947, 35.787048066883365 ], [ 14.411299489334315, 35.787029382401307 ], [ 14.411297596796016, 35.78700207543578 ], [ 14.411283015436272, 35.786991767409852 ], [ 14.411278840347393, 35.786990040862591 ], [ 14.411253714325699, 35.786989917843925 ], [ 14.411247432820298, 35.786989887088424 ], [ 14.411228525391246, 35.786998325043228 ], [ 14.411224237059134, 35.787011952895824 ], [ 14.411215874299202, 35.787010205841725 ], [ 14.411224501295228, 35.78697612595834 ], [ 14.411230845712133, 35.786967626491773 ], [ 14.411216339864296, 35.786947082189911 ], [ 14.411205883277368, 35.78694532488273 ], [ 14.411186887770457, 35.786965705143587 ], [ 14.411180455263844, 35.786986146920214 ], [ 14.411176292761221, 35.7869827143248 ], [ 14.411172168010289, 35.786974163595332 ], [ 14.411149223918615, 35.786962108495658 ], [ 14.411109390725395, 35.786968737849371 ], [ 14.411098971894136, 35.786961862399075 ], [ 14.411071802391456, 35.786954904909571 ], [ 14.411065583819241, 35.786946343921578 ], [ 14.411051040258974, 35.786930917733955 ], [ 14.41103854019099, 35.786922325978558 ], [ 14.411036521877612, 35.786912079455398 ], [ 14.411036748437095, 35.786881370652388 ], [ 14.411028436042299, 35.786872799406922 ], [ 14.411032648879683, 35.786869407828952 ], [ 14.411045350321844, 35.786850702870986 ], [ 14.411034994444677, 35.786835297192063 ], [ 14.411014056134757, 35.786835194634797 ], [ 14.410988829461935, 35.786848719918169 ], [ 14.41100576892169, 35.786823211298483 ], [ 14.411003750614855, 35.786812964774711 ], [ 14.410989144152536, 35.786806068802733 ], [ 14.410974499928994, 35.78680429096287 ], [ 14.410980869533974, 35.786792379420142 ], [ 14.410980945060647, 35.786782143152379 ], [ 14.4109789645214, 35.786766778494233 ], [ 14.410972720797695, 35.786761629590657 ], [ 14.4109329380461, 35.78676143470846 ], [ 14.410909931105495, 35.786757909786687 ], [ 14.410893256011981, 35.786747591456276 ], [ 14.410893381908259, 35.786730531010143 ], [ 14.410851568297124, 35.786721795620146 ], [ 14.410834666583039, 35.786742186084453 ], [ 14.410826530499104, 35.786709730200798 ], [ 14.410816099134781, 35.786704560770808 ], [ 14.410797305054102, 35.786697644257103 ], [ 14.410765910237096, 35.786695784313657 ], [ 14.410747053199277, 35.786697398014987 ], [ 14.410730264801856, 35.786702434063351 ], [ 14.410711395168326, 35.786705753803638 ], [ 14.4107011401241, 35.786676699739807 ], [ 14.410692777411144, 35.786674952649676 ], [ 14.410682333466058, 35.786671489252768 ], [ 14.410671813955908, 35.786678262122336 ], [ 14.410667601113577, 35.786681653687729 ], [ 14.410667563330302, 35.786686771821373 ], [ 14.410646574681214, 35.786693493378721 ], [ 14.410627755427635, 35.786689988927677 ], [ 14.410608961367107, 35.786683072384683 ], [ 14.410598504828801, 35.786681315025056 ], [ 14.410569191253794, 35.786681171337989 ], [ 14.410552566608395, 35.786664028782596 ], [ 14.410552579205268, 35.786662322738081 ], [ 14.410552654786493, 35.786652086470866 ], [ 14.410548555313147, 35.786640123631294 ], [ 14.410546574860355, 35.786624758966468 ], [ 14.41056335065597, 35.78662142898817 ], [ 14.410573857571228, 35.78661636217263 ], [ 14.410582384026112, 35.78659593069176 ], [ 14.410567891008959, 35.786573680268063 ], [ 14.410561634730364, 35.786570237387949 ], [ 14.41051780300268, 35.786551255351739 ], [ 14.41050322182649, 35.786540947232197 ], [ 14.410473996492989, 35.78652886121057 ], [ 14.410444771168411, 35.786516775181944 ], [ 14.410394620232058, 35.786502880437396 ], [ 14.410359025257579, 35.786502705899728 ], [ 14.410335766389553, 35.786533301759029 ], [ 14.410387998557203, 35.786548912839379 ], [ 14.410387885154115, 35.786564267239974 ], [ 14.410389915976234, 35.786572807729215 ], [ 14.410400284294884, 35.78658650741837 ], [ 14.41039187119714, 35.78659158448545 ], [ 14.410389777372778, 35.78659157421874 ], [ 14.410381339072828, 35.786600063374067 ], [ 14.410366657099154, 35.786603403594079 ], [ 14.41034361242661, 35.786604996697989 ], [ 14.41033942477722, 35.786604976162842 ], [ 14.410326861829077, 35.786604914556619 ], [ 14.410308004804854, 35.786606528189232 ], [ 14.410291241604673, 35.786608152087354 ], [ 14.410272346770531, 35.786614883847761 ], [ 14.410263946264781, 35.786618254861303 ], [ 14.410253414123488, 35.786626733738501 ], [ 14.410245190063643, 35.786606220128434 ], [ 14.410230545894557, 35.786604442198431 ], [ 14.410203439613092, 35.786588954291936 ], [ 14.410190889272346, 35.78658718662706 ], [ 14.410165612121029, 35.786607535915401 ], [ 14.410155004338744, 35.786626251050421 ], [ 14.410146553404809, 35.786636446233352 ], [ 14.410123307022287, 35.78666533600537 ], [ 14.410117000331336, 35.786668717279845 ], [ 14.410110693639854, 35.786672098554 ], [ 14.410110542363924, 35.786692571086675 ], [ 14.410095847755668, 35.786697617317671 ], [ 14.410083259579652, 35.786700967774586 ], [ 14.410045621122652, 35.786693958693732 ], [ 14.410035177203969, 35.786690495240862 ], [ 14.410033095985137, 35.786688778923555 ], [ 14.410016383195989, 35.786683578605697 ], [ 14.409993351103083, 35.786683465597811 ], [ 14.410024733286201, 35.786687031787082 ], [ 14.409972400227634, 35.786685068903886 ], [ 14.409955624395135, 35.786688398799321 ], [ 14.40989902801935, 35.78669665160146 ], [ 14.409892746538555, 35.78669662077543 ], [ 14.409867620615486, 35.786696497468 ], [ 14.409855032430411, 35.786699847900948 ], [ 14.409840262132402, 35.786715130366339 ], [ 14.40981289102386, 35.786735469302513 ], [ 14.409804515712198, 35.786735428195016 ], [ 14.409792066263151, 35.786720012134218 ], [ 14.409783728793128, 35.786714852892459 ], [ 14.409777510378333, 35.786706291838989 ], [ 14.409750315853692, 35.78670274614106 ], [ 14.409725189929333, 35.786702622803858 ], [ 14.409704251659157, 35.786702520018864 ], [ 14.409685369369811, 35.786707545641981 ], [ 14.40970200645128, 35.786722982271229 ], [ 14.409704087663794, 35.78672469859417 ], [ 14.409716511866884, 35.786743526752417 ], [ 14.409714304505341, 35.786758870872141 ], [ 14.409710091618512, 35.786762262403506 ], [ 14.40966619691369, 35.78675181027959 ], [ 14.409653697024579, 35.786743218381631 ], [ 14.409643316198668, 35.786731224673723 ], [ 14.409651767206572, 35.786721029527016 ], [ 14.409651792438874, 35.786717617438548 ], [ 14.409641399000154, 35.786707329774671 ], [ 14.409601691988446, 35.78669689818696 ], [ 14.409580778955544, 35.786693383292011 ], [ 14.409568266466893, 35.7866864974295 ], [ 14.409553672772279, 35.786677895240175 ], [ 14.409541223380863, 35.786662479153797 ], [ 14.409533024738478, 35.786638553408359 ], [ 14.409520524881458, 35.786629961496715 ], [ 14.409518506770146, 35.786619714949516 ], [ 14.409514420072904, 35.786606046031842 ], [ 14.409510270281448, 35.786600907335178 ], [ 14.409497745193981, 35.786595727509642 ], [ 14.409487313932145, 35.786590557965248 ], [ 14.409472682404045, 35.786587073898893 ], [ 14.409453863229649, 35.78658356926482 ], [ 14.409420362049008, 35.786583404731935 ], [ 14.409403573594615, 35.786588440594599 ], [ 14.409372077881649, 35.786600228641426 ], [ 14.409338475712181, 35.78661371243907 ], [ 14.409328006589464, 35.786613661013462 ], [ 14.40930492402553, 35.786620372050571 ], [ 14.40930271658873, 35.786635716162309 ], [ 14.409302501987872, 35.786664718912839 ], [ 14.409300345043823, 35.786673238847861 ], [ 14.40928563776539, 35.786679991023576 ], [ 14.409258354901347, 35.786688387523533 ], [ 14.40924994172129, 35.786693464509838 ], [ 14.409233090107794, 35.786707030568842 ], [ 14.409203751279119, 35.78671029863704 ], [ 14.409193282143994, 35.786710247199579 ], [ 14.409180744434302, 35.786706773385248 ], [ 14.409168118340357, 35.786715241878255 ], [ 14.409155517497251, 35.786720298281722 ], [ 14.409124135343145, 35.78671673186583 ], [ 14.409124185852837, 35.786709907689513 ], [ 14.409109655341236, 35.786692775226427 ], [ 14.40910134317461, 35.786684203849603 ], [ 14.409097180777971, 35.786680771183001 ], [ 14.409074161318172, 35.786678951955018 ], [ 14.409067879839702, 35.786678921085908 ], [ 14.409068145040267, 35.786643094160361 ], [ 14.409057701171829, 35.786639630623036 ], [ 14.409049376387305, 35.786632765286754 ], [ 14.409038945150257, 35.786627595703713 ], [ 14.409028488655716, 35.786625838207961 ], [ 14.409001205784051, 35.78663423464959 ], [ 14.408978009512936, 35.786656300020049 ], [ 14.408965332882669, 35.786671592667858 ], [ 14.408950511896707, 35.786693699198565 ], [ 14.408933660232883, 35.786707265215128 ], [ 14.408900057945797, 35.786720748888882 ], [ 14.408889588809876, 35.786720697424975 ], [ 14.408881213501157, 35.786720656253202 ], [ 14.408843373010981, 35.786740943500789 ], [ 14.408864184958052, 35.786758106875624 ], [ 14.408855746479544, 35.786766595921932 ], [ 14.408815938472591, 35.786769812427295 ], [ 14.408799225748263, 35.786764611940903 ], [ 14.40879508862958, 35.786757767176084 ], [ 14.408786864932889, 35.786737253470129 ], [ 14.408784796374682, 35.786733831087524 ], [ 14.408795467663364, 35.786706585857011 ], [ 14.408776648492109, 35.786703081117025 ], [ 14.408774554665436, 35.786703070822178 ], [ 14.408741167159159, 35.786687551703906 ], [ 14.408728642109226, 35.786682371798669 ], [ 14.408720405801141, 35.786663564132112 ], [ 14.408714212777396, 35.786651590936778 ], [ 14.408708007119207, 35.786641323785105 ], [ 14.408693451436744, 35.786627603360373 ], [ 14.408689301697438, 35.786622464635883 ], [ 14.408668388726436, 35.786618949582781 ], [ 14.408660013428726, 35.786618908395681 ], [ 14.408620243402991, 35.786617006705129 ], [ 14.408572098082161, 35.786615063808171 ], [ 14.408563432079596, 35.786654261624676 ], [ 14.408571706267244, 35.786667951169896 ], [ 14.408588254650974, 35.786695330258603 ], [ 14.408606985342422, 35.786710777335394 ], [ 14.408621389366731, 35.786744970297356 ], [ 14.408623420003751, 35.786753510814457 ], [ 14.40863061570265, 35.786771460316587 ], [ 14.40862312300712, 35.786793602846203 ], [ 14.408601099886839, 35.786798612851804 ], [ 14.408574901744574, 35.786801896212772 ], [ 14.408542447392223, 35.786801736583627 ], [ 14.408516521016262, 35.786768339988647 ], [ 14.408522846742176, 35.786762399733043 ], [ 14.408523944217327, 35.786755580707172 ], [ 14.408493684839351, 35.786741783013277 ], [ 14.408480074960075, 35.786741716064007 ], [ 14.408465373921752, 35.786747615116568 ], [ 14.40846432700789, 35.786747609966426 ], [ 14.408442398705846, 35.786739824614095 ], [ 14.408476089565411, 35.786714398761951 ], [ 14.408483430600544, 35.786712728768116 ], [ 14.408497072076948, 35.786708530607235 ], [ 14.408502338245505, 35.786704291246693 ], [ 14.408493061396165, 35.786684625393384 ], [ 14.408492027124039, 35.786682914199581 ], [ 14.40847852470503, 35.786668345877182 ], [ 14.408468093501035, 35.786663176244964 ], [ 14.408456596423227, 35.786660560527508 ], [ 14.408430429926417, 35.786659578747759 ], [ 14.408423120501073, 35.786656983628738 ], [ 14.408407416811098, 35.786656906370375 ], [ 14.408366473425128, 35.78667205988372 ], [ 14.408325492090338, 35.786692331514459 ], [ 14.408345288609068, 35.786705224717139 ], [ 14.408345238032807, 35.78671204889249 ], [ 14.408343988813858, 35.786739340442615 ], [ 14.408343976169753, 35.786741046486434 ], [ 14.408346051031167, 35.786743615854554 ], [ 14.408371132709815, 35.786749710633451 ], [ 14.408375307721865, 35.786751437281033 ], [ 14.408388784849386, 35.786769417702459 ], [ 14.408393924597148, 35.786782238785101 ], [ 14.408392814467421, 35.786790763853489 ], [ 14.408375149678742, 35.78677276282891 ], [ 14.40837310010264, 35.78676678137365 ], [ 14.408367903462979, 35.786761637487366 ], [ 14.40835539107014, 35.786754751499615 ], [ 14.408349128552533, 35.786752161527161 ], [ 14.408339718971636, 35.786750409122654 ], [ 14.408326109091265, 35.786750342155933 ], [ 14.408310367448706, 35.786755383016157 ], [ 14.408286124038645, 35.786777443099048 ], [ 14.408282844196208, 35.786796194125671 ], [ 14.408296352923061, 35.786809909447726 ], [ 14.408304702950295, 35.786813362747921 ], [ 14.408315096228701, 35.786823650525662 ], [ 14.408315089906319, 35.78682450354755 ], [ 14.408320235967949, 35.786836471611267 ], [ 14.408325407320209, 35.786845027587127 ], [ 14.408341060470079, 35.786851929031734 ], [ 14.40827871211067, 35.78685929971455 ], [ 14.408253383806075, 35.786886472769588 ] ] ] ] } }
]
}
